2026-09-29 07:31:15,477 [INFO] pipeline.job.45: === 开始处理 E:\WorkBuddy\video-transfer-tools\video_pipeline\input\剧集\S01E04_seg30min.mp4 ===
2026-09-29 07:31:15,528 [INFO] pipeline.job.45: VALIDATING 完成 profile=legacy
2026-09-29 07:31:15,529 [INFO] pipeline.job.45: 自动档位：2x（仅超分） —— 档位=中档：仅 2x 超分，不做压缩伪影修复
2026-09-29 07:31:15,529 [INFO] pipeline.job.45: 耗时预估：完整档 6.52h / 快速档 0.67h / 单文件预算 12.00h
2026-09-29 07:31:15,531 [INFO] pipeline.job.45: RVE 参数：超分 2x，压缩修复 关，timeout 4.0h

===== 2026-09-29 08:18:28 rc=0 (2832.6s) =====
$ E:\WorkBuddy\video-transfer-tools\video_pipeline\.venv-rve\Scripts\python.exe E:\WorkBuddy\video-transfer-tools\video_pipeline\tools\backend\rve-backend.py -i E:\WorkBuddy\video-transfer-tools\video_pipeline\input\剧集\S01E04_seg30min.mp4 -o E:\WorkBuddy\video-transfer-tools\video_pipeline\work\current\video_ai.mp4 --upscale_model E:\WorkBuddy\video-transfer-tools\video_pipeline\tools\models\2x_OpenProteus_Compact_i2_70K.pth --device cuda --backend pytorch --precision auto --pytorch_gpu_id 0 --tilesize 512 --ffmpeg_path E:\WorkBuddy\video-transfer-tools\video_pipeline\.tools\ffmpeg\ffmpeg.exe --overwrite --crf 16 --video_encoder_preset libx264 --audio_encoder_preset aac --custom_encoder -c:v libx264 -threads 6 -crf 16 -b:a 192k -c:a aac -c:s copy
Duration: 1803.92 seconds
Total Frames: 45098
Resolution: 712x400
FPS: 25.0
Color Space: None
Color Transfer: None
Color Primaries: None
Pixel Format: yuv420p
Video Codec: h264
Video Bitrate: 703 kbps
Is HDR: False
Bit Depth: 8
Initialized Frame PyTorch utils


FPS: 10 Current Frame: 5 ETA: 1:15:25
                                     
FPS: 13 Current Frame: 13 ETA: 0:57:56
                                      
FPS: 14 Current Frame: 21 ETA: 0:53:45
                                      
FPS: 15 Current Frame: 30 ETA: 0:50:08
                                      
FPS: 15 Current Frame: 38 ETA: 0:49:28
                                      
FPS: 15 Current Frame: 46 ETA: 0:49:01
                                      
FPS: 15 Current Frame: 54 ETA: 0:48:43
                                      
FPS: 15 Current Frame: 62 ETA: 0:48:29
                                      
FPS: 16 Current Frame: 70 ETA: 0:48:18
                                      
FPS: 16 Current Frame: 78 ETA: 0:48:09
                                      
FPS: 16 Current Frame: 86 ETA: 0:48:01
                                      
FPS: 16 Current Frame: 94 ETA: 0:47:55
                                      
FPS: 16 Current Frame: 102 ETA: 0:47:50
                                       
FPS: 16 Current Frame: 110 ETA: 0:47:45
                                       
FPS: 16 Current Frame: 118 ETA: 0:47:41
                                       
FPS: 16 Current Frame: 126 ETA: 0:47:38
                                       
FPS: 16 Current Frame: 134 ETA: 0:47:35
                                       
FPS: 16 Current Frame: 142 ETA: 0:47:32
                                       
FPS: 16 Current Frame: 149 ETA: 0:47:48
                                       
FPS: 16 Current Frame: 157 ETA: 0:47:45
                                       
FPS: 16 Current Frame: 165 ETA: 0:47:42
                                       
FPS: 16 Current Frame: 173 ETA: 0:47:39
                                       
FPS: 16 Current Frame: 181 ETA: 0:47:36
                                       
FPS: 16 Current Frame: 189 ETA: 0:47:34
                                       
FPS: 16 Current Frame: 196 ETA: 0:47:46
                                       
FPS: 16 Current Frame: 204 ETA: 0:47:43
                                       
FPS: 16 Current Frame: 212 ETA: 0:47:41
                                       
FPS: 16 Current Frame: 220 ETA: 0:47:38
                                       
FPS: 16 Current Frame: 228 ETA: 0:47:36
                                       
FPS: 16 Current Frame: 236 ETA: 0:47:34
                                       
FPS: 16 Current Frame: 243 ETA: 0:47:43
                                       
FPS: 16 Current Frame: 251 ETA: 0:47:41
                                       
FPS: 16 Current Frame: 259 ETA: 0:47:39
                                       
FPS: 16 Current Frame: 267 ETA: 0:47:37
                                       
FPS: 16 Current Frame: 275 ETA: 0:47:35
                                       
FPS: 16 Current Frame: 282 ETA: 0:47:43
                                       
FPS: 16 Current Frame: 290 ETA: 0:47:41
                                       
FPS: 16 Current Frame: 298 ETA: 0:47:39
                                       
FPS: 16 Current Frame: 306 ETA: 0:47:37
                                       
FPS: 16 Current Frame: 314 ETA: 0:47:35
                                       
FPS: 16 Current Frame: 321 ETA: 0:47:42
                                       
FPS: 16 Current Frame: 329 ETA: 0:47:40
                                       
FPS: 16 Current Frame: 337 ETA: 0:47:38
                                       
FPS: 16 Current Frame: 345 ETA: 0:47:36
                                       
FPS: 16 Current Frame: 353 ETA: 0:47:35
                                       
FPS: 16 Current Frame: 361 ETA: 0:47:33
                                       
FPS: 16 Current Frame: 369 ETA: 0:47:31
                                       
FPS: 16 Current Frame: 376 ETA: 0:47:37
                                       
FPS: 16 Current Frame: 384 ETA: 0:47:35
                                       
FPS: 16 Current Frame: 392 ETA: 0:47:34
                                       
FPS: 16 Current Frame: 400 ETA: 0:47:32
                                       
FPS: 16 Current Frame: 408 ETA: 0:47:30
                                       
FPS: 16 Current Frame: 416 ETA: 0:47:29
                                       
FPS: 16 Current Frame: 424 ETA: 0:47:27
                                       
FPS: 16 Current Frame: 432 ETA: 0:47:26
                                       
FPS: 16 Current Frame: 440 ETA: 0:47:24
                                       
FPS: 16 Current Frame: 448 ETA: 0:47:23
                                       
FPS: 16 Current Frame: 456 ETA: 0:47:22
                                       
FPS: 16 Current Frame: 464 ETA: 0:47:20
                                       
FPS: 16 Current Frame: 472 ETA: 0:47:19
                                       
FPS: 16 Current Frame: 480 ETA: 0:47:18
                                       
FPS: 16 Current Frame: 488 ETA: 0:47:16
                                       
FPS: 16 Current Frame: 496 ETA: 0:47:15
                                       
FPS: 16 Current Frame: 504 ETA: 0:47:14
                                       
FPS: 16 Current Frame: 512 ETA: 0:47:13
                                       
FPS: 16 Current Frame: 521 ETA: 0:47:06
                                       
FPS: 16 Current Frame: 529 ETA: 0:47:05
                                       
FPS: 16 Current Frame: 537 ETA: 0:47:04
                                       
FPS: 16 Current Frame: 545 ETA: 0:47:03
                                       
FPS: 16 Current Frame: 553 ETA: 0:47:02
                                       
FPS: 16 Current Frame: 561 ETA: 0:47:01
                                       
FPS: 16 Current Frame: 570 ETA: 0:46:55
                                       
FPS: 16 Current Frame: 578 ETA: 0:46:54
                                       
FPS: 16 Current Frame: 586 ETA: 0:46:53
                                       
FPS: 16 Current Frame: 594 ETA: 0:46:52
                                       
FPS: 16 Current Frame: 602 ETA: 0:46:51
                                       
FPS: 16 Current Frame: 611 ETA: 0:46:46
                                       
FPS: 16 Current Frame: 619 ETA: 0:46:45
                                       
FPS: 16 Current Frame: 627 ETA: 0:46:44
                                       
FPS: 16 Current Frame: 635 ETA: 0:46:43
                                       
FPS: 16 Current Frame: 643 ETA: 0:46:42
                                       
FPS: 16 Current Frame: 652 ETA: 0:46:37
                                       
FPS: 16 Current Frame: 660 ETA: 0:46:37
                                       
FPS: 16 Current Frame: 668 ETA: 0:46:36
                                       
FPS: 16 Current Frame: 676 ETA: 0:46:35
                                       
FPS: 16 Current Frame: 685 ETA: 0:46:30
                                       
FPS: 16 Current Frame: 693 ETA: 0:46:30
                                       
FPS: 16 Current Frame: 701 ETA: 0:46:29
                                       
FPS: 16 Current Frame: 709 ETA: 0:46:28
                                       
FPS: 16 Current Frame: 717 ETA: 0:46:28
                                       
FPS: 16 Current Frame: 726 ETA: 0:46:23
                                       
FPS: 16 Current Frame: 734 ETA: 0:46:23
                                       
FPS: 16 Current Frame: 742 ETA: 0:46:22
                                       
FPS: 16 Current Frame: 750 ETA: 0:46:22
                                       
FPS: 16 Current Frame: 758 ETA: 0:46:21
                                       
FPS: 16 Current Frame: 767 ETA: 0:46:17
                                       
FPS: 16 Current Frame: 775 ETA: 0:46:16
                                       
FPS: 16 Current Frame: 783 ETA: 0:46:16
                                       
FPS: 16 Current Frame: 791 ETA: 0:46:15
                                       
FPS: 16 Current Frame: 799 ETA: 0:46:15
                                       
FPS: 16 Current Frame: 807 ETA: 0:46:14
                                       
FPS: 16 Current Frame: 816 ETA: 0:46:10
                                       
FPS: 16 Current Frame: 824 ETA: 0:46:10
                                       
FPS: 16 Current Frame: 832 ETA: 0:46:09
                                       
FPS: 16 Current Frame: 840 ETA: 0:46:09
                                       
FPS: 16 Current Frame: 849 ETA: 0:46:05
                                       
FPS: 16 Current Frame: 857 ETA: 0:46:04
                                       
FPS: 16 Current Frame: 865 ETA: 0:46:04
                                       
FPS: 16 Current Frame: 873 ETA: 0:46:03
                                       
FPS: 16 Current Frame: 882 ETA: 0:46:00
                                       
FPS: 16 Current Frame: 890 ETA: 0:45:59
                                       
FPS: 16 Current Frame: 898 ETA: 0:45:59
                                       
FPS: 16 Current Frame: 907 ETA: 0:45:55
                                       
FPS: 16 Current Frame: 915 ETA: 0:45:55
                                       
FPS: 16 Current Frame: 923 ETA: 0:45:54
                                       
FPS: 16 Current Frame: 931 ETA: 0:45:54
                                       
FPS: 16 Current Frame: 939 ETA: 0:45:54
                                       
FPS: 16 Current Frame: 948 ETA: 0:45:50
                                       
FPS: 16 Current Frame: 956 ETA: 0:45:50
                                       
FPS: 16 Current Frame: 964 ETA: 0:45:49
                                       
FPS: 16 Current Frame: 972 ETA: 0:45:49
                                       
FPS: 16 Current Frame: 980 ETA: 0:45:49
                                       
FPS: 16 Current Frame: 989 ETA: 0:45:45
                                       
FPS: 16 Current Frame: 997 ETA: 0:45:45
                                       
FPS: 16 Current Frame: 1005 ETA: 0:45:45
                                        
FPS: 16 Current Frame: 1013 ETA: 0:45:44
                                        
FPS: 16 Current Frame: 1021 ETA: 0:45:44
                                        
FPS: 16 Current Frame: 1030 ETA: 0:45:41
                                        
FPS: 16 Current Frame: 1038 ETA: 0:45:40
                                        
FPS: 16 Current Frame: 1046 ETA: 0:45:40
                                        
FPS: 16 Current Frame: 1055 ETA: 0:45:37
                                        
FPS: 16 Current Frame: 1063 ETA: 0:45:37
                                        
FPS: 16 Current Frame: 1071 ETA: 0:45:36
                                        
FPS: 16 Current Frame: 1079 ETA: 0:45:36
                                        
FPS: 16 Current Frame: 1087 ETA: 0:45:36
                                        
FPS: 16 Current Frame: 1096 ETA: 0:45:33
                                        
FPS: 16 Current Frame: 1104 ETA: 0:45:32
                                        
FPS: 16 Current Frame: 1112 ETA: 0:45:32
                                        
FPS: 16 Current Frame: 1120 ETA: 0:45:32
                                        
FPS: 16 Current Frame: 1129 ETA: 0:45:29
                                        
FPS: 16 Current Frame: 1137 ETA: 0:45:28
                                        
FPS: 16 Current Frame: 1145 ETA: 0:45:28
                                        
FPS: 16 Current Frame: 1153 ETA: 0:45:28
                                        
FPS: 16 Current Frame: 1161 ETA: 0:45:27
                                        
FPS: 16 Current Frame: 1170 ETA: 0:45:25
                                        
FPS: 16 Current Frame: 1178 ETA: 0:45:24
                                        
FPS: 16 Current Frame: 1186 ETA: 0:45:24
                                        
FPS: 16 Current Frame: 1194 ETA: 0:45:24
                                        
FPS: 16 Current Frame: 1203 ETA: 0:45:21
                                        
FPS: 16 Current Frame: 1211 ETA: 0:45:21
                                        
FPS: 16 Current Frame: 1219 ETA: 0:45:20
                                        
FPS: 16 Current Frame: 1227 ETA: 0:45:20
                                        
FPS: 16 Current Frame: 1236 ETA: 0:45:17
                                        
FPS: 16 Current Frame: 1244 ETA: 0:45:17
                                        
FPS: 16 Current Frame: 1252 ETA: 0:45:17
                                        
FPS: 16 Current Frame: 1260 ETA: 0:45:16
                                        
FPS: 16 Current Frame: 1269 ETA: 0:45:14
                                        
FPS: 16 Current Frame: 1277 ETA: 0:45:14
                                        
FPS: 16 Current Frame: 1285 ETA: 0:45:13
                                        
FPS: 16 Current Frame: 1293 ETA: 0:45:13
                                        
FPS: 16 Current Frame: 1302 ETA: 0:45:11
                                        
FPS: 16 Current Frame: 1310 ETA: 0:45:10
                                        
FPS: 16 Current Frame: 1318 ETA: 0:45:10
                                        
FPS: 16 Current Frame: 1327 ETA: 0:45:07
                                        
FPS: 16 Current Frame: 1335 ETA: 0:45:07
                                        
FPS: 16 Current Frame: 1343 ETA: 0:45:07
                                        
FPS: 16 Current Frame: 1351 ETA: 0:45:06
                                        
FPS: 16 Current Frame: 1360 ETA: 0:45:04
                                        
FPS: 16 Current Frame: 1368 ETA: 0:45:04
                                        
FPS: 16 Current Frame: 1376 ETA: 0:45:04
                                        
FPS: 16 Current Frame: 1385 ETA: 0:45:01
                                        
FPS: 16 Current Frame: 1393 ETA: 0:45:01
                                        
FPS: 16 Current Frame: 1401 ETA: 0:45:01
                                        
FPS: 16 Current Frame: 1409 ETA: 0:45:00
                                        
FPS: 16 Current Frame: 1417 ETA: 0:45:00
                                        
FPS: 16 Current Frame: 1426 ETA: 0:44:58
                                        
FPS: 16 Current Frame: 1434 ETA: 0:44:57
                                        
FPS: 16 Current Frame: 1442 ETA: 0:44:57
                                        
FPS: 16 Current Frame: 1450 ETA: 0:44:57
                                        
FPS: 16 Current Frame: 1459 ETA: 0:44:55
                                        
FPS: 16 Current Frame: 1467 ETA: 0:44:54
                                        
FPS: 16 Current Frame: 1475 ETA: 0:44:54
                                        
FPS: 16 Current Frame: 1484 ETA: 0:44:52
                                        
FPS: 16 Current Frame: 1492 ETA: 0:44:52
                                        
FPS: 16 Current Frame: 1500 ETA: 0:44:51
                                        
FPS: 16 Current Frame: 1509 ETA: 0:44:49
                                        
FPS: 16 Current Frame: 1517 ETA: 0:44:49
                                        
FPS: 16 Current Frame: 1525 ETA: 0:44:49
                                        
FPS: 16 Current Frame: 1533 ETA: 0:44:48
                                        
FPS: 16 Current Frame: 1542 ETA: 0:44:46
                                        
FPS: 16 Current Frame: 1550 ETA: 0:44:46
                                        
FPS: 16 Current Frame: 1558 ETA: 0:44:46
                                        
FPS: 16 Current Frame: 1567 ETA: 0:44:43
                                        
FPS: 16 Current Frame: 1575 ETA: 0:44:43
                                        
FPS: 16 Current Frame: 1583 ETA: 0:44:43
                                        
FPS: 16 Current Frame: 1591 ETA: 0:44:43
                                        
FPS: 16 Current Frame: 1600 ETA: 0:44:41
                                        
FPS: 16 Current Frame: 1608 ETA: 0:44:40
                                        
FPS: 16 Current Frame: 1616 ETA: 0:44:40
                                        
FPS: 16 Current Frame: 1625 ETA: 0:44:38
                                        
FPS: 16 Current Frame: 1633 ETA: 0:44:38
                                        
FPS: 16 Current Frame: 1641 ETA: 0:44:37
                                        
FPS: 16 Current Frame: 1649 ETA: 0:44:37
                                        
FPS: 16 Current Frame: 1657 ETA: 0:44:37
                                        
FPS: 16 Current Frame: 1665 ETA: 0:44:37
                                        
FPS: 16 Current Frame: 1674 ETA: 0:44:35
                                        
FPS: 16 Current Frame: 1682 ETA: 0:44:34
                                        
FPS: 16 Current Frame: 1690 ETA: 0:44:34
                                        
FPS: 16 Current Frame: 1699 ETA: 0:44:32
                                        
FPS: 16 Current Frame: 1707 ETA: 0:44:32
                                        
FPS: 16 Current Frame: 1715 ETA: 0:44:32
                                        
FPS: 16 Current Frame: 1723 ETA: 0:44:31
                                        
FPS: 16 Current Frame: 1732 ETA: 0:44:29
                                        
FPS: 16 Current Frame: 1740 ETA: 0:44:29
                                        
FPS: 16 Current Frame: 1748 ETA: 0:44:29
                                        
FPS: 16 Current Frame: 1756 ETA: 0:44:28
                                        
FPS: 16 Current Frame: 1764 ETA: 0:44:28
                                        
FPS: 16 Current Frame: 1772 ETA: 0:44:28
                                        
FPS: 16 Current Frame: 1780 ETA: 0:44:28
                                        
FPS: 16 Current Frame: 1789 ETA: 0:44:26
                                        
FPS: 16 Current Frame: 1797 ETA: 0:44:25
                                        
FPS: 16 Current Frame: 1805 ETA: 0:44:25
                                        
FPS: 16 Current Frame: 1813 ETA: 0:44:25
                                        
FPS: 16 Current Frame: 1821 ETA: 0:44:25
                                        
FPS: 16 Current Frame: 1830 ETA: 0:44:23
                                        
FPS: 16 Current Frame: 1838 ETA: 0:44:22
                                        
FPS: 16 Current Frame: 1846 ETA: 0:44:22
                                        
FPS: 16 Current Frame: 1855 ETA: 0:44:20
                                        
FPS: 16 Current Frame: 1863 ETA: 0:44:20
                                        
FPS: 16 Current Frame: 1871 ETA: 0:44:20
                                        
FPS: 16 Current Frame: 1880 ETA: 0:44:18
                                        
FPS: 16 Current Frame: 1888 ETA: 0:44:18
                                        
FPS: 16 Current Frame: 1896 ETA: 0:44:17
                                        
FPS: 16 Current Frame: 1904 ETA: 0:44:17
                                        
FPS: 16 Current Frame: 1912 ETA: 0:44:17
                                        
FPS: 16 Current Frame: 1921 ETA: 0:44:15
                                        
FPS: 16 Current Frame: 1929 ETA: 0:44:15
                                        
FPS: 16 Current Frame: 1937 ETA: 0:44:14
                                        
FPS: 16 Current Frame: 1946 ETA: 0:44:13
                                        
FPS: 16 Current Frame: 1954 ETA: 0:44:12
                                        
FPS: 16 Current Frame: 1962 ETA: 0:44:12
                                        
FPS: 16 Current Frame: 1970 ETA: 0:44:12
                                        
FPS: 16 Current Frame: 1979 ETA: 0:44:10
                                        
FPS: 16 Current Frame: 1987 ETA: 0:44:10
                                        
FPS: 16 Current Frame: 1995 ETA: 0:44:09
                                        
FPS: 16 Current Frame: 2003 ETA: 0:44:09
                                        
FPS: 16 Current Frame: 2011 ETA: 0:44:09
                                        
FPS: 16 Current Frame: 2020 ETA: 0:44:07
                                        
FPS: 16 Current Frame: 2028 ETA: 0:44:07
                                        
FPS: 16 Current Frame: 2036 ETA: 0:44:07
                                        
FPS: 16 Current Frame: 2044 ETA: 0:44:06
                                        
FPS: 16 Current Frame: 2053 ETA: 0:44:05
                                        
FPS: 16 Current Frame: 2061 ETA: 0:44:04
                                        
FPS: 16 Current Frame: 2069 ETA: 0:44:04
                                        
FPS: 16 Current Frame: 2077 ETA: 0:44:04
                                        
FPS: 16 Current Frame: 2085 ETA: 0:44:03
                                        
FPS: 16 Current Frame: 2094 ETA: 0:44:02
                                        
FPS: 16 Current Frame: 2102 ETA: 0:44:01
                                        
FPS: 16 Current Frame: 2110 ETA: 0:44:01
                                        
FPS: 16 Current Frame: 2119 ETA: 0:43:59
                                        
FPS: 16 Current Frame: 2127 ETA: 0:43:59
                                        
FPS: 16 Current Frame: 2135 ETA: 0:43:59
                                        
FPS: 16 Current Frame: 2143 ETA: 0:43:59
                                        
FPS: 16 Current Frame: 2152 ETA: 0:43:57
                                        
FPS: 16 Current Frame: 2160 ETA: 0:43:57
                                        
FPS: 16 Current Frame: 2168 ETA: 0:43:56
                                        
FPS: 16 Current Frame: 2176 ETA: 0:43:56
                                        
FPS: 16 Current Frame: 2185 ETA: 0:43:54
                                        
FPS: 16 Current Frame: 2193 ETA: 0:43:54
                                        
FPS: 16 Current Frame: 2201 ETA: 0:43:54
                                        
FPS: 16 Current Frame: 2209 ETA: 0:43:53
                                        
FPS: 16 Current Frame: 2217 ETA: 0:43:53
                                        
FPS: 16 Current Frame: 2226 ETA: 0:43:52
                                        
FPS: 16 Current Frame: 2234 ETA: 0:43:51
                                        
FPS: 16 Current Frame: 2242 ETA: 0:43:51
                                        
FPS: 16 Current Frame: 2251 ETA: 0:43:49
                                        
FPS: 16 Current Frame: 2259 ETA: 0:43:49
                                        
FPS: 16 Current Frame: 2267 ETA: 0:43:49
                                        
FPS: 16 Current Frame: 2275 ETA: 0:43:49
                                        
FPS: 16 Current Frame: 2283 ETA: 0:43:48
                                        
FPS: 16 Current Frame: 2292 ETA: 0:43:47
                                        
FPS: 16 Current Frame: 2300 ETA: 0:43:46
                                        
FPS: 16 Current Frame: 2308 ETA: 0:43:46
                                        
FPS: 16 Current Frame: 2316 ETA: 0:43:46
                                        
FPS: 16 Current Frame: 2324 ETA: 0:43:45
                                        
FPS: 16 Current Frame: 2333 ETA: 0:43:44
                                        
FPS: 16 Current Frame: 2341 ETA: 0:43:44
                                        
FPS: 16 Current Frame: 2349 ETA: 0:43:43
                                        
FPS: 16 Current Frame: 2357 ETA: 0:43:43
                                        
FPS: 16 Current Frame: 2365 ETA: 0:43:43
                                        
FPS: 16 Current Frame: 2374 ETA: 0:43:41
                                        
FPS: 16 Current Frame: 2382 ETA: 0:43:41
                                        
FPS: 16 Current Frame: 2390 ETA: 0:43:41
                                        
FPS: 16 Current Frame: 2398 ETA: 0:43:40
                                        
FPS: 16 Current Frame: 2407 ETA: 0:43:39
                                        
FPS: 16 Current Frame: 2415 ETA: 0:43:38
                                        
FPS: 16 Current Frame: 2423 ETA: 0:43:38
                                        
FPS: 16 Current Frame: 2431 ETA: 0:43:38
                                        
FPS: 16 Current Frame: 2440 ETA: 0:43:36
                                        
FPS: 16 Current Frame: 2448 ETA: 0:43:36
                                        
FPS: 16 Current Frame: 2456 ETA: 0:43:36
                                        
FPS: 16 Current Frame: 2464 ETA: 0:43:35
                                        
FPS: 16 Current Frame: 2472 ETA: 0:43:35
                                        
FPS: 16 Current Frame: 2480 ETA: 0:43:35
                                        
FPS: 16 Current Frame: 2489 ETA: 0:43:33
                                        
FPS: 16 Current Frame: 2497 ETA: 0:43:33
                                        
FPS: 16 Current Frame: 2505 ETA: 0:43:33
                                        
FPS: 16 Current Frame: 2514 ETA: 0:43:31
                                        
FPS: 16 Current Frame: 2522 ETA: 0:43:31
                                        
FPS: 16 Current Frame: 2530 ETA: 0:43:31
                                        
FPS: 16 Current Frame: 2538 ETA: 0:43:30
                                        
FPS: 16 Current Frame: 2546 ETA: 0:43:30
                                        
FPS: 16 Current Frame: 2555 ETA: 0:43:28
                                        
FPS: 16 Current Frame: 2563 ETA: 0:43:28
                                        
FPS: 16 Current Frame: 2571 ETA: 0:43:28
                                        
FPS: 16 Current Frame: 2580 ETA: 0:43:26
                                        
FPS: 16 Current Frame: 2588 ETA: 0:43:26
                                        
FPS: 16 Current Frame: 2596 ETA: 0:43:26
                                        
FPS: 16 Current Frame: 2604 ETA: 0:43:25
                                        
FPS: 16 Current Frame: 2613 ETA: 0:43:24
                                        
FPS: 16 Current Frame: 2621 ETA: 0:43:24
                                        
FPS: 16 Current Frame: 2629 ETA: 0:43:23
                                        
FPS: 16 Current Frame: 2637 ETA: 0:43:23
                                        
FPS: 16 Current Frame: 2645 ETA: 0:43:23
                                        
FPS: 16 Current Frame: 2654 ETA: 0:43:21
                                        
FPS: 16 Current Frame: 2662 ETA: 0:43:21
                                        
FPS: 16 Current Frame: 2670 ETA: 0:43:21
                                        
FPS: 16 Current Frame: 2678 ETA: 0:43:20
                                        
FPS: 16 Current Frame: 2687 ETA: 0:43:19
                                        
FPS: 16 Current Frame: 2695 ETA: 0:43:19
                                        
FPS: 16 Current Frame: 2703 ETA: 0:43:18
                                        
FPS: 16 Current Frame: 2711 ETA: 0:43:18
                                        
FPS: 16 Current Frame: 2720 ETA: 0:43:17
                                        
FPS: 16 Current Frame: 2728 ETA: 0:43:16
                                        
FPS: 16 Current Frame: 2736 ETA: 0:43:16
                                        
FPS: 16 Current Frame: 2744 ETA: 0:43:16
                                        
FPS: 16 Current Frame: 2752 ETA: 0:43:15
                                        
FPS: 16 Current Frame: 2760 ETA: 0:43:15
                                        
FPS: 16 Current Frame: 2767 ETA: 0:43:16
                                        
FPS: 16 Current Frame: 2775 ETA: 0:43:15
                                        
FPS: 16 Current Frame: 2783 ETA: 0:43:15
                                        
FPS: 16 Current Frame: 2791 ETA: 0:43:15
                                        
FPS: 16 Current Frame: 2798 ETA: 0:43:15
                                        
FPS: 16 Current Frame: 2806 ETA: 0:43:15
                                        
FPS: 16 Current Frame: 2814 ETA: 0:43:15
                                        
FPS: 16 Current Frame: 2822 ETA: 0:43:14
                                        
FPS: 16 Current Frame: 2830 ETA: 0:43:14
                                        
FPS: 16 Current Frame: 2838 ETA: 0:43:14
                                        
FPS: 16 Current Frame: 2845 ETA: 0:43:14
                                        
FPS: 16 Current Frame: 2853 ETA: 0:43:14
                                        
FPS: 16 Current Frame: 2861 ETA: 0:43:13
                                        
FPS: 16 Current Frame: 2869 ETA: 0:43:13
                                        
FPS: 16 Current Frame: 2877 ETA: 0:43:13
                                        
FPS: 16 Current Frame: 2885 ETA: 0:43:12
                                        
FPS: 16 Current Frame: 2893 ETA: 0:43:12
                                        
FPS: 16 Current Frame: 2901 ETA: 0:43:12
                                        
FPS: 16 Current Frame: 2909 ETA: 0:43:11
                                        
FPS: 16 Current Frame: 2917 ETA: 0:43:11
                                        
FPS: 16 Current Frame: 2925 ETA: 0:43:11
                                        
FPS: 16 Current Frame: 2933 ETA: 0:43:10
                                        
FPS: 16 Current Frame: 2941 ETA: 0:43:10
                                        
FPS: 16 Current Frame: 2949 ETA: 0:43:10
                                        
FPS: 16 Current Frame: 2956 ETA: 0:43:10
                                        
FPS: 16 Current Frame: 2964 ETA: 0:43:10
                                        
FPS: 16 Current Frame: 2972 ETA: 0:43:09
                                        
FPS: 16 Current Frame: 2980 ETA: 0:43:09
                                        
FPS: 16 Current Frame: 2988 ETA: 0:43:09
                                        
FPS: 16 Current Frame: 2996 ETA: 0:43:08
                                        
FPS: 16 Current Frame: 3004 ETA: 0:43:08
                                        
FPS: 16 Current Frame: 3012 ETA: 0:43:08
                                        
FPS: 16 Current Frame: 3020 ETA: 0:43:07
                                        
FPS: 16 Current Frame: 3028 ETA: 0:43:07
                                        
FPS: 16 Current Frame: 3036 ETA: 0:43:06
                                        
FPS: 16 Current Frame: 3044 ETA: 0:43:06
                                        
FPS: 16 Current Frame: 3052 ETA: 0:43:06
                                        
FPS: 16 Current Frame: 3060 ETA: 0:43:05
                                        
FPS: 16 Current Frame: 3068 ETA: 0:43:05
                                        
FPS: 16 Current Frame: 3076 ETA: 0:43:05
                                        
FPS: 16 Current Frame: 3084 ETA: 0:43:04
                                        
FPS: 16 Current Frame: 3092 ETA: 0:43:04
                                        
FPS: 16 Current Frame: 3100 ETA: 0:43:03
                                        
FPS: 16 Current Frame: 3108 ETA: 0:43:03
                                        
FPS: 16 Current Frame: 3116 ETA: 0:43:03
                                        
FPS: 16 Current Frame: 3124 ETA: 0:43:02
                                        
FPS: 16 Current Frame: 3132 ETA: 0:43:02
                                        
FPS: 16 Current Frame: 3139 ETA: 0:43:02
                                        
FPS: 16 Current Frame: 3147 ETA: 0:43:02
                                        
FPS: 16 Current Frame: 3155 ETA: 0:43:02
                                        
FPS: 16 Current Frame: 3163 ETA: 0:43:01
                                        
FPS: 16 Current Frame: 3171 ETA: 0:43:01
                                        
FPS: 16 Current Frame: 3179 ETA: 0:43:00
                                        
FPS: 16 Current Frame: 3187 ETA: 0:43:00
                                        
FPS: 16 Current Frame: 3195 ETA: 0:43:00
                                        
FPS: 16 Current Frame: 3202 ETA: 0:43:00
                                        
FPS: 16 Current Frame: 3210 ETA: 0:43:00
                                        
FPS: 16 Current Frame: 3218 ETA: 0:42:59
                                        
FPS: 16 Current Frame: 3226 ETA: 0:42:59
                                        
FPS: 16 Current Frame: 3234 ETA: 0:42:59
                                        
FPS: 16 Current Frame: 3242 ETA: 0:42:58
                                        
FPS: 16 Current Frame: 3250 ETA: 0:42:58
                                        
FPS: 16 Current Frame: 3258 ETA: 0:42:57
                                        
FPS: 16 Current Frame: 3266 ETA: 0:42:57
                                        
FPS: 16 Current Frame: 3274 ETA: 0:42:57
                                        
FPS: 16 Current Frame: 3282 ETA: 0:42:56
                                        
FPS: 16 Current Frame: 3289 ETA: 0:42:57
                                        
FPS: 16 Current Frame: 3297 ETA: 0:42:56
                                        
FPS: 16 Current Frame: 3305 ETA: 0:42:56
                                        
FPS: 16 Current Frame: 3313 ETA: 0:42:56
                                        
FPS: 16 Current Frame: 3321 ETA: 0:42:55
                                        
FPS: 16 Current Frame: 3329 ETA: 0:42:55
                                        
FPS: 16 Current Frame: 3336 ETA: 0:42:55
                                        
FPS: 16 Current Frame: 3344 ETA: 0:42:55
                                        
FPS: 16 Current Frame: 3352 ETA: 0:42:54
                                        
FPS: 16 Current Frame: 3360 ETA: 0:42:54
                                        
FPS: 16 Current Frame: 3368 ETA: 0:42:54
                                        
FPS: 16 Current Frame: 3376 ETA: 0:42:53
                                        
FPS: 16 Current Frame: 3384 ETA: 0:42:53
                                        
FPS: 16 Current Frame: 3392 ETA: 0:42:52
                                        
FPS: 16 Current Frame: 3400 ETA: 0:42:52
                                        
FPS: 16 Current Frame: 3408 ETA: 0:42:51
                                        
FPS: 16 Current Frame: 3416 ETA: 0:42:51
                                        
FPS: 16 Current Frame: 3424 ETA: 0:42:51
                                        
FPS: 16 Current Frame: 3432 ETA: 0:42:50
                                        
FPS: 16 Current Frame: 3440 ETA: 0:42:50
                                        
FPS: 16 Current Frame: 3448 ETA: 0:42:49
                                        
FPS: 16 Current Frame: 3456 ETA: 0:42:49
                                        
FPS: 16 Current Frame: 3464 ETA: 0:42:49
                                        
FPS: 16 Current Frame: 3472 ETA: 0:42:48
                                        
FPS: 16 Current Frame: 3480 ETA: 0:42:48
                                        
FPS: 16 Current Frame: 3487 ETA: 0:42:48
                                        
FPS: 16 Current Frame: 3495 ETA: 0:42:48
                                        
FPS: 16 Current Frame: 3503 ETA: 0:42:47
                                        
FPS: 16 Current Frame: 3511 ETA: 0:42:47
                                        
FPS: 16 Current Frame: 3519 ETA: 0:42:47
                                        
FPS: 16 Current Frame: 3527 ETA: 0:42:46
                                        
FPS: 16 Current Frame: 3535 ETA: 0:42:46
                                        
FPS: 16 Current Frame: 3543 ETA: 0:42:45
                                        
FPS: 16 Current Frame: 3551 ETA: 0:42:45
                                        
FPS: 16 Current Frame: 3559 ETA: 0:42:44
                                        
FPS: 16 Current Frame: 3567 ETA: 0:42:44
                                        
FPS: 16 Current Frame: 3574 ETA: 0:42:44
                                        
FPS: 16 Current Frame: 3582 ETA: 0:42:44
                                        
FPS: 16 Current Frame: 3590 ETA: 0:42:44
                                        
FPS: 16 Current Frame: 3598 ETA: 0:42:43
                                        
FPS: 16 Current Frame: 3606 ETA: 0:42:43
                                        
FPS: 16 Current Frame: 3614 ETA: 0:42:42
                                        
FPS: 16 Current Frame: 3622 ETA: 0:42:42
                                        
FPS: 16 Current Frame: 3630 ETA: 0:42:41
                                        
FPS: 16 Current Frame: 3638 ETA: 0:42:41
                                        
FPS: 16 Current Frame: 3646 ETA: 0:42:41
                                        
FPS: 16 Current Frame: 3653 ETA: 0:42:41
                                        
FPS: 16 Current Frame: 3661 ETA: 0:42:41
                                        
FPS: 16 Current Frame: 3669 ETA: 0:42:40
                                        
FPS: 16 Current Frame: 3677 ETA: 0:42:40
                                        
FPS: 16 Current Frame: 3685 ETA: 0:42:39
                                        
FPS: 16 Current Frame: 3693 ETA: 0:42:39
                                        
FPS: 16 Current Frame: 3701 ETA: 0:42:38
                                        
FPS: 16 Current Frame: 3709 ETA: 0:42:38
                                        
FPS: 16 Current Frame: 3717 ETA: 0:42:38
                                        
FPS: 16 Current Frame: 3725 ETA: 0:42:37
                                        
FPS: 16 Current Frame: 3733 ETA: 0:42:37
                                        
FPS: 16 Current Frame: 3741 ETA: 0:42:36
                                        
FPS: 16 Current Frame: 3748 ETA: 0:42:37
                                        
FPS: 16 Current Frame: 3756 ETA: 0:42:36
                                        
FPS: 16 Current Frame: 3764 ETA: 0:42:36
                                        
FPS: 16 Current Frame: 3772 ETA: 0:42:35
                                        
FPS: 16 Current Frame: 3780 ETA: 0:42:35
                                        
FPS: 16 Current Frame: 3788 ETA: 0:42:34
                                        
FPS: 16 Current Frame: 3796 ETA: 0:42:34
                                        
FPS: 16 Current Frame: 3804 ETA: 0:42:34
                                        
FPS: 16 Current Frame: 3812 ETA: 0:42:33
                                        
FPS: 16 Current Frame: 3820 ETA: 0:42:33
                                        
FPS: 16 Current Frame: 3828 ETA: 0:42:32
                                        
FPS: 16 Current Frame: 3836 ETA: 0:42:32
                                        
FPS: 16 Current Frame: 3844 ETA: 0:42:31
                                        
FPS: 16 Current Frame: 3852 ETA: 0:42:31
                                        
FPS: 16 Current Frame: 3859 ETA: 0:42:31
                                        
FPS: 16 Current Frame: 3867 ETA: 0:42:31
                                        
FPS: 16 Current Frame: 3875 ETA: 0:42:30
                                        
FPS: 16 Current Frame: 3883 ETA: 0:42:30
                                        
FPS: 16 Current Frame: 3891 ETA: 0:42:30
                                        
FPS: 16 Current Frame: 3898 ETA: 0:42:30
                                        
FPS: 16 Current Frame: 3906 ETA: 0:42:29
                                        
FPS: 16 Current Frame: 3914 ETA: 0:42:29
                                        
FPS: 16 Current Frame: 3922 ETA: 0:42:28
                                        
FPS: 16 Current Frame: 3930 ETA: 0:42:28
                                        
FPS: 16 Current Frame: 3937 ETA: 0:42:28
                                        
FPS: 16 Current Frame: 3945 ETA: 0:42:28
                                        
FPS: 16 Current Frame: 3953 ETA: 0:42:27
                                        
FPS: 16 Current Frame: 3961 ETA: 0:42:27
                                        
FPS: 16 Current Frame: 3968 ETA: 0:42:27
                                        
FPS: 16 Current Frame: 3976 ETA: 0:42:27
                                        
FPS: 16 Current Frame: 3984 ETA: 0:42:26
                                        
FPS: 16 Current Frame: 3992 ETA: 0:42:26
                                        
FPS: 16 Current Frame: 4000 ETA: 0:42:25
                                        
FPS: 16 Current Frame: 4008 ETA: 0:42:25
                                        
FPS: 16 Current Frame: 4015 ETA: 0:42:25
                                        
FPS: 16 Current Frame: 4023 ETA: 0:42:25
                                        
FPS: 16 Current Frame: 4031 ETA: 0:42:24
                                        
FPS: 16 Current Frame: 4039 ETA: 0:42:24
                                        
FPS: 16 Current Frame: 4047 ETA: 0:42:23
                                        
FPS: 16 Current Frame: 4055 ETA: 0:42:23
                                        
FPS: 16 Current Frame: 4062 ETA: 0:42:23
                                        
FPS: 16 Current Frame: 4070 ETA: 0:42:23
                                        
FPS: 16 Current Frame: 4078 ETA: 0:42:22
                                        
FPS: 16 Current Frame: 4086 ETA: 0:42:22
                                        
FPS: 16 Current Frame: 4094 ETA: 0:42:21
                                        
FPS: 16 Current Frame: 4102 ETA: 0:42:21
                                        
FPS: 16 Current Frame: 4110 ETA: 0:42:21
                                        
FPS: 16 Current Frame: 4118 ETA: 0:42:20
                                        
FPS: 16 Current Frame: 4125 ETA: 0:42:20
                                        
FPS: 16 Current Frame: 4133 ETA: 0:42:20
                                        
FPS: 16 Current Frame: 4141 ETA: 0:42:19
                                        
FPS: 16 Current Frame: 4149 ETA: 0:42:19
                                        
FPS: 16 Current Frame: 4157 ETA: 0:42:19
                                        
FPS: 16 Current Frame: 4165 ETA: 0:42:18
                                        
FPS: 16 Current Frame: 4173 ETA: 0:42:18
                                        
FPS: 16 Current Frame: 4181 ETA: 0:42:17
                                        
FPS: 16 Current Frame: 4189 ETA: 0:42:17
                                        
FPS: 16 Current Frame: 4197 ETA: 0:42:16
                                        
FPS: 16 Current Frame: 4205 ETA: 0:42:16
                                        
FPS: 16 Current Frame: 4213 ETA: 0:42:15
                                        
FPS: 16 Current Frame: 4221 ETA: 0:42:15
                                        
FPS: 16 Current Frame: 4229 ETA: 0:42:14
                                        
FPS: 16 Current Frame: 4236 ETA: 0:42:15
                                        
FPS: 16 Current Frame: 4244 ETA: 0:42:14
                                        
FPS: 16 Current Frame: 4253 ETA: 0:42:13
                                        
FPS: 16 Current Frame: 4261 ETA: 0:42:13
                                        
FPS: 16 Current Frame: 4268 ETA: 0:42:13
                                        
FPS: 16 Current Frame: 4276 ETA: 0:42:12
                                        
FPS: 16 Current Frame: 4284 ETA: 0:42:12
                                        
FPS: 16 Current Frame: 4292 ETA: 0:42:11
                                        
FPS: 16 Current Frame: 4300 ETA: 0:42:11
                                        
FPS: 16 Current Frame: 4308 ETA: 0:42:11
                                        
FPS: 16 Current Frame: 4316 ETA: 0:42:10
                                        
FPS: 16 Current Frame: 4324 ETA: 0:42:10
                                        
FPS: 16 Current Frame: 4332 ETA: 0:42:09
                                        
FPS: 16 Current Frame: 4340 ETA: 0:42:09
                                        
FPS: 16 Current Frame: 4348 ETA: 0:42:08
                                        
FPS: 16 Current Frame: 4356 ETA: 0:42:08
                                        
FPS: 16 Current Frame: 4364 ETA: 0:42:07
                                        
FPS: 16 Current Frame: 4372 ETA: 0:42:07
                                        
FPS: 16 Current Frame: 4380 ETA: 0:42:06
                                        
FPS: 16 Current Frame: 4388 ETA: 0:42:06
                                        
FPS: 16 Current Frame: 4396 ETA: 0:42:06
                                        
FPS: 16 Current Frame: 4404 ETA: 0:42:05
                                        
FPS: 16 Current Frame: 4412 ETA: 0:42:05
                                        
FPS: 16 Current Frame: 4420 ETA: 0:42:04
                                        
FPS: 16 Current Frame: 4428 ETA: 0:42:04
                                        
FPS: 16 Current Frame: 4436 ETA: 0:42:03
                                        
FPS: 16 Current Frame: 4444 ETA: 0:42:03
                                        
FPS: 16 Current Frame: 4452 ETA: 0:42:02
                                        
FPS: 16 Current Frame: 4460 ETA: 0:42:02
                                        
FPS: 16 Current Frame: 4468 ETA: 0:42:01
                                        
FPS: 16 Current Frame: 4476 ETA: 0:42:01
                                        
FPS: 16 Current Frame: 4484 ETA: 0:42:00
                                        
FPS: 16 Current Frame: 4492 ETA: 0:42:00
                                        
FPS: 16 Current Frame: 4500 ETA: 0:42:00
                                        
FPS: 16 Current Frame: 4508 ETA: 0:41:59
                                        
FPS: 16 Current Frame: 4516 ETA: 0:41:59
                                        
FPS: 16 Current Frame: 4524 ETA: 0:41:58
                                        
FPS: 16 Current Frame: 4532 ETA: 0:41:58
                                        
FPS: 16 Current Frame: 4540 ETA: 0:41:57
                                        
FPS: 16 Current Frame: 4548 ETA: 0:41:57
                                        
FPS: 16 Current Frame: 4556 ETA: 0:41:56
                                        
FPS: 16 Current Frame: 4564 ETA: 0:41:56
                                        
FPS: 16 Current Frame: 4572 ETA: 0:41:55
                                        
FPS: 16 Current Frame: 4579 ETA: 0:41:56
                                        
FPS: 16 Current Frame: 4587 ETA: 0:41:55
                                        
FPS: 16 Current Frame: 4595 ETA: 0:41:55
                                        
FPS: 16 Current Frame: 4603 ETA: 0:41:54
                                        
FPS: 16 Current Frame: 4611 ETA: 0:41:54
                                        
FPS: 16 Current Frame: 4620 ETA: 0:41:53
                                        
FPS: 16 Current Frame: 4628 ETA: 0:41:52
                                        
FPS: 16 Current Frame: 4636 ETA: 0:41:52
                                        
FPS: 16 Current Frame: 4643 ETA: 0:41:52
                                        
FPS: 16 Current Frame: 4651 ETA: 0:41:51
                                        
FPS: 16 Current Frame: 4659 ETA: 0:41:51
                                        
FPS: 16 Current Frame: 4667 ETA: 0:41:50
                                        
FPS: 16 Current Frame: 4675 ETA: 0:41:50
                                        
FPS: 16 Current Frame: 4683 ETA: 0:41:50
                                        
FPS: 16 Current Frame: 4691 ETA: 0:41:49
                                        
FPS: 16 Current Frame: 4699 ETA: 0:41:49
                                        
FPS: 16 Current Frame: 4707 ETA: 0:41:48
                                        
FPS: 16 Current Frame: 4715 ETA: 0:41:48
                                        
FPS: 16 Current Frame: 4723 ETA: 0:41:47
                                        
FPS: 16 Current Frame: 4731 ETA: 0:41:47
                                        
FPS: 16 Current Frame: 4739 ETA: 0:41:46
                                        
FPS: 16 Current Frame: 4747 ETA: 0:41:46
                                        
FPS: 16 Current Frame: 4755 ETA: 0:41:45
                                        
FPS: 16 Current Frame: 4763 ETA: 0:41:45
                                        
FPS: 16 Current Frame: 4771 ETA: 0:41:44
                                        
FPS: 16 Current Frame: 4779 ETA: 0:41:44
                                        
FPS: 16 Current Frame: 4787 ETA: 0:41:43
                                        
FPS: 16 Current Frame: 4795 ETA: 0:41:43
                                        
FPS: 16 Current Frame: 4803 ETA: 0:41:43
                                        
FPS: 16 Current Frame: 4811 ETA: 0:41:42
                                        
FPS: 16 Current Frame: 4819 ETA: 0:41:42
                                        
FPS: 16 Current Frame: 4827 ETA: 0:41:41
                                        
FPS: 16 Current Frame: 4835 ETA: 0:41:41
                                        
FPS: 16 Current Frame: 4843 ETA: 0:41:40
                                        
FPS: 16 Current Frame: 4851 ETA: 0:41:40
                                        
FPS: 16 Current Frame: 4859 ETA: 0:41:39
                                        
FPS: 16 Current Frame: 4867 ETA: 0:41:39
                                        
FPS: 16 Current Frame: 4875 ETA: 0:41:38
                                        
FPS: 16 Current Frame: 4884 ETA: 0:41:37
                                        
FPS: 16 Current Frame: 4892 ETA: 0:41:37
                                        
FPS: 16 Current Frame: 4900 ETA: 0:41:36
                                        
FPS: 16 Current Frame: 4908 ETA: 0:41:36
                                        
FPS: 16 Current Frame: 4916 ETA: 0:41:35
                                        
FPS: 16 Current Frame: 4924 ETA: 0:41:35
                                        
FPS: 16 Current Frame: 4932 ETA: 0:41:34
                                        
FPS: 16 Current Frame: 4940 ETA: 0:41:34
                                        
FPS: 16 Current Frame: 4948 ETA: 0:41:34
                                        
FPS: 16 Current Frame: 4956 ETA: 0:41:33
                                        
FPS: 16 Current Frame: 4964 ETA: 0:41:33
                                        
FPS: 16 Current Frame: 4972 ETA: 0:41:32
                                        
FPS: 16 Current Frame: 4980 ETA: 0:41:32
                                        
FPS: 16 Current Frame: 4988 ETA: 0:41:31
                                        
FPS: 16 Current Frame: 4997 ETA: 0:41:30
                                        
FPS: 16 Current Frame: 5005 ETA: 0:41:30
                                        
FPS: 16 Current Frame: 5013 ETA: 0:41:29
                                        
FPS: 16 Current Frame: 5021 ETA: 0:41:29
                                        
FPS: 16 Current Frame: 5029 ETA: 0:41:28
                                        
FPS: 16 Current Frame: 5037 ETA: 0:41:28
                                        
FPS: 16 Current Frame: 5045 ETA: 0:41:27
                                        
FPS: 16 Current Frame: 5053 ETA: 0:41:27
                                        
FPS: 16 Current Frame: 5061 ETA: 0:41:26
                                        
FPS: 16 Current Frame: 5070 ETA: 0:41:25
                                        
FPS: 16 Current Frame: 5078 ETA: 0:41:25
                                        
FPS: 16 Current Frame: 5086 ETA: 0:41:24
                                        
FPS: 16 Current Frame: 5094 ETA: 0:41:24
                                        
FPS: 16 Current Frame: 5102 ETA: 0:41:24
                                        
FPS: 16 Current Frame: 5110 ETA: 0:41:23
                                        
FPS: 16 Current Frame: 5118 ETA: 0:41:23
                                        
FPS: 16 Current Frame: 5126 ETA: 0:41:22
                                        
FPS: 16 Current Frame: 5135 ETA: 0:41:21
                                        
FPS: 16 Current Frame: 5143 ETA: 0:41:21
                                        
FPS: 16 Current Frame: 5151 ETA: 0:41:20
                                        
FPS: 16 Current Frame: 5159 ETA: 0:41:20
                                        
FPS: 16 Current Frame: 5167 ETA: 0:41:19
                                        
FPS: 16 Current Frame: 5176 ETA: 0:41:18
                                        
FPS: 16 Current Frame: 5184 ETA: 0:41:18
                                        
FPS: 16 Current Frame: 5192 ETA: 0:41:17
                                        
FPS: 16 Current Frame: 5200 ETA: 0:41:17
                                        
FPS: 16 Current Frame: 5208 ETA: 0:41:16
                                        
FPS: 16 Current Frame: 5216 ETA: 0:41:16
                                        
FPS: 16 Current Frame: 5224 ETA: 0:41:15
                                        
FPS: 16 Current Frame: 5232 ETA: 0:41:15
                                        
FPS: 16 Current Frame: 5241 ETA: 0:41:14
                                        
FPS: 16 Current Frame: 5249 ETA: 0:41:14
                                        
FPS: 16 Current Frame: 5257 ETA: 0:41:13
                                        
FPS: 16 Current Frame: 5265 ETA: 0:41:13
                                        
FPS: 16 Current Frame: 5273 ETA: 0:41:12
                                        
FPS: 16 Current Frame: 5281 ETA: 0:41:12
                                        
FPS: 16 Current Frame: 5290 ETA: 0:41:11
                                        
FPS: 16 Current Frame: 5298 ETA: 0:41:10
                                        
FPS: 16 Current Frame: 5306 ETA: 0:41:10
                                        
FPS: 16 Current Frame: 5314 ETA: 0:41:09
                                        
FPS: 16 Current Frame: 5322 ETA: 0:41:09
                                        
FPS: 16 Current Frame: 5330 ETA: 0:41:08
                                        
FPS: 16 Current Frame: 5338 ETA: 0:41:08
                                        
FPS: 16 Current Frame: 5346 ETA: 0:41:07
                                        
FPS: 16 Current Frame: 5354 ETA: 0:41:07
                                        
FPS: 16 Current Frame: 5363 ETA: 0:41:06
                                        
FPS: 16 Current Frame: 5371 ETA: 0:41:05
                                        
FPS: 16 Current Frame: 5379 ETA: 0:41:05
                                        
FPS: 16 Current Frame: 5387 ETA: 0:41:05
                                        
FPS: 16 Current Frame: 5395 ETA: 0:41:04
                                        
FPS: 16 Current Frame: 5403 ETA: 0:41:04
                                        
FPS: 16 Current Frame: 5411 ETA: 0:41:03
                                        
FPS: 16 Current Frame: 5419 ETA: 0:41:03
                                        
FPS: 16 Current Frame: 5428 ETA: 0:41:02
                                        
FPS: 16 Current Frame: 5436 ETA: 0:41:01
                                        
FPS: 16 Current Frame: 5444 ETA: 0:41:01
                                        
FPS: 16 Current Frame: 5452 ETA: 0:41:00
                                        
FPS: 16 Current Frame: 5460 ETA: 0:41:00
                                        
FPS: 16 Current Frame: 5468 ETA: 0:40:59
                                        
FPS: 16 Current Frame: 5476 ETA: 0:40:59
                                        
FPS: 16 Current Frame: 5484 ETA: 0:40:58
                                        
FPS: 16 Current Frame: 5493 ETA: 0:40:57
                                        
FPS: 16 Current Frame: 5501 ETA: 0:40:57
                                        
FPS: 16 Current Frame: 5509 ETA: 0:40:56
                                        
FPS: 16 Current Frame: 5517 ETA: 0:40:56
                                        
FPS: 16 Current Frame: 5525 ETA: 0:40:56
                                        
FPS: 16 Current Frame: 5533 ETA: 0:40:55
                                        
FPS: 16 Current Frame: 5541 ETA: 0:40:55
                                        
FPS: 16 Current Frame: 5549 ETA: 0:40:54
                                        
FPS: 16 Current Frame: 5558 ETA: 0:40:53
                                        
FPS: 16 Current Frame: 5566 ETA: 0:40:53
                                        
FPS: 16 Current Frame: 5574 ETA: 0:40:52
                                        
FPS: 16 Current Frame: 5582 ETA: 0:40:52
                                        
FPS: 16 Current Frame: 5590 ETA: 0:40:51
                                        
FPS: 16 Current Frame: 5598 ETA: 0:40:51
                                        
FPS: 16 Current Frame: 5606 ETA: 0:40:50
                                        
FPS: 16 Current Frame: 5614 ETA: 0:40:50
                                        
FPS: 16 Current Frame: 5622 ETA: 0:40:49
                                        
FPS: 16 Current Frame: 5631 ETA: 0:40:48
                                        
FPS: 16 Current Frame: 5639 ETA: 0:40:48
                                        
FPS: 16 Current Frame: 5647 ETA: 0:40:48
                                        
FPS: 16 Current Frame: 5655 ETA: 0:40:47
                                        
FPS: 16 Current Frame: 5663 ETA: 0:40:47
                                        
FPS: 16 Current Frame: 5671 ETA: 0:40:46
                                        
FPS: 16 Current Frame: 5679 ETA: 0:40:46
                                        
FPS: 16 Current Frame: 5688 ETA: 0:40:45
                                        
FPS: 16 Current Frame: 5696 ETA: 0:40:44
                                        
FPS: 16 Current Frame: 5704 ETA: 0:40:44
                                        
FPS: 16 Current Frame: 5712 ETA: 0:40:43
                                        
FPS: 16 Current Frame: 5720 ETA: 0:40:43
                                        
FPS: 16 Current Frame: 5728 ETA: 0:40:42
                                        
FPS: 16 Current Frame: 5736 ETA: 0:40:42
                                        
FPS: 16 Current Frame: 5744 ETA: 0:40:41
                                        
FPS: 16 Current Frame: 5752 ETA: 0:40:41
                                        
FPS: 16 Current Frame: 5760 ETA: 0:40:40
                                        
FPS: 16 Current Frame: 5768 ETA: 0:40:40
                                        
FPS: 16 Current Frame: 5776 ETA: 0:40:40
                                        
FPS: 16 Current Frame: 5784 ETA: 0:40:39
                                        
FPS: 16 Current Frame: 5793 ETA: 0:40:38
                                        
FPS: 16 Current Frame: 5801 ETA: 0:40:38
                                        
FPS: 16 Current Frame: 5809 ETA: 0:40:37
                                        
FPS: 16 Current Frame: 5817 ETA: 0:40:37
                                        
FPS: 16 Current Frame: 5825 ETA: 0:40:36
                                        
FPS: 16 Current Frame: 5833 ETA: 0:40:36
                                        
FPS: 16 Current Frame: 5841 ETA: 0:40:35
                                        
FPS: 16 Current Frame: 5849 ETA: 0:40:35
                                        
FPS: 16 Current Frame: 5857 ETA: 0:40:34
                                        
FPS: 16 Current Frame: 5865 ETA: 0:40:34
                                        
FPS: 16 Current Frame: 5873 ETA: 0:40:33
                                        
FPS: 16 Current Frame: 5881 ETA: 0:40:33
                                        
FPS: 16 Current Frame: 5889 ETA: 0:40:33
                                        
FPS: 16 Current Frame: 5897 ETA: 0:40:32
                                        
FPS: 16 Current Frame: 5906 ETA: 0:40:31
                                        
FPS: 16 Current Frame: 5914 ETA: 0:40:31
                                        
FPS: 16 Current Frame: 5922 ETA: 0:40:30
                                        
FPS: 16 Current Frame: 5930 ETA: 0:40:30
                                        
FPS: 16 Current Frame: 5938 ETA: 0:40:29
                                        
FPS: 16 Current Frame: 5946 ETA: 0:40:29
                                        
FPS: 16 Current Frame: 5954 ETA: 0:40:28
                                        
FPS: 16 Current Frame: 5962 ETA: 0:40:28
                                        
FPS: 16 Current Frame: 5971 ETA: 0:40:27
                                        
FPS: 16 Current Frame: 5979 ETA: 0:40:26
                                        
FPS: 16 Current Frame: 5987 ETA: 0:40:26
                                        
FPS: 16 Current Frame: 5995 ETA: 0:40:25
                                        
FPS: 16 Current Frame: 6003 ETA: 0:40:25
                                        
FPS: 16 Current Frame: 6011 ETA: 0:40:25
                                        
FPS: 16 Current Frame: 6019 ETA: 0:40:24
                                        
FPS: 16 Current Frame: 6027 ETA: 0:40:24
                                        
FPS: 16 Current Frame: 6035 ETA: 0:40:23
                                        
FPS: 16 Current Frame: 6043 ETA: 0:40:23
                                        
FPS: 16 Current Frame: 6051 ETA: 0:40:22
                                        
FPS: 16 Current Frame: 6059 ETA: 0:40:22
                                        
FPS: 16 Current Frame: 6067 ETA: 0:40:21
                                        
FPS: 16 Current Frame: 6076 ETA: 0:40:20
                                        
FPS: 16 Current Frame: 6084 ETA: 0:40:20
                                        
FPS: 16 Current Frame: 6092 ETA: 0:40:19
                                        
FPS: 16 Current Frame: 6100 ETA: 0:40:19
                                        
FPS: 16 Current Frame: 6108 ETA: 0:40:18
                                        
FPS: 16 Current Frame: 6116 ETA: 0:40:18
                                        
FPS: 16 Current Frame: 6124 ETA: 0:40:18
                                        
FPS: 16 Current Frame: 6132 ETA: 0:40:17
                                        
FPS: 16 Current Frame: 6140 ETA: 0:40:17
                                        
FPS: 16 Current Frame: 6148 ETA: 0:40:16
                                        
FPS: 16 Current Frame: 6157 ETA: 0:40:15
                                        
FPS: 16 Current Frame: 6165 ETA: 0:40:15
                                        
FPS: 16 Current Frame: 6172 ETA: 0:40:15
                                        
FPS: 16 Current Frame: 6181 ETA: 0:40:14
                                        
FPS: 16 Current Frame: 6189 ETA: 0:40:13
                                        
FPS: 16 Current Frame: 6197 ETA: 0:40:13
                                        
FPS: 16 Current Frame: 6205 ETA: 0:40:12
                                        
FPS: 16 Current Frame: 6213 ETA: 0:40:12
                                        
FPS: 16 Current Frame: 6221 ETA: 0:40:11
                                        
FPS: 16 Current Frame: 6229 ETA: 0:40:11
                                        
FPS: 16 Current Frame: 6237 ETA: 0:40:11
                                        
FPS: 16 Current Frame: 6245 ETA: 0:40:10
                                        
FPS: 16 Current Frame: 6253 ETA: 0:40:10
                                        
FPS: 16 Current Frame: 6262 ETA: 0:40:09
                                        
FPS: 16 Current Frame: 6270 ETA: 0:40:08
                                        
FPS: 16 Current Frame: 6278 ETA: 0:40:08
                                        
FPS: 16 Current Frame: 6286 ETA: 0:40:07
                                        
FPS: 16 Current Frame: 6294 ETA: 0:40:07
                                        
FPS: 16 Current Frame: 6302 ETA: 0:40:06
                                        
FPS: 16 Current Frame: 6310 ETA: 0:40:06
                                        
FPS: 16 Current Frame: 6318 ETA: 0:40:05
                                        
FPS: 16 Current Frame: 6326 ETA: 0:40:05
                                        
FPS: 16 Current Frame: 6334 ETA: 0:40:04
                                        
FPS: 16 Current Frame: 6342 ETA: 0:40:04
                                        
FPS: 16 Current Frame: 6351 ETA: 0:40:03
                                        
FPS: 16 Current Frame: 6359 ETA: 0:40:03
                                        
FPS: 16 Current Frame: 6367 ETA: 0:40:02
                                        
FPS: 16 Current Frame: 6375 ETA: 0:40:02
                                        
FPS: 16 Current Frame: 6383 ETA: 0:40:01
                                        
FPS: 16 Current Frame: 6391 ETA: 0:40:01
                                        
FPS: 16 Current Frame: 6399 ETA: 0:40:00
                                        
FPS: 16 Current Frame: 6407 ETA: 0:40:00
                                        
FPS: 16 Current Frame: 6415 ETA: 0:39:59
                                        
FPS: 16 Current Frame: 6423 ETA: 0:39:59
                                        
FPS: 16 Current Frame: 6431 ETA: 0:39:58
                                        
FPS: 16 Current Frame: 6440 ETA: 0:39:57
                                        
FPS: 16 Current Frame: 6448 ETA: 0:39:57
                                        
FPS: 16 Current Frame: 6456 ETA: 0:39:56
                                        
FPS: 16 Current Frame: 6464 ETA: 0:39:56
                                        
FPS: 16 Current Frame: 6472 ETA: 0:39:56
                                        
FPS: 16 Current Frame: 6480 ETA: 0:39:55
                                        
FPS: 16 Current Frame: 6488 ETA: 0:39:55
                                        
FPS: 16 Current Frame: 6496 ETA: 0:39:54
                                        
FPS: 16 Current Frame: 6504 ETA: 0:39:54
                                        
FPS: 16 Current Frame: 6513 ETA: 0:39:53
                                        
FPS: 16 Current Frame: 6521 ETA: 0:39:52
                                        
FPS: 16 Current Frame: 6529 ETA: 0:39:52
                                        
FPS: 16 Current Frame: 6537 ETA: 0:39:51
                                        
FPS: 16 Current Frame: 6545 ETA: 0:39:51
                                        
FPS: 16 Current Frame: 6553 ETA: 0:39:50
                                        
FPS: 16 Current Frame: 6561 ETA: 0:39:50
                                        
FPS: 16 Current Frame: 6569 ETA: 0:39:49
                                        
FPS: 16 Current Frame: 6577 ETA: 0:39:49
                                        
FPS: 16 Current Frame: 6585 ETA: 0:39:49
                                        
FPS: 16 Current Frame: 6593 ETA: 0:39:48
                                        
FPS: 16 Current Frame: 6601 ETA: 0:39:48
                                        
FPS: 16 Current Frame: 6609 ETA: 0:39:47
                                        
FPS: 16 Current Frame: 6618 ETA: 0:39:46
                                        
FPS: 16 Current Frame: 6626 ETA: 0:39:46
                                        
FPS: 16 Current Frame: 6634 ETA: 0:39:45
                                        
FPS: 16 Current Frame: 6642 ETA: 0:39:45
                                        
FPS: 16 Current Frame: 6650 ETA: 0:39:44
                                        
FPS: 16 Current Frame: 6658 ETA: 0:39:44
                                        
FPS: 16 Current Frame: 6666 ETA: 0:39:43
                                        
FPS: 16 Current Frame: 6674 ETA: 0:39:43
                                        
FPS: 16 Current Frame: 6682 ETA: 0:39:42
                                        
FPS: 16 Current Frame: 6689 ETA: 0:39:42
                                        
FPS: 16 Current Frame: 6697 ETA: 0:39:42
                                        
FPS: 16 Current Frame: 6705 ETA: 0:39:41
                                        
FPS: 16 Current Frame: 6713 ETA: 0:39:41
                                        
FPS: 16 Current Frame: 6721 ETA: 0:39:40
                                        
FPS: 16 Current Frame: 6730 ETA: 0:39:40
                                        
FPS: 16 Current Frame: 6738 ETA: 0:39:39
                                        
FPS: 16 Current Frame: 6746 ETA: 0:39:39
                                        
FPS: 16 Current Frame: 6754 ETA: 0:39:38
                                        
FPS: 16 Current Frame: 6762 ETA: 0:39:38
                                        
FPS: 16 Current Frame: 6770 ETA: 0:39:37
                                        
FPS: 16 Current Frame: 6778 ETA: 0:39:37
                                        
FPS: 16 Current Frame: 6786 ETA: 0:39:36
                                        
FPS: 16 Current Frame: 6794 ETA: 0:39:36
                                        
FPS: 16 Current Frame: 6802 ETA: 0:39:35
                                        
FPS: 16 Current Frame: 6810 ETA: 0:39:35
                                        
FPS: 16 Current Frame: 6818 ETA: 0:39:34
                                        
FPS: 16 Current Frame: 6826 ETA: 0:39:34
                                        
FPS: 16 Current Frame: 6834 ETA: 0:39:33
                                        
FPS: 16 Current Frame: 6843 ETA: 0:39:33
                                        
FPS: 16 Current Frame: 6851 ETA: 0:39:32
                                        
FPS: 16 Current Frame: 6859 ETA: 0:39:32
                                        
FPS: 16 Current Frame: 6867 ETA: 0:39:31
                                        
FPS: 16 Current Frame: 6875 ETA: 0:39:31
                                        
FPS: 16 Current Frame: 6883 ETA: 0:39:30
                                        
FPS: 16 Current Frame: 6891 ETA: 0:39:30
                                        
FPS: 16 Current Frame: 6899 ETA: 0:39:29
                                        
FPS: 16 Current Frame: 6907 ETA: 0:39:29
                                        
FPS: 16 Current Frame: 6916 ETA: 0:39:28
                                        
FPS: 16 Current Frame: 6924 ETA: 0:39:27
                                        
FPS: 16 Current Frame: 6932 ETA: 0:39:27
                                        
FPS: 16 Current Frame: 6940 ETA: 0:39:27
                                        
FPS: 16 Current Frame: 6948 ETA: 0:39:26
                                        
FPS: 16 Current Frame: 6956 ETA: 0:39:26
                                        
FPS: 16 Current Frame: 6964 ETA: 0:39:25
                                        
FPS: 16 Current Frame: 6973 ETA: 0:39:24
                                        
FPS: 16 Current Frame: 6981 ETA: 0:39:24
                                        
FPS: 16 Current Frame: 6989 ETA: 0:39:23
                                        
FPS: 16 Current Frame: 6997 ETA: 0:39:23
                                        
FPS: 16 Current Frame: 7005 ETA: 0:39:22
                                        
FPS: 16 Current Frame: 7013 ETA: 0:39:22
                                        
FPS: 16 Current Frame: 7021 ETA: 0:39:21
                                        
FPS: 16 Current Frame: 7029 ETA: 0:39:21
                                        
FPS: 16 Current Frame: 7037 ETA: 0:39:20
                                        
FPS: 16 Current Frame: 7045 ETA: 0:39:20
                                        
FPS: 16 Current Frame: 7053 ETA: 0:39:19
                                        
FPS: 16 Current Frame: 7061 ETA: 0:39:19
                                        
FPS: 16 Current Frame: 7069 ETA: 0:39:19
                                        
FPS: 16 Current Frame: 7078 ETA: 0:39:18
                                        
FPS: 16 Current Frame: 7086 ETA: 0:39:17
                                        
FPS: 16 Current Frame: 7094 ETA: 0:39:17
                                        
FPS: 16 Current Frame: 7102 ETA: 0:39:16
                                        
FPS: 16 Current Frame: 7110 ETA: 0:39:16
                                        
FPS: 16 Current Frame: 7118 ETA: 0:39:15
                                        
FPS: 16 Current Frame: 7126 ETA: 0:39:15
                                        
FPS: 16 Current Frame: 7134 ETA: 0:39:14
                                        
FPS: 16 Current Frame: 7142 ETA: 0:39:14
                                        
FPS: 16 Current Frame: 7150 ETA: 0:39:13
                                        
FPS: 16 Current Frame: 7158 ETA: 0:39:13
                                        
FPS: 16 Current Frame: 7166 ETA: 0:39:12
                                        
FPS: 16 Current Frame: 7174 ETA: 0:39:12
                                        
FPS: 16 Current Frame: 7183 ETA: 0:39:11
                                        
FPS: 16 Current Frame: 7191 ETA: 0:39:11
                                        
FPS: 16 Current Frame: 7199 ETA: 0:39:10
                                        
FPS: 16 Current Frame: 7207 ETA: 0:39:10
                                        
FPS: 16 Current Frame: 7215 ETA: 0:39:09
                                        
FPS: 16 Current Frame: 7223 ETA: 0:39:09
                                        
FPS: 16 Current Frame: 7231 ETA: 0:39:08
                                        
FPS: 16 Current Frame: 7239 ETA: 0:39:08
                                        
FPS: 16 Current Frame: 7247 ETA: 0:39:07
                                        
FPS: 16 Current Frame: 7255 ETA: 0:39:07
                                        
FPS: 16 Current Frame: 7263 ETA: 0:39:06
                                        
FPS: 16 Current Frame: 7272 ETA: 0:39:06
                                        
FPS: 16 Current Frame: 7280 ETA: 0:39:05
                                        
FPS: 16 Current Frame: 7288 ETA: 0:39:05
                                        
FPS: 16 Current Frame: 7296 ETA: 0:39:04
                                        
FPS: 16 Current Frame: 7304 ETA: 0:39:04
                                        
FPS: 16 Current Frame: 7312 ETA: 0:39:03
                                        
FPS: 16 Current Frame: 7320 ETA: 0:39:03
                                        
FPS: 16 Current Frame: 7328 ETA: 0:39:02
                                        
FPS: 16 Current Frame: 7336 ETA: 0:39:02
                                        
FPS: 16 Current Frame: 7344 ETA: 0:39:01
                                        
FPS: 16 Current Frame: 7352 ETA: 0:39:01
                                        
FPS: 16 Current Frame: 7360 ETA: 0:39:00
                                        
FPS: 16 Current Frame: 7368 ETA: 0:39:00
                                        
FPS: 16 Current Frame: 7376 ETA: 0:38:59
                                        
FPS: 16 Current Frame: 7384 ETA: 0:38:59
                                        
FPS: 16 Current Frame: 7393 ETA: 0:38:58
                                        
FPS: 16 Current Frame: 7401 ETA: 0:38:58
                                        
FPS: 16 Current Frame: 7409 ETA: 0:38:57
                                        
FPS: 16 Current Frame: 7417 ETA: 0:38:57
                                        
FPS: 16 Current Frame: 7425 ETA: 0:38:56
                                        
FPS: 16 Current Frame: 7433 ETA: 0:38:56
                                        
FPS: 16 Current Frame: 7441 ETA: 0:38:55
                                        
FPS: 16 Current Frame: 7449 ETA: 0:38:55
                                        
FPS: 16 Current Frame: 7457 ETA: 0:38:54
                                        
FPS: 16 Current Frame: 7465 ETA: 0:38:54
                                        
FPS: 16 Current Frame: 7473 ETA: 0:38:53
                                        
FPS: 16 Current Frame: 7481 ETA: 0:38:53
                                        
FPS: 16 Current Frame: 7489 ETA: 0:38:52
                                        
FPS: 16 Current Frame: 7497 ETA: 0:38:52
                                        
FPS: 16 Current Frame: 7505 ETA: 0:38:51
                                        
FPS: 16 Current Frame: 7513 ETA: 0:38:51
                                        
FPS: 16 Current Frame: 7522 ETA: 0:38:50
                                        
FPS: 16 Current Frame: 7530 ETA: 0:38:50
                                        
FPS: 16 Current Frame: 7538 ETA: 0:38:49
                                        
FPS: 16 Current Frame: 7546 ETA: 0:38:49
                                        
FPS: 16 Current Frame: 7554 ETA: 0:38:48
                                        
FPS: 16 Current Frame: 7562 ETA: 0:38:48
                                        
FPS: 16 Current Frame: 7570 ETA: 0:38:47
                                        
FPS: 16 Current Frame: 7578 ETA: 0:38:47
                                        
FPS: 16 Current Frame: 7586 ETA: 0:38:46
                                        
FPS: 16 Current Frame: 7594 ETA: 0:38:46
                                        
FPS: 16 Current Frame: 7602 ETA: 0:38:45
                                        
FPS: 16 Current Frame: 7610 ETA: 0:38:45
                                        
FPS: 16 Current Frame: 7618 ETA: 0:38:44
                                        
FPS: 16 Current Frame: 7626 ETA: 0:38:44
                                        
FPS: 16 Current Frame: 7634 ETA: 0:38:43
                                        
FPS: 16 Current Frame: 7642 ETA: 0:38:43
                                        
FPS: 16 Current Frame: 7650 ETA: 0:38:43
                                        
FPS: 16 Current Frame: 7658 ETA: 0:38:42
                                        
FPS: 16 Current Frame: 7666 ETA: 0:38:42
                                        
FPS: 16 Current Frame: 7674 ETA: 0:38:41
                                        
FPS: 16 Current Frame: 7683 ETA: 0:38:40
                                        
FPS: 16 Current Frame: 7691 ETA: 0:38:40
                                        
FPS: 16 Current Frame: 7699 ETA: 0:38:39
                                        
FPS: 16 Current Frame: 7707 ETA: 0:38:39
                                        
FPS: 16 Current Frame: 7715 ETA: 0:38:38
                                        
FPS: 16 Current Frame: 7723 ETA: 0:38:38
                                        
FPS: 16 Current Frame: 7731 ETA: 0:38:37
                                        
FPS: 16 Current Frame: 7739 ETA: 0:38:37
                                        
FPS: 16 Current Frame: 7747 ETA: 0:38:36
                                        
FPS: 16 Current Frame: 7755 ETA: 0:38:36
                                        
FPS: 16 Current Frame: 7763 ETA: 0:38:35
                                        
FPS: 16 Current Frame: 7771 ETA: 0:38:35
                                        
FPS: 16 Current Frame: 7779 ETA: 0:38:35
                                        
FPS: 16 Current Frame: 7787 ETA: 0:38:34
                                        
FPS: 16 Current Frame: 7795 ETA: 0:38:34
                                        
FPS: 16 Current Frame: 7803 ETA: 0:38:33
                                        
FPS: 16 Current Frame: 7811 ETA: 0:38:33
                                        
FPS: 16 Current Frame: 7819 ETA: 0:38:32
                                        
FPS: 16 Current Frame: 7827 ETA: 0:38:32
                                        
FPS: 16 Current Frame: 7835 ETA: 0:38:31
                                        
FPS: 16 Current Frame: 7843 ETA: 0:38:31
                                        
FPS: 16 Current Frame: 7852 ETA: 0:38:30
                                        
FPS: 16 Current Frame: 7860 ETA: 0:38:29
                                        
FPS: 16 Current Frame: 7868 ETA: 0:38:29
                                        
FPS: 16 Current Frame: 7875 ETA: 0:38:29
                                        
FPS: 16 Current Frame: 7883 ETA: 0:38:28
                                        
FPS: 16 Current Frame: 7891 ETA: 0:38:28
                                        
FPS: 16 Current Frame: 7899 ETA: 0:38:27
                                        
FPS: 16 Current Frame: 7906 ETA: 0:38:27
                                        
FPS: 16 Current Frame: 7914 ETA: 0:38:27
                                        
FPS: 16 Current Frame: 7922 ETA: 0:38:26
                                        
FPS: 16 Current Frame: 7930 ETA: 0:38:26
                                        
FPS: 16 Current Frame: 7938 ETA: 0:38:25
                                        
FPS: 16 Current Frame: 7946 ETA: 0:38:25
                                        
FPS: 16 Current Frame: 7954 ETA: 0:38:24
                                        
FPS: 16 Current Frame: 7961 ETA: 0:38:24
                                        
FPS: 16 Current Frame: 7969 ETA: 0:38:24
                                        
FPS: 16 Current Frame: 7977 ETA: 0:38:23
                                        
FPS: 16 Current Frame: 7985 ETA: 0:38:23
                                        
FPS: 16 Current Frame: 7993 ETA: 0:38:22
                                        
FPS: 16 Current Frame: 8001 ETA: 0:38:22
                                        
FPS: 16 Current Frame: 8009 ETA: 0:38:21
                                        
FPS: 16 Current Frame: 8017 ETA: 0:38:21
                                        
FPS: 16 Current Frame: 8025 ETA: 0:38:20
                                        
FPS: 16 Current Frame: 8033 ETA: 0:38:20
                                        
FPS: 16 Current Frame: 8041 ETA: 0:38:20
                                        
FPS: 16 Current Frame: 8048 ETA: 0:38:19
                                        
FPS: 16 Current Frame: 8056 ETA: 0:38:19
                                        
FPS: 16 Current Frame: 8064 ETA: 0:38:18
                                        
FPS: 16 Current Frame: 8072 ETA: 0:38:18
                                        
FPS: 16 Current Frame: 8080 ETA: 0:38:17
                                        
FPS: 16 Current Frame: 8088 ETA: 0:38:17
                                        
FPS: 16 Current Frame: 8095 ETA: 0:38:17
                                        
FPS: 16 Current Frame: 8103 ETA: 0:38:16
                                        
FPS: 16 Current Frame: 8111 ETA: 0:38:16
                                        
FPS: 16 Current Frame: 8119 ETA: 0:38:15
                                        
FPS: 16 Current Frame: 8127 ETA: 0:38:15
                                        
FPS: 16 Current Frame: 8135 ETA: 0:38:14
                                        
FPS: 16 Current Frame: 8143 ETA: 0:38:14
                                        
FPS: 16 Current Frame: 8151 ETA: 0:38:13
                                        
FPS: 16 Current Frame: 8159 ETA: 0:38:13
                                        
FPS: 16 Current Frame: 8167 ETA: 0:38:13
                                        
FPS: 16 Current Frame: 8175 ETA: 0:38:12
                                        
FPS: 16 Current Frame: 8183 ETA: 0:38:12
                                        
FPS: 16 Current Frame: 8191 ETA: 0:38:11
                                        
FPS: 16 Current Frame: 8199 ETA: 0:38:11
                                        
FPS: 16 Current Frame: 8207 ETA: 0:38:10
                                        
FPS: 16 Current Frame: 8215 ETA: 0:38:10
                                        
FPS: 16 Current Frame: 8223 ETA: 0:38:09
                                        
FPS: 16 Current Frame: 8231 ETA: 0:38:09
                                        
FPS: 16 Current Frame: 8239 ETA: 0:38:08
                                        
FPS: 16 Current Frame: 8247 ETA: 0:38:08
                                        
FPS: 16 Current Frame: 8255 ETA: 0:38:07
                                        
FPS: 16 Current Frame: 8263 ETA: 0:38:07
                                        
FPS: 16 Current Frame: 8271 ETA: 0:38:06
                                        
FPS: 16 Current Frame: 8279 ETA: 0:38:06
                                        
FPS: 16 Current Frame: 8287 ETA: 0:38:05
                                        
FPS: 16 Current Frame: 8295 ETA: 0:38:05
                                        
FPS: 16 Current Frame: 8303 ETA: 0:38:04
                                        
FPS: 16 Current Frame: 8311 ETA: 0:38:04
                                        
FPS: 16 Current Frame: 8319 ETA: 0:38:03
                                        
FPS: 16 Current Frame: 8327 ETA: 0:38:03
                                        
FPS: 16 Current Frame: 8335 ETA: 0:38:02
                                        
FPS: 16 Current Frame: 8343 ETA: 0:38:02
                                        
FPS: 16 Current Frame: 8351 ETA: 0:38:02
                                        
FPS: 16 Current Frame: 8359 ETA: 0:38:01
                                        
FPS: 16 Current Frame: 8367 ETA: 0:38:01
                                        
FPS: 16 Current Frame: 8375 ETA: 0:38:00
                                        
FPS: 16 Current Frame: 8383 ETA: 0:38:00
                                        
FPS: 16 Current Frame: 8391 ETA: 0:37:59
                                        
FPS: 16 Current Frame: 8399 ETA: 0:37:59
                                        
FPS: 16 Current Frame: 8407 ETA: 0:37:58
                                        
FPS: 16 Current Frame: 8415 ETA: 0:37:58
                                        
FPS: 16 Current Frame: 8423 ETA: 0:37:57
                                        
FPS: 16 Current Frame: 8431 ETA: 0:37:57
                                        
FPS: 16 Current Frame: 8439 ETA: 0:37:56
                                        
FPS: 16 Current Frame: 8447 ETA: 0:37:56
                                        
FPS: 16 Current Frame: 8455 ETA: 0:37:55
                                        
FPS: 16 Current Frame: 8463 ETA: 0:37:55
                                        
FPS: 16 Current Frame: 8471 ETA: 0:37:54
                                        
FPS: 16 Current Frame: 8479 ETA: 0:37:54
                                        
FPS: 16 Current Frame: 8487 ETA: 0:37:53
                                        
FPS: 16 Current Frame: 8495 ETA: 0:37:53
                                        
FPS: 16 Current Frame: 8503 ETA: 0:37:52
                                        
FPS: 16 Current Frame: 8511 ETA: 0:37:52
                                        
FPS: 16 Current Frame: 8519 ETA: 0:37:51
                                        
FPS: 16 Current Frame: 8527 ETA: 0:37:51
                                        
FPS: 16 Current Frame: 8535 ETA: 0:37:50
                                        
FPS: 16 Current Frame: 8543 ETA: 0:37:50
                                        
FPS: 16 Current Frame: 8551 ETA: 0:37:49
                                        
FPS: 16 Current Frame: 8559 ETA: 0:37:49
                                        
FPS: 16 Current Frame: 8567 ETA: 0:37:49
                                        
FPS: 16 Current Frame: 8575 ETA: 0:37:48
                                        
FPS: 16 Current Frame: 8583 ETA: 0:37:48
                                        
FPS: 16 Current Frame: 8591 ETA: 0:37:47
                                        
FPS: 16 Current Frame: 8599 ETA: 0:37:47
                                        
FPS: 16 Current Frame: 8607 ETA: 0:37:46
                                        
FPS: 16 Current Frame: 8615 ETA: 0:37:46
                                        
FPS: 16 Current Frame: 8623 ETA: 0:37:45
                                        
FPS: 16 Current Frame: 8631 ETA: 0:37:45
                                        
FPS: 16 Current Frame: 8639 ETA: 0:37:44
                                        
FPS: 16 Current Frame: 8647 ETA: 0:37:44
                                        
FPS: 16 Current Frame: 8655 ETA: 0:37:43
                                        
FPS: 16 Current Frame: 8663 ETA: 0:37:43
                                        
FPS: 16 Current Frame: 8671 ETA: 0:37:42
                                        
FPS: 16 Current Frame: 8679 ETA: 0:37:42
                                        
FPS: 16 Current Frame: 8687 ETA: 0:37:41
                                        
FPS: 16 Current Frame: 8695 ETA: 0:37:41
                                        
FPS: 16 Current Frame: 8703 ETA: 0:37:40
                                        
FPS: 16 Current Frame: 8711 ETA: 0:37:40
                                        
FPS: 16 Current Frame: 8719 ETA: 0:37:39
                                        
FPS: 16 Current Frame: 8727 ETA: 0:37:39
                                        
FPS: 16 Current Frame: 8735 ETA: 0:37:38
                                        
FPS: 16 Current Frame: 8743 ETA: 0:37:38
                                        
FPS: 16 Current Frame: 8751 ETA: 0:37:37
                                        
FPS: 16 Current Frame: 8759 ETA: 0:37:37
                                        
FPS: 16 Current Frame: 8767 ETA: 0:37:36
                                        
FPS: 16 Current Frame: 8775 ETA: 0:37:36
                                        
FPS: 16 Current Frame: 8783 ETA: 0:37:36
                                        
FPS: 16 Current Frame: 8791 ETA: 0:37:35
                                        
FPS: 16 Current Frame: 8799 ETA: 0:37:35
                                        
FPS: 16 Current Frame: 8807 ETA: 0:37:34
                                        
FPS: 16 Current Frame: 8815 ETA: 0:37:34
                                        
FPS: 16 Current Frame: 8823 ETA: 0:37:33
                                        
FPS: 16 Current Frame: 8831 ETA: 0:37:33
                                        
FPS: 16 Current Frame: 8839 ETA: 0:37:32
                                        
FPS: 16 Current Frame: 8847 ETA: 0:37:32
                                        
FPS: 16 Current Frame: 8855 ETA: 0:37:31
                                        
FPS: 16 Current Frame: 8863 ETA: 0:37:31
                                        
FPS: 16 Current Frame: 8871 ETA: 0:37:30
                                        
FPS: 16 Current Frame: 8879 ETA: 0:37:30
                                        
FPS: 16 Current Frame: 8887 ETA: 0:37:29
                                        
FPS: 16 Current Frame: 8895 ETA: 0:37:29
                                        
FPS: 16 Current Frame: 8903 ETA: 0:37:28
                                        
FPS: 16 Current Frame: 8911 ETA: 0:37:28
                                        
FPS: 16 Current Frame: 8919 ETA: 0:37:27
                                        
FPS: 16 Current Frame: 8927 ETA: 0:37:27
                                        
FPS: 16 Current Frame: 8935 ETA: 0:37:26
                                        
FPS: 16 Current Frame: 8943 ETA: 0:37:26
                                        
FPS: 16 Current Frame: 8951 ETA: 0:37:25
                                        
FPS: 16 Current Frame: 8959 ETA: 0:37:25
                                        
FPS: 16 Current Frame: 8967 ETA: 0:37:24
                                        
FPS: 16 Current Frame: 8975 ETA: 0:37:24
                                        
FPS: 16 Current Frame: 8982 ETA: 0:37:24
                                        
FPS: 16 Current Frame: 8990 ETA: 0:37:23
                                        
FPS: 16 Current Frame: 8998 ETA: 0:37:23
                                        
FPS: 16 Current Frame: 9006 ETA: 0:37:22
                                        
FPS: 16 Current Frame: 9014 ETA: 0:37:22
                                        
FPS: 16 Current Frame: 9022 ETA: 0:37:21
                                        
FPS: 16 Current Frame: 9030 ETA: 0:37:21
                                        
FPS: 16 Current Frame: 9038 ETA: 0:37:20
                                        
FPS: 16 Current Frame: 9046 ETA: 0:37:20
                                        
FPS: 16 Current Frame: 9054 ETA: 0:37:19
                                        
FPS: 16 Current Frame: 9062 ETA: 0:37:19
                                        
FPS: 16 Current Frame: 9070 ETA: 0:37:18
                                        
FPS: 16 Current Frame: 9078 ETA: 0:37:18
                                        
FPS: 16 Current Frame: 9086 ETA: 0:37:17
                                        
FPS: 16 Current Frame: 9094 ETA: 0:37:17
                                        
FPS: 16 Current Frame: 9102 ETA: 0:37:17
                                        
FPS: 16 Current Frame: 9110 ETA: 0:37:16
                                        
FPS: 16 Current Frame: 9118 ETA: 0:37:16
                                        
FPS: 16 Current Frame: 9126 ETA: 0:37:15
                                        
FPS: 16 Current Frame: 9134 ETA: 0:37:15
                                        
FPS: 16 Current Frame: 9142 ETA: 0:37:14
                                        
FPS: 16 Current Frame: 9150 ETA: 0:37:14
                                        
FPS: 16 Current Frame: 9158 ETA: 0:37:13
                                        
FPS: 16 Current Frame: 9166 ETA: 0:37:13
                                        
FPS: 16 Current Frame: 9174 ETA: 0:37:12
                                        
FPS: 16 Current Frame: 9182 ETA: 0:37:12
                                        
FPS: 16 Current Frame: 9190 ETA: 0:37:11
                                        
FPS: 16 Current Frame: 9198 ETA: 0:37:11
                                        
FPS: 16 Current Frame: 9206 ETA: 0:37:10
                                        
FPS: 16 Current Frame: 9214 ETA: 0:37:10
                                        
FPS: 16 Current Frame: 9222 ETA: 0:37:09
                                        
FPS: 16 Current Frame: 9230 ETA: 0:37:09
                                        
FPS: 16 Current Frame: 9238 ETA: 0:37:08
                                        
FPS: 16 Current Frame: 9246 ETA: 0:37:08
                                        
FPS: 16 Current Frame: 9254 ETA: 0:37:07
                                        
FPS: 16 Current Frame: 9262 ETA: 0:37:07
                                        
FPS: 16 Current Frame: 9270 ETA: 0:37:06
                                        
FPS: 16 Current Frame: 9278 ETA: 0:37:06
                                        
FPS: 16 Current Frame: 9286 ETA: 0:37:05
                                        
FPS: 16 Current Frame: 9294 ETA: 0:37:05
                                        
FPS: 16 Current Frame: 9302 ETA: 0:37:04
                                        
FPS: 16 Current Frame: 9310 ETA: 0:37:04
                                        
FPS: 16 Current Frame: 9318 ETA: 0:37:03
                                        
FPS: 16 Current Frame: 9326 ETA: 0:37:03
                                        
FPS: 16 Current Frame: 9334 ETA: 0:37:02
                                        
FPS: 16 Current Frame: 9342 ETA: 0:37:02
                                        
FPS: 16 Current Frame: 9350 ETA: 0:37:02
                                        
FPS: 16 Current Frame: 9358 ETA: 0:37:01
                                        
FPS: 16 Current Frame: 9366 ETA: 0:37:01
                                        
FPS: 16 Current Frame: 9374 ETA: 0:37:00
                                        
FPS: 16 Current Frame: 9382 ETA: 0:37:00
                                        
FPS: 16 Current Frame: 9390 ETA: 0:36:59
                                        
FPS: 16 Current Frame: 9398 ETA: 0:36:59
                                        
FPS: 16 Current Frame: 9405 ETA: 0:36:58
                                        
FPS: 16 Current Frame: 9413 ETA: 0:36:58
                                        
FPS: 16 Current Frame: 9421 ETA: 0:36:57
                                        
FPS: 16 Current Frame: 9429 ETA: 0:36:57
                                        
FPS: 16 Current Frame: 9437 ETA: 0:36:56
                                        
FPS: 16 Current Frame: 9445 ETA: 0:36:56
                                        
FPS: 16 Current Frame: 9453 ETA: 0:36:55
                                        
FPS: 16 Current Frame: 9461 ETA: 0:36:55
                                        
FPS: 16 Current Frame: 9469 ETA: 0:36:55
                                        
FPS: 16 Current Frame: 9477 ETA: 0:36:54
                                        
FPS: 16 Current Frame: 9485 ETA: 0:36:54
                                        
FPS: 16 Current Frame: 9493 ETA: 0:36:53
                                        
FPS: 16 Current Frame: 9501 ETA: 0:36:53
                                        
FPS: 16 Current Frame: 9509 ETA: 0:36:52
                                        
FPS: 16 Current Frame: 9517 ETA: 0:36:52
                                        
FPS: 16 Current Frame: 9525 ETA: 0:36:51
                                        
FPS: 16 Current Frame: 9533 ETA: 0:36:51
                                        
FPS: 16 Current Frame: 9541 ETA: 0:36:50
                                        
FPS: 16 Current Frame: 9549 ETA: 0:36:50
                                        
FPS: 16 Current Frame: 9557 ETA: 0:36:49
                                        
FPS: 16 Current Frame: 9565 ETA: 0:36:49
                                        
FPS: 16 Current Frame: 9573 ETA: 0:36:48
                                        
FPS: 16 Current Frame: 9581 ETA: 0:36:48
                                        
FPS: 16 Current Frame: 9589 ETA: 0:36:47
                                        
FPS: 16 Current Frame: 9597 ETA: 0:36:47
                                        
FPS: 16 Current Frame: 9605 ETA: 0:36:46
                                        
FPS: 16 Current Frame: 9613 ETA: 0:36:46
                                        
FPS: 16 Current Frame: 9621 ETA: 0:36:45
                                        
FPS: 16 Current Frame: 9629 ETA: 0:36:45
                                        
FPS: 16 Current Frame: 9637 ETA: 0:36:44
                                        
FPS: 16 Current Frame: 9645 ETA: 0:36:44
                                        
FPS: 16 Current Frame: 9653 ETA: 0:36:43
                                        
FPS: 16 Current Frame: 9661 ETA: 0:36:43
                                        
FPS: 16 Current Frame: 9669 ETA: 0:36:42
                                        
FPS: 16 Current Frame: 9677 ETA: 0:36:42
                                        
FPS: 16 Current Frame: 9685 ETA: 0:36:41
                                        
FPS: 16 Current Frame: 9692 ETA: 0:36:41
                                        
FPS: 16 Current Frame: 9700 ETA: 0:36:41
                                        
FPS: 16 Current Frame: 9708 ETA: 0:36:40
                                        
FPS: 16 Current Frame: 9716 ETA: 0:36:40
                                        
FPS: 16 Current Frame: 9724 ETA: 0:36:39
                                        
FPS: 16 Current Frame: 9732 ETA: 0:36:39
                                        
FPS: 16 Current Frame: 9740 ETA: 0:36:38
                                        
FPS: 16 Current Frame: 9748 ETA: 0:36:38
                                        
FPS: 16 Current Frame: 9756 ETA: 0:36:37
                                        
FPS: 16 Current Frame: 9764 ETA: 0:36:37
                                        
FPS: 16 Current Frame: 9772 ETA: 0:36:36
                                        
FPS: 16 Current Frame: 9780 ETA: 0:36:36
                                        
FPS: 16 Current Frame: 9788 ETA: 0:36:35
                                        
FPS: 16 Current Frame: 9796 ETA: 0:36:35
                                        
FPS: 16 Current Frame: 9804 ETA: 0:36:34
                                        
FPS: 16 Current Frame: 9812 ETA: 0:36:34
                                        
FPS: 16 Current Frame: 9820 ETA: 0:36:33
                                        
FPS: 16 Current Frame: 9828 ETA: 0:36:33
                                        
FPS: 16 Current Frame: 9836 ETA: 0:36:32
                                        
FPS: 16 Current Frame: 9844 ETA: 0:36:32
                                        
FPS: 16 Current Frame: 9852 ETA: 0:36:31
                                        
FPS: 16 Current Frame: 9860 ETA: 0:36:31
                                        
FPS: 16 Current Frame: 9868 ETA: 0:36:31
                                        
FPS: 16 Current Frame: 9876 ETA: 0:36:30
                                        
FPS: 16 Current Frame: 9884 ETA: 0:36:30
                                        
FPS: 16 Current Frame: 9892 ETA: 0:36:29
                                        
FPS: 16 Current Frame: 9900 ETA: 0:36:29
                                        
FPS: 16 Current Frame: 9908 ETA: 0:36:28
                                        
FPS: 16 Current Frame: 9916 ETA: 0:36:28
                                        
FPS: 16 Current Frame: 9924 ETA: 0:36:27
                                        
FPS: 16 Current Frame: 9932 ETA: 0:36:27
                                        
FPS: 16 Current Frame: 9940 ETA: 0:36:26
                                        
FPS: 16 Current Frame: 9948 ETA: 0:36:26
                                        
FPS: 16 Current Frame: 9956 ETA: 0:36:25
                                        
FPS: 16 Current Frame: 9964 ETA: 0:36:25
                                        
FPS: 16 Current Frame: 9972 ETA: 0:36:24
                                        
FPS: 16 Current Frame: 9980 ETA: 0:36:24
                                        
FPS: 16 Current Frame: 9988 ETA: 0:36:23
                                        
FPS: 16 Current Frame: 9996 ETA: 0:36:23
                                        
FPS: 16 Current Frame: 10004 ETA: 0:36:22
                                         
FPS: 16 Current Frame: 10012 ETA: 0:36:22
                                         
FPS: 16 Current Frame: 10020 ETA: 0:36:21
                                         
FPS: 16 Current Frame: 10028 ETA: 0:36:21
                                         
FPS: 16 Current Frame: 10036 ETA: 0:36:20
                                         
FPS: 16 Current Frame: 10044 ETA: 0:36:20
                                         
FPS: 16 Current Frame: 10052 ETA: 0:36:19
                                         
FPS: 16 Current Frame: 10060 ETA: 0:36:19
                                         
FPS: 16 Current Frame: 10068 ETA: 0:36:18
                                         
FPS: 16 Current Frame: 10076 ETA: 0:36:18
                                         
FPS: 16 Current Frame: 10084 ETA: 0:36:17
                                         
FPS: 16 Current Frame: 10092 ETA: 0:36:17
                                         
FPS: 16 Current Frame: 10100 ETA: 0:36:16
                                         
FPS: 16 Current Frame: 10108 ETA: 0:36:16
                                         
FPS: 16 Current Frame: 10116 ETA: 0:36:15
                                         
FPS: 16 Current Frame: 10124 ETA: 0:36:15
                                         
FPS: 16 Current Frame: 10132 ETA: 0:36:14
                                         
FPS: 16 Current Frame: 10140 ETA: 0:36:14
                                         
FPS: 16 Current Frame: 10148 ETA: 0:36:13
                                         
FPS: 16 Current Frame: 10156 ETA: 0:36:13
                                         
FPS: 16 Current Frame: 10164 ETA: 0:36:12
                                         
FPS: 16 Current Frame: 10172 ETA: 0:36:12
                                         
FPS: 16 Current Frame: 10180 ETA: 0:36:12
                                         
FPS: 16 Current Frame: 10188 ETA: 0:36:11
                                         
FPS: 16 Current Frame: 10196 ETA: 0:36:11
                                         
FPS: 16 Current Frame: 10204 ETA: 0:36:10
                                         
FPS: 16 Current Frame: 10212 ETA: 0:36:10
                                         
FPS: 16 Current Frame: 10220 ETA: 0:36:09
                                         
FPS: 16 Current Frame: 10228 ETA: 0:36:09
                                         
FPS: 16 Current Frame: 10236 ETA: 0:36:08
                                         
FPS: 16 Current Frame: 10244 ETA: 0:36:08
                                         
FPS: 16 Current Frame: 10252 ETA: 0:36:07
                                         
FPS: 16 Current Frame: 10260 ETA: 0:36:07
                                         
FPS: 16 Current Frame: 10268 ETA: 0:36:06
                                         
FPS: 16 Current Frame: 10276 ETA: 0:36:06
                                         
FPS: 16 Current Frame: 10284 ETA: 0:36:05
                                         
FPS: 16 Current Frame: 10292 ETA: 0:36:05
                                         
FPS: 16 Current Frame: 10300 ETA: 0:36:04
                                         
FPS: 16 Current Frame: 10308 ETA: 0:36:04
                                         
FPS: 16 Current Frame: 10316 ETA: 0:36:03
                                         
FPS: 16 Current Frame: 10324 ETA: 0:36:03
                                         
FPS: 16 Current Frame: 10332 ETA: 0:36:02
                                         
FPS: 16 Current Frame: 10340 ETA: 0:36:02
                                         
FPS: 16 Current Frame: 10348 ETA: 0:36:01
                                         
FPS: 16 Current Frame: 10356 ETA: 0:36:01
                                         
FPS: 16 Current Frame: 10364 ETA: 0:36:00
                                         
FPS: 16 Current Frame: 10372 ETA: 0:36:00
                                         
FPS: 16 Current Frame: 10380 ETA: 0:35:59
                                         
FPS: 16 Current Frame: 10388 ETA: 0:35:59
                                         
FPS: 16 Current Frame: 10396 ETA: 0:35:58
                                         
FPS: 16 Current Frame: 10404 ETA: 0:35:58
                                         
FPS: 16 Current Frame: 10412 ETA: 0:35:57
                                         
FPS: 16 Current Frame: 10420 ETA: 0:35:57
                                         
FPS: 16 Current Frame: 10428 ETA: 0:35:56
                                         
FPS: 16 Current Frame: 10435 ETA: 0:35:56
                                         
FPS: 16 Current Frame: 10443 ETA: 0:35:56
                                         
FPS: 16 Current Frame: 10451 ETA: 0:35:55
                                         
FPS: 16 Current Frame: 10459 ETA: 0:35:55
                                         
FPS: 16 Current Frame: 10468 ETA: 0:35:54
                                         
FPS: 16 Current Frame: 10476 ETA: 0:35:53
                                         
FPS: 16 Current Frame: 10484 ETA: 0:35:53
                                         
FPS: 16 Current Frame: 10492 ETA: 0:35:52
                                         
FPS: 16 Current Frame: 10500 ETA: 0:35:52
                                         
FPS: 16 Current Frame: 10508 ETA: 0:35:51
                                         
FPS: 16 Current Frame: 10516 ETA: 0:35:51
                                         
FPS: 16 Current Frame: 10524 ETA: 0:35:51
                                         
FPS: 16 Current Frame: 10532 ETA: 0:35:50
                                         
FPS: 16 Current Frame: 10540 ETA: 0:35:50
                                         
FPS: 16 Current Frame: 10548 ETA: 0:35:49
                                         
FPS: 16 Current Frame: 10556 ETA: 0:35:49
                                         
FPS: 16 Current Frame: 10564 ETA: 0:35:48
                                         
FPS: 16 Current Frame: 10571 ETA: 0:35:48
                                         
FPS: 16 Current Frame: 10579 ETA: 0:35:47
                                         
FPS: 16 Current Frame: 10587 ETA: 0:35:47
                                         
FPS: 16 Current Frame: 10596 ETA: 0:35:46
                                         
FPS: 16 Current Frame: 10603 ETA: 0:35:46
                                         
FPS: 16 Current Frame: 10611 ETA: 0:35:45
                                         
FPS: 16 Current Frame: 10619 ETA: 0:35:45
                                         
FPS: 16 Current Frame: 10627 ETA: 0:35:44
                                         
FPS: 16 Current Frame: 10635 ETA: 0:35:44
                                         
FPS: 16 Current Frame: 10643 ETA: 0:35:43
                                         
FPS: 16 Current Frame: 10651 ETA: 0:35:43
                                         
FPS: 16 Current Frame: 10659 ETA: 0:35:42
                                         
FPS: 16 Current Frame: 10667 ETA: 0:35:42
                                         
FPS: 16 Current Frame: 10675 ETA: 0:35:41
                                         
FPS: 16 Current Frame: 10683 ETA: 0:35:41
                                         
FPS: 16 Current Frame: 10691 ETA: 0:35:41
                                         
FPS: 16 Current Frame: 10699 ETA: 0:35:40
                                         
FPS: 16 Current Frame: 10707 ETA: 0:35:40
                                         
FPS: 16 Current Frame: 10715 ETA: 0:35:39
                                         
FPS: 16 Current Frame: 10723 ETA: 0:35:39
                                         
FPS: 16 Current Frame: 10731 ETA: 0:35:38
                                         
FPS: 16 Current Frame: 10739 ETA: 0:35:38
                                         
FPS: 16 Current Frame: 10747 ETA: 0:35:37
                                         
FPS: 16 Current Frame: 10755 ETA: 0:35:37
                                         
FPS: 16 Current Frame: 10763 ETA: 0:35:36
                                         
FPS: 16 Current Frame: 10771 ETA: 0:35:36
                                         
FPS: 16 Current Frame: 10779 ETA: 0:35:35
                                         
FPS: 16 Current Frame: 10787 ETA: 0:35:35
                                         
FPS: 16 Current Frame: 10795 ETA: 0:35:34
                                         
FPS: 16 Current Frame: 10803 ETA: 0:35:34
                                         
FPS: 16 Current Frame: 10811 ETA: 0:35:33
                                         
FPS: 16 Current Frame: 10819 ETA: 0:35:33
                                         
FPS: 16 Current Frame: 10827 ETA: 0:35:32
                                         
FPS: 16 Current Frame: 10835 ETA: 0:35:32
                                         
FPS: 16 Current Frame: 10843 ETA: 0:35:31
                                         
FPS: 16 Current Frame: 10851 ETA: 0:35:31
                                         
FPS: 16 Current Frame: 10859 ETA: 0:35:30
                                         
FPS: 16 Current Frame: 10867 ETA: 0:35:30
                                         
FPS: 16 Current Frame: 10875 ETA: 0:35:29
                                         
FPS: 16 Current Frame: 10883 ETA: 0:35:29
                                         
FPS: 16 Current Frame: 10891 ETA: 0:35:28
                                         
FPS: 16 Current Frame: 10899 ETA: 0:35:28
                                         
FPS: 16 Current Frame: 10907 ETA: 0:35:27
                                         
FPS: 16 Current Frame: 10914 ETA: 0:35:27
                                         
FPS: 16 Current Frame: 10922 ETA: 0:35:27
                                         
FPS: 16 Current Frame: 10930 ETA: 0:35:26
                                         
FPS: 16 Current Frame: 10938 ETA: 0:35:26
                                         
FPS: 16 Current Frame: 10946 ETA: 0:35:25
                                         
FPS: 16 Current Frame: 10954 ETA: 0:35:25
                                         
FPS: 16 Current Frame: 10962 ETA: 0:35:24
                                         
FPS: 16 Current Frame: 10970 ETA: 0:35:24
                                         
FPS: 16 Current Frame: 10978 ETA: 0:35:23
                                         
FPS: 16 Current Frame: 10986 ETA: 0:35:23
                                         
FPS: 16 Current Frame: 10994 ETA: 0:35:22
                                         
FPS: 16 Current Frame: 11002 ETA: 0:35:22
                                         
FPS: 16 Current Frame: 11010 ETA: 0:35:21
                                         
FPS: 16 Current Frame: 11018 ETA: 0:35:21
                                         
FPS: 16 Current Frame: 11026 ETA: 0:35:20
                                         
FPS: 16 Current Frame: 11034 ETA: 0:35:20
                                         
FPS: 16 Current Frame: 11042 ETA: 0:35:19
                                         
FPS: 16 Current Frame: 11050 ETA: 0:35:19
                                         
FPS: 16 Current Frame: 11058 ETA: 0:35:18
                                         
FPS: 16 Current Frame: 11066 ETA: 0:35:18
                                         
FPS: 16 Current Frame: 11074 ETA: 0:35:17
                                         
FPS: 16 Current Frame: 11082 ETA: 0:35:17
                                         
FPS: 16 Current Frame: 11090 ETA: 0:35:16
                                         
FPS: 16 Current Frame: 11098 ETA: 0:35:16
                                         
FPS: 16 Current Frame: 11106 ETA: 0:35:15
                                         
FPS: 16 Current Frame: 11114 ETA: 0:35:15
                                         
FPS: 16 Current Frame: 11122 ETA: 0:35:14
                                         
FPS: 16 Current Frame: 11130 ETA: 0:35:14
                                         
FPS: 16 Current Frame: 11138 ETA: 0:35:13
                                         
FPS: 16 Current Frame: 11146 ETA: 0:35:13
                                         
FPS: 16 Current Frame: 11154 ETA: 0:35:12
                                         
FPS: 16 Current Frame: 11162 ETA: 0:35:12
                                         
FPS: 16 Current Frame: 11170 ETA: 0:35:11
                                         
FPS: 16 Current Frame: 11178 ETA: 0:35:11
                                         
FPS: 16 Current Frame: 11186 ETA: 0:35:10
                                         
FPS: 16 Current Frame: 11194 ETA: 0:35:10
                                         
FPS: 16 Current Frame: 11202 ETA: 0:35:09
                                         
FPS: 16 Current Frame: 11210 ETA: 0:35:09
                                         
FPS: 16 Current Frame: 11218 ETA: 0:35:08
                                         
FPS: 16 Current Frame: 11226 ETA: 0:35:08
                                         
FPS: 16 Current Frame: 11233 ETA: 0:35:08
                                         
FPS: 16 Current Frame: 11241 ETA: 0:35:07
                                         
FPS: 16 Current Frame: 11249 ETA: 0:35:07
                                         
FPS: 16 Current Frame: 11257 ETA: 0:35:06
                                         
FPS: 16 Current Frame: 11265 ETA: 0:35:06
                                         
FPS: 16 Current Frame: 11273 ETA: 0:35:05
                                         
FPS: 16 Current Frame: 11281 ETA: 0:35:05
                                         
FPS: 16 Current Frame: 11289 ETA: 0:35:04
                                         
FPS: 16 Current Frame: 11297 ETA: 0:35:04
                                         
FPS: 16 Current Frame: 11305 ETA: 0:35:03
                                         
FPS: 16 Current Frame: 11313 ETA: 0:35:03
                                         
FPS: 16 Current Frame: 11321 ETA: 0:35:02
                                         
FPS: 16 Current Frame: 11329 ETA: 0:35:02
                                         
FPS: 16 Current Frame: 11337 ETA: 0:35:01
                                         
FPS: 16 Current Frame: 11345 ETA: 0:35:01
                                         
FPS: 16 Current Frame: 11353 ETA: 0:35:00
                                         
FPS: 16 Current Frame: 11361 ETA: 0:35:00
                                         
FPS: 16 Current Frame: 11369 ETA: 0:34:59
                                         
FPS: 16 Current Frame: 11377 ETA: 0:34:59
                                         
FPS: 16 Current Frame: 11385 ETA: 0:34:58
                                         
FPS: 16 Current Frame: 11393 ETA: 0:34:58
                                         
FPS: 16 Current Frame: 11401 ETA: 0:34:57
                                         
FPS: 16 Current Frame: 11409 ETA: 0:34:57
                                         
FPS: 16 Current Frame: 11417 ETA: 0:34:56
                                         
FPS: 16 Current Frame: 11425 ETA: 0:34:56
                                         
FPS: 16 Current Frame: 11433 ETA: 0:34:55
                                         
FPS: 16 Current Frame: 11441 ETA: 0:34:55
                                         
FPS: 16 Current Frame: 11449 ETA: 0:34:54
                                         
FPS: 16 Current Frame: 11458 ETA: 0:34:54
                                         
FPS: 16 Current Frame: 11466 ETA: 0:34:53
                                         
FPS: 16 Current Frame: 11473 ETA: 0:34:53
                                         
FPS: 16 Current Frame: 11481 ETA: 0:34:53
                                         
FPS: 16 Current Frame: 11489 ETA: 0:34:52
                                         
FPS: 16 Current Frame: 11496 ETA: 0:34:52
                                         
FPS: 16 Current Frame: 11504 ETA: 0:34:51
                                         
FPS: 16 Current Frame: 11512 ETA: 0:34:51
                                         
FPS: 16 Current Frame: 11520 ETA: 0:34:50
                                         
FPS: 16 Current Frame: 11529 ETA: 0:34:50
                                         
FPS: 16 Current Frame: 11537 ETA: 0:34:49
                                         
FPS: 16 Current Frame: 11545 ETA: 0:34:49
                                         
FPS: 16 Current Frame: 11553 ETA: 0:34:48
                                         
FPS: 16 Current Frame: 11561 ETA: 0:34:48
                                         
FPS: 16 Current Frame: 11569 ETA: 0:34:47
                                         
FPS: 16 Current Frame: 11577 ETA: 0:34:47
                                         
FPS: 16 Current Frame: 11585 ETA: 0:34:46
                                         
FPS: 16 Current Frame: 11593 ETA: 0:34:46
                                         
FPS: 16 Current Frame: 11602 ETA: 0:34:45
                                         
FPS: 16 Current Frame: 11610 ETA: 0:34:44
                                         
FPS: 16 Current Frame: 11618 ETA: 0:34:44
                                         
FPS: 16 Current Frame: 11626 ETA: 0:34:43
                                         
FPS: 16 Current Frame: 11634 ETA: 0:34:43
                                         
FPS: 16 Current Frame: 11642 ETA: 0:34:42
                                         
FPS: 16 Current Frame: 11650 ETA: 0:34:42
                                         
FPS: 16 Current Frame: 11659 ETA: 0:34:41
                                         
FPS: 16 Current Frame: 11667 ETA: 0:34:41
                                         
FPS: 16 Current Frame: 11675 ETA: 0:34:40
                                         
FPS: 16 Current Frame: 11683 ETA: 0:34:40
                                         
FPS: 16 Current Frame: 11691 ETA: 0:34:39
                                         
FPS: 16 Current Frame: 11700 ETA: 0:34:39
                                         
FPS: 16 Current Frame: 11708 ETA: 0:34:38
                                         
FPS: 16 Current Frame: 11716 ETA: 0:34:38
                                         
FPS: 16 Current Frame: 11724 ETA: 0:34:37
                                         
FPS: 16 Current Frame: 11732 ETA: 0:34:37
                                         
FPS: 16 Current Frame: 11741 ETA: 0:34:36
                                         
FPS: 16 Current Frame: 11749 ETA: 0:34:35
                                         
FPS: 16 Current Frame: 11757 ETA: 0:34:35
                                         
FPS: 16 Current Frame: 11765 ETA: 0:34:34
                                         
FPS: 16 Current Frame: 11773 ETA: 0:34:34
                                         
FPS: 16 Current Frame: 11782 ETA: 0:34:33
                                         
FPS: 16 Current Frame: 11790 ETA: 0:34:33
                                         
FPS: 16 Current Frame: 11798 ETA: 0:34:32
                                         
FPS: 16 Current Frame: 11806 ETA: 0:34:32
                                         
FPS: 16 Current Frame: 11814 ETA: 0:34:31
                                         
FPS: 16 Current Frame: 11822 ETA: 0:34:31
                                         
FPS: 16 Current Frame: 11831 ETA: 0:34:30
                                         
FPS: 16 Current Frame: 11839 ETA: 0:34:29
                                         
FPS: 16 Current Frame: 11847 ETA: 0:34:29
                                         
FPS: 16 Current Frame: 11855 ETA: 0:34:28
                                         
FPS: 16 Current Frame: 11863 ETA: 0:34:28
                                         
FPS: 16 Current Frame: 11871 ETA: 0:34:28
                                         
FPS: 16 Current Frame: 11880 ETA: 0:34:27
                                         
FPS: 16 Current Frame: 11888 ETA: 0:34:26
                                         
FPS: 16 Current Frame: 11896 ETA: 0:34:26
                                         
FPS: 16 Current Frame: 11904 ETA: 0:34:25
                                         
FPS: 16 Current Frame: 11912 ETA: 0:34:25
                                         
FPS: 16 Current Frame: 11920 ETA: 0:34:24
                                         
FPS: 16 Current Frame: 11928 ETA: 0:34:24
                                         
FPS: 16 Current Frame: 11937 ETA: 0:34:23
                                         
FPS: 16 Current Frame: 11945 ETA: 0:34:23
                                         
FPS: 16 Current Frame: 11953 ETA: 0:34:22
                                         
FPS: 16 Current Frame: 11961 ETA: 0:34:22
                                         
FPS: 16 Current Frame: 11969 ETA: 0:34:21
                                         
FPS: 16 Current Frame: 11977 ETA: 0:34:21
                                         
FPS: 16 Current Frame: 11986 ETA: 0:34:20
                                         
FPS: 16 Current Frame: 11994 ETA: 0:34:19
                                         
FPS: 16 Current Frame: 12002 ETA: 0:34:19
                                         
FPS: 16 Current Frame: 12010 ETA: 0:34:18
                                         
FPS: 16 Current Frame: 12018 ETA: 0:34:18
                                         
FPS: 16 Current Frame: 12026 ETA: 0:34:18
                                         
FPS: 16 Current Frame: 12034 ETA: 0:34:17
                                         
FPS: 16 Current Frame: 12043 ETA: 0:34:16
                                         
FPS: 16 Current Frame: 12051 ETA: 0:34:16
                                         
FPS: 16 Current Frame: 12059 ETA: 0:34:15
                                         
FPS: 16 Current Frame: 12067 ETA: 0:34:15
                                         
FPS: 16 Current Frame: 12075 ETA: 0:34:14
                                         
FPS: 16 Current Frame: 12083 ETA: 0:34:14
                                         
FPS: 16 Current Frame: 12091 ETA: 0:34:13
                                         
FPS: 16 Current Frame: 12100 ETA: 0:34:13
                                         
FPS: 16 Current Frame: 12108 ETA: 0:34:12
                                         
FPS: 16 Current Frame: 12116 ETA: 0:34:12
                                         
FPS: 16 Current Frame: 12124 ETA: 0:34:11
                                         
FPS: 16 Current Frame: 12132 ETA: 0:34:11
                                         
FPS: 16 Current Frame: 12141 ETA: 0:34:10
                                         
FPS: 16 Current Frame: 12149 ETA: 0:34:09
                                         
FPS: 16 Current Frame: 12157 ETA: 0:34:09
                                         
FPS: 16 Current Frame: 12165 ETA: 0:34:08
                                         
FPS: 16 Current Frame: 12173 ETA: 0:34:08
                                         
FPS: 16 Current Frame: 12182 ETA: 0:34:07
                                         
FPS: 16 Current Frame: 12190 ETA: 0:34:07
                                         
FPS: 16 Current Frame: 12198 ETA: 0:34:06
                                         
FPS: 16 Current Frame: 12206 ETA: 0:34:06
                                         
FPS: 16 Current Frame: 12214 ETA: 0:34:05
                                         
FPS: 16 Current Frame: 12223 ETA: 0:34:05
                                         
FPS: 16 Current Frame: 12231 ETA: 0:34:04
                                         
FPS: 16 Current Frame: 12239 ETA: 0:34:04
                                         
FPS: 16 Current Frame: 12247 ETA: 0:34:03
                                         
FPS: 16 Current Frame: 12256 ETA: 0:34:02
                                         
FPS: 16 Current Frame: 12264 ETA: 0:34:02
                                         
FPS: 16 Current Frame: 12272 ETA: 0:34:01
                                         
FPS: 16 Current Frame: 12280 ETA: 0:34:01
                                         
FPS: 16 Current Frame: 12288 ETA: 0:34:00
                                         
FPS: 16 Current Frame: 12297 ETA: 0:34:00
                                         
FPS: 16 Current Frame: 12305 ETA: 0:33:59
                                         
FPS: 16 Current Frame: 12313 ETA: 0:33:59
                                         
FPS: 16 Current Frame: 12321 ETA: 0:33:58
                                         
FPS: 16 Current Frame: 12329 ETA: 0:33:58
                                         
FPS: 16 Current Frame: 12338 ETA: 0:33:57
                                         
FPS: 16 Current Frame: 12346 ETA: 0:33:57
                                         
FPS: 16 Current Frame: 12354 ETA: 0:33:56
                                         
FPS: 16 Current Frame: 12362 ETA: 0:33:56
                                         
FPS: 16 Current Frame: 12370 ETA: 0:33:55
                                         
FPS: 16 Current Frame: 12379 ETA: 0:33:54
                                         
FPS: 16 Current Frame: 12387 ETA: 0:33:54
                                         
FPS: 16 Current Frame: 12395 ETA: 0:33:53
                                         
FPS: 16 Current Frame: 12403 ETA: 0:33:53
                                         
FPS: 16 Current Frame: 12412 ETA: 0:33:52
                                         
FPS: 16 Current Frame: 12420 ETA: 0:33:52
                                         
FPS: 16 Current Frame: 12428 ETA: 0:33:51
                                         
FPS: 16 Current Frame: 12436 ETA: 0:33:51
                                         
FPS: 16 Current Frame: 12444 ETA: 0:33:50
                                         
FPS: 16 Current Frame: 12453 ETA: 0:33:50
                                         
FPS: 16 Current Frame: 12461 ETA: 0:33:49
                                         
FPS: 16 Current Frame: 12469 ETA: 0:33:49
                                         
FPS: 16 Current Frame: 12477 ETA: 0:33:48
                                         
FPS: 16 Current Frame: 12485 ETA: 0:33:48
                                         
FPS: 16 Current Frame: 12494 ETA: 0:33:47
                                         
FPS: 16 Current Frame: 12502 ETA: 0:33:46
                                         
FPS: 16 Current Frame: 12510 ETA: 0:33:46
                                         
FPS: 16 Current Frame: 12518 ETA: 0:33:45
                                         
FPS: 16 Current Frame: 12526 ETA: 0:33:45
                                         
FPS: 16 Current Frame: 12535 ETA: 0:33:44
                                         
FPS: 16 Current Frame: 12543 ETA: 0:33:44
                                         
FPS: 16 Current Frame: 12551 ETA: 0:33:43
                                         
FPS: 16 Current Frame: 12559 ETA: 0:33:43
                                         
FPS: 16 Current Frame: 12567 ETA: 0:33:42
                                         
FPS: 16 Current Frame: 12575 ETA: 0:33:42
                                         
FPS: 16 Current Frame: 12583 ETA: 0:33:41
                                         
FPS: 16 Current Frame: 12592 ETA: 0:33:41
                                         
FPS: 16 Current Frame: 12600 ETA: 0:33:40
                                         
FPS: 16 Current Frame: 12608 ETA: 0:33:40
                                         
FPS: 16 Current Frame: 12616 ETA: 0:33:39
                                         
FPS: 16 Current Frame: 12624 ETA: 0:33:39
                                         
FPS: 16 Current Frame: 12632 ETA: 0:33:38
                                         
FPS: 16 Current Frame: 12641 ETA: 0:33:37
                                         
FPS: 16 Current Frame: 12649 ETA: 0:33:37
                                         
FPS: 16 Current Frame: 12657 ETA: 0:33:36
                                         
FPS: 16 Current Frame: 12665 ETA: 0:33:36
                                         
FPS: 16 Current Frame: 12673 ETA: 0:33:35
                                         
FPS: 16 Current Frame: 12681 ETA: 0:33:35
                                         
FPS: 16 Current Frame: 12689 ETA: 0:33:34
                                         
FPS: 16 Current Frame: 12698 ETA: 0:33:34
                                         
FPS: 16 Current Frame: 12706 ETA: 0:33:33
                                         
FPS: 16 Current Frame: 12714 ETA: 0:33:33
                                         
FPS: 16 Current Frame: 12722 ETA: 0:33:32
                                         
FPS: 16 Current Frame: 12730 ETA: 0:33:32
                                         
FPS: 16 Current Frame: 12739 ETA: 0:33:31
                                         
FPS: 16 Current Frame: 12747 ETA: 0:33:31
                                         
FPS: 16 Current Frame: 12755 ETA: 0:33:30
                                         
FPS: 16 Current Frame: 12763 ETA: 0:33:30
                                         
FPS: 16 Current Frame: 12771 ETA: 0:33:29
                                         
FPS: 16 Current Frame: 12780 ETA: 0:33:28
                                         
FPS: 16 Current Frame: 12788 ETA: 0:33:28
                                         
FPS: 16 Current Frame: 12796 ETA: 0:33:27
                                         
FPS: 16 Current Frame: 12804 ETA: 0:33:27
                                         
FPS: 16 Current Frame: 12812 ETA: 0:33:26
                                         
FPS: 16 Current Frame: 12821 ETA: 0:33:26
                                         
FPS: 16 Current Frame: 12829 ETA: 0:33:25
                                         
FPS: 16 Current Frame: 12837 ETA: 0:33:25
                                         
FPS: 16 Current Frame: 12845 ETA: 0:33:24
                                         
FPS: 16 Current Frame: 12853 ETA: 0:33:24
                                         
FPS: 16 Current Frame: 12861 ETA: 0:33:23
                                         
FPS: 16 Current Frame: 12870 ETA: 0:33:23
                                         
FPS: 16 Current Frame: 12878 ETA: 0:33:22
                                         
FPS: 16 Current Frame: 12886 ETA: 0:33:22
                                         
FPS: 16 Current Frame: 12894 ETA: 0:33:21
                                         
FPS: 16 Current Frame: 12902 ETA: 0:33:21
                                         
FPS: 16 Current Frame: 12911 ETA: 0:33:20
                                         
FPS: 16 Current Frame: 12919 ETA: 0:33:19
                                         
FPS: 16 Current Frame: 12927 ETA: 0:33:19
                                         
FPS: 16 Current Frame: 12935 ETA: 0:33:18
                                         
FPS: 16 Current Frame: 12944 ETA: 0:33:18
                                         
FPS: 16 Current Frame: 12952 ETA: 0:33:17
                                         
FPS: 16 Current Frame: 12960 ETA: 0:33:17
                                         
FPS: 16 Current Frame: 12968 ETA: 0:33:16
                                         
FPS: 16 Current Frame: 12976 ETA: 0:33:16
                                         
FPS: 16 Current Frame: 12984 ETA: 0:33:15
                                         
FPS: 16 Current Frame: 12992 ETA: 0:33:15
                                         
FPS: 16 Current Frame: 13001 ETA: 0:33:14
                                         
FPS: 16 Current Frame: 13009 ETA: 0:33:14
                                         
FPS: 16 Current Frame: 13017 ETA: 0:33:13
                                         
FPS: 16 Current Frame: 13025 ETA: 0:33:13
                                         
FPS: 16 Current Frame: 13033 ETA: 0:33:12
                                         
FPS: 16 Current Frame: 13041 ETA: 0:33:12
                                         
FPS: 16 Current Frame: 13050 ETA: 0:33:11
                                         
FPS: 16 Current Frame: 13058 ETA: 0:33:10
                                         
FPS: 16 Current Frame: 13066 ETA: 0:33:10
                                         
FPS: 16 Current Frame: 13074 ETA: 0:33:10
                                         
FPS: 16 Current Frame: 13082 ETA: 0:33:09
                                         
FPS: 16 Current Frame: 13090 ETA: 0:33:09
                                         
FPS: 16 Current Frame: 13099 ETA: 0:33:08
                                         
FPS: 16 Current Frame: 13107 ETA: 0:33:07
                                         
FPS: 16 Current Frame: 13115 ETA: 0:33:07
                                         
FPS: 16 Current Frame: 13123 ETA: 0:33:06
                                         
FPS: 16 Current Frame: 13131 ETA: 0:33:06
                                         
FPS: 16 Current Frame: 13139 ETA: 0:33:05
                                         
FPS: 16 Current Frame: 13147 ETA: 0:33:05
                                         
FPS: 16 Current Frame: 13155 ETA: 0:33:04
                                         
FPS: 16 Current Frame: 13164 ETA: 0:33:04
                                         
FPS: 16 Current Frame: 13172 ETA: 0:33:03
                                         
FPS: 16 Current Frame: 13180 ETA: 0:33:03
                                         
FPS: 16 Current Frame: 13188 ETA: 0:33:02
                                         
FPS: 16 Current Frame: 13196 ETA: 0:33:02
                                         
FPS: 16 Current Frame: 13204 ETA: 0:33:01
                                         
FPS: 16 Current Frame: 13213 ETA: 0:33:01
                                         
FPS: 16 Current Frame: 13221 ETA: 0:33:00
                                         
FPS: 16 Current Frame: 13229 ETA: 0:33:00
                                         
FPS: 16 Current Frame: 13237 ETA: 0:32:59
                                         
FPS: 16 Current Frame: 13245 ETA: 0:32:59
                                         
FPS: 16 Current Frame: 13253 ETA: 0:32:58
                                         
FPS: 16 Current Frame: 13261 ETA: 0:32:58
                                         
FPS: 16 Current Frame: 13269 ETA: 0:32:57
                                         
FPS: 16 Current Frame: 13277 ETA: 0:32:57
                                         
FPS: 16 Current Frame: 13286 ETA: 0:32:56
                                         
FPS: 16 Current Frame: 13294 ETA: 0:32:55
                                         
FPS: 16 Current Frame: 13302 ETA: 0:32:55
                                         
FPS: 16 Current Frame: 13310 ETA: 0:32:54
                                         
FPS: 16 Current Frame: 13318 ETA: 0:32:54
                                         
FPS: 16 Current Frame: 13326 ETA: 0:32:54
                                         
FPS: 16 Current Frame: 13334 ETA: 0:32:53
                                         
FPS: 16 Current Frame: 13342 ETA: 0:32:53
                                         
FPS: 16 Current Frame: 13351 ETA: 0:32:52
                                         
FPS: 16 Current Frame: 13359 ETA: 0:32:51
                                         
FPS: 16 Current Frame: 13367 ETA: 0:32:51
                                         
FPS: 16 Current Frame: 13375 ETA: 0:32:50
                                         
FPS: 16 Current Frame: 13383 ETA: 0:32:50
                                         
FPS: 16 Current Frame: 13391 ETA: 0:32:49
                                         
FPS: 16 Current Frame: 13399 ETA: 0:32:49
                                         
FPS: 16 Current Frame: 13408 ETA: 0:32:48
                                         
FPS: 16 Current Frame: 13416 ETA: 0:32:48
                                         
FPS: 16 Current Frame: 13424 ETA: 0:32:47
                                         
FPS: 16 Current Frame: 13432 ETA: 0:32:47
                                         
FPS: 16 Current Frame: 13440 ETA: 0:32:46
                                         
FPS: 16 Current Frame: 13448 ETA: 0:32:46
                                         
FPS: 16 Current Frame: 13456 ETA: 0:32:45
                                         
FPS: 16 Current Frame: 13465 ETA: 0:32:45
                                         
FPS: 16 Current Frame: 13473 ETA: 0:32:44
                                         
FPS: 16 Current Frame: 13481 ETA: 0:32:44
                                         
FPS: 16 Current Frame: 13489 ETA: 0:32:43
                                         
FPS: 16 Current Frame: 13497 ETA: 0:32:43
                                         
FPS: 16 Current Frame: 13505 ETA: 0:32:42
                                         
FPS: 16 Current Frame: 13514 ETA: 0:32:41
                                         
FPS: 16 Current Frame: 13522 ETA: 0:32:41
                                         
FPS: 16 Current Frame: 13530 ETA: 0:32:40
                                         
FPS: 16 Current Frame: 13538 ETA: 0:32:40
                                         
FPS: 16 Current Frame: 13546 ETA: 0:32:39
                                         
FPS: 16 Current Frame: 13555 ETA: 0:32:39
                                         
FPS: 16 Current Frame: 13562 ETA: 0:32:39
                                         
FPS: 16 Current Frame: 13570 ETA: 0:32:38
                                         
FPS: 16 Current Frame: 13578 ETA: 0:32:38
                                         
FPS: 16 Current Frame: 13586 ETA: 0:32:37
                                         
FPS: 16 Current Frame: 13593 ETA: 0:32:37
                                         
FPS: 16 Current Frame: 13601 ETA: 0:32:36
                                         
FPS: 16 Current Frame: 13609 ETA: 0:32:36
                                         
FPS: 16 Current Frame: 13617 ETA: 0:32:35
                                         
FPS: 16 Current Frame: 13625 ETA: 0:32:35
                                         
FPS: 16 Current Frame: 13632 ETA: 0:32:35
                                         
FPS: 16 Current Frame: 13640 ETA: 0:32:34
                                         
FPS: 16 Current Frame: 13648 ETA: 0:32:34
                                         
FPS: 16 Current Frame: 13656 ETA: 0:32:33
                                         
FPS: 16 Current Frame: 13663 ETA: 0:32:33
                                         
FPS: 16 Current Frame: 13671 ETA: 0:32:32
                                         
FPS: 16 Current Frame: 13679 ETA: 0:32:32
                                         
FPS: 16 Current Frame: 13687 ETA: 0:32:31
                                         
FPS: 16 Current Frame: 13694 ETA: 0:32:31
                                         
FPS: 16 Current Frame: 13702 ETA: 0:32:31
                                         
FPS: 16 Current Frame: 13710 ETA: 0:32:30
                                         
FPS: 16 Current Frame: 13718 ETA: 0:32:30
                                         
FPS: 16 Current Frame: 13726 ETA: 0:32:29
                                         
FPS: 16 Current Frame: 13733 ETA: 0:32:29
                                         
FPS: 16 Current Frame: 13741 ETA: 0:32:28
                                         
FPS: 16 Current Frame: 13749 ETA: 0:32:28
                                         
FPS: 16 Current Frame: 13757 ETA: 0:32:27
                                         
FPS: 16 Current Frame: 13765 ETA: 0:32:27
                                         
FPS: 16 Current Frame: 13772 ETA: 0:32:27
                                         
FPS: 16 Current Frame: 13780 ETA: 0:32:26
                                         
FPS: 16 Current Frame: 13788 ETA: 0:32:26
                                         
FPS: 16 Current Frame: 13796 ETA: 0:32:25
                                         
FPS: 16 Current Frame: 13804 ETA: 0:32:25
                                         
FPS: 16 Current Frame: 13811 ETA: 0:32:24
                                         
FPS: 16 Current Frame: 13819 ETA: 0:32:24
                                         
FPS: 16 Current Frame: 13827 ETA: 0:32:23
                                         
FPS: 16 Current Frame: 13835 ETA: 0:32:23
                                         
FPS: 16 Current Frame: 13843 ETA: 0:32:22
                                         
FPS: 16 Current Frame: 13850 ETA: 0:32:22
                                         
FPS: 16 Current Frame: 13858 ETA: 0:32:22
                                         
FPS: 16 Current Frame: 13866 ETA: 0:32:21
                                         
FPS: 16 Current Frame: 13874 ETA: 0:32:21
                                         
FPS: 16 Current Frame: 13881 ETA: 0:32:20
                                         
FPS: 16 Current Frame: 13889 ETA: 0:32:20
                                         
FPS: 16 Current Frame: 13897 ETA: 0:32:19
                                         
FPS: 16 Current Frame: 13905 ETA: 0:32:19
                                         
FPS: 16 Current Frame: 13913 ETA: 0:32:18
                                         
FPS: 16 Current Frame: 13921 ETA: 0:32:18
                                         
FPS: 16 Current Frame: 13928 ETA: 0:32:18
                                         
FPS: 16 Current Frame: 13936 ETA: 0:32:17
                                         
FPS: 16 Current Frame: 13944 ETA: 0:32:17
                                         
FPS: 16 Current Frame: 13952 ETA: 0:32:16
                                         
FPS: 16 Current Frame: 13960 ETA: 0:32:16
                                         
FPS: 16 Current Frame: 13968 ETA: 0:32:15
                                         
FPS: 16 Current Frame: 13976 ETA: 0:32:15
                                         
FPS: 16 Current Frame: 13983 ETA: 0:32:14
                                         
FPS: 16 Current Frame: 13991 ETA: 0:32:14
                                         
FPS: 16 Current Frame: 13999 ETA: 0:32:13
                                         
FPS: 16 Current Frame: 14007 ETA: 0:32:13
                                         
FPS: 16 Current Frame: 14015 ETA: 0:32:12
                                         
FPS: 16 Current Frame: 14023 ETA: 0:32:12
                                         
FPS: 16 Current Frame: 14031 ETA: 0:32:11
                                         
FPS: 16 Current Frame: 14039 ETA: 0:32:11
                                         
FPS: 16 Current Frame: 14047 ETA: 0:32:10
                                         
FPS: 16 Current Frame: 14056 ETA: 0:32:10
                                         
FPS: 16 Current Frame: 14063 ETA: 0:32:09
                                         
FPS: 16 Current Frame: 14071 ETA: 0:32:09
                                         
FPS: 16 Current Frame: 14079 ETA: 0:32:08
                                         
FPS: 16 Current Frame: 14088 ETA: 0:32:08
                                         
FPS: 16 Current Frame: 14095 ETA: 0:32:07
                                         
FPS: 16 Current Frame: 14103 ETA: 0:32:07
                                         
FPS: 16 Current Frame: 14111 ETA: 0:32:06
                                         
FPS: 16 Current Frame: 14120 ETA: 0:32:06
                                         
FPS: 16 Current Frame: 14128 ETA: 0:32:05
                                         
FPS: 16 Current Frame: 14136 ETA: 0:32:05
                                         
FPS: 16 Current Frame: 14144 ETA: 0:32:04
                                         
FPS: 16 Current Frame: 14152 ETA: 0:32:04
                                         
FPS: 16 Current Frame: 14160 ETA: 0:32:03
                                         
FPS: 16 Current Frame: 14168 ETA: 0:32:03
                                         
FPS: 16 Current Frame: 14176 ETA: 0:32:02
                                         
FPS: 16 Current Frame: 14183 ETA: 0:32:02
                                         
FPS: 16 Current Frame: 14191 ETA: 0:32:02
                                         
FPS: 16 Current Frame: 14199 ETA: 0:32:01
                                         
FPS: 16 Current Frame: 14207 ETA: 0:32:01
                                         
FPS: 16 Current Frame: 14215 ETA: 0:32:00
                                         
FPS: 16 Current Frame: 14223 ETA: 0:32:00
                                         
FPS: 16 Current Frame: 14231 ETA: 0:31:59
                                         
FPS: 16 Current Frame: 14239 ETA: 0:31:59
                                         
FPS: 16 Current Frame: 14247 ETA: 0:31:58
                                         
FPS: 16 Current Frame: 14255 ETA: 0:31:58
                                         
FPS: 16 Current Frame: 14263 ETA: 0:31:57
                                         
FPS: 16 Current Frame: 14271 ETA: 0:31:57
                                         
FPS: 16 Current Frame: 14279 ETA: 0:31:56
                                         
FPS: 16 Current Frame: 14287 ETA: 0:31:56
                                         
FPS: 16 Current Frame: 14295 ETA: 0:31:55
                                         
FPS: 16 Current Frame: 14303 ETA: 0:31:55
                                         
FPS: 16 Current Frame: 14311 ETA: 0:31:54
                                         
FPS: 16 Current Frame: 14319 ETA: 0:31:54
                                         
FPS: 16 Current Frame: 14327 ETA: 0:31:53
                                         
FPS: 16 Current Frame: 14335 ETA: 0:31:53
                                         
FPS: 16 Current Frame: 14343 ETA: 0:31:52
                                         
FPS: 16 Current Frame: 14351 ETA: 0:31:52
                                         
FPS: 16 Current Frame: 14359 ETA: 0:31:51
                                         
FPS: 16 Current Frame: 14367 ETA: 0:31:51
                                         
FPS: 16 Current Frame: 14375 ETA: 0:31:50
                                         
FPS: 16 Current Frame: 14383 ETA: 0:31:50
                                         
FPS: 16 Current Frame: 14391 ETA: 0:31:49
                                         
FPS: 16 Current Frame: 14399 ETA: 0:31:49
                                         
FPS: 16 Current Frame: 14407 ETA: 0:31:48
                                         
FPS: 16 Current Frame: 14415 ETA: 0:31:48
                                         
FPS: 16 Current Frame: 14423 ETA: 0:31:47
                                         
FPS: 16 Current Frame: 14431 ETA: 0:31:47
                                         
FPS: 16 Current Frame: 14439 ETA: 0:31:46
                                         
FPS: 16 Current Frame: 14447 ETA: 0:31:46
                                         
FPS: 16 Current Frame: 14455 ETA: 0:31:45
                                         
FPS: 16 Current Frame: 14463 ETA: 0:31:45
                                         
FPS: 16 Current Frame: 14471 ETA: 0:31:44
                                         
FPS: 16 Current Frame: 14479 ETA: 0:31:44
                                         
FPS: 16 Current Frame: 14487 ETA: 0:31:43
                                         
FPS: 16 Current Frame: 14495 ETA: 0:31:43
                                         
FPS: 16 Current Frame: 14503 ETA: 0:31:42
                                         
FPS: 16 Current Frame: 14511 ETA: 0:31:42
                                         
FPS: 16 Current Frame: 14519 ETA: 0:31:41
                                         
FPS: 16 Current Frame: 14527 ETA: 0:31:41
                                         
FPS: 16 Current Frame: 14535 ETA: 0:31:40
                                         
FPS: 16 Current Frame: 14543 ETA: 0:31:40
                                         
FPS: 16 Current Frame: 14551 ETA: 0:31:39
                                         
FPS: 16 Current Frame: 14559 ETA: 0:31:39
                                         
FPS: 16 Current Frame: 14567 ETA: 0:31:38
                                         
FPS: 16 Current Frame: 14575 ETA: 0:31:38
                                         
FPS: 16 Current Frame: 14583 ETA: 0:31:37
                                         
FPS: 16 Current Frame: 14591 ETA: 0:31:37
                                         
FPS: 16 Current Frame: 14599 ETA: 0:31:36
                                         
FPS: 16 Current Frame: 14607 ETA: 0:31:36
                                         
FPS: 16 Current Frame: 14615 ETA: 0:31:36
                                         
FPS: 16 Current Frame: 14623 ETA: 0:31:35
                                         
FPS: 16 Current Frame: 14631 ETA: 0:31:35
                                         
FPS: 16 Current Frame: 14639 ETA: 0:31:34
                                         
FPS: 16 Current Frame: 14647 ETA: 0:31:34
                                         
FPS: 16 Current Frame: 14655 ETA: 0:31:33
                                         
FPS: 16 Current Frame: 14663 ETA: 0:31:33
                                         
FPS: 16 Current Frame: 14671 ETA: 0:31:32
                                         
FPS: 16 Current Frame: 14679 ETA: 0:31:32
                                         
FPS: 16 Current Frame: 14687 ETA: 0:31:31
                                         
FPS: 16 Current Frame: 14695 ETA: 0:31:31
                                         
FPS: 16 Current Frame: 14703 ETA: 0:31:30
                                         
FPS: 16 Current Frame: 14711 ETA: 0:31:30
                                         
FPS: 16 Current Frame: 14719 ETA: 0:31:29
                                         
FPS: 16 Current Frame: 14727 ETA: 0:31:29
                                         
FPS: 16 Current Frame: 14735 ETA: 0:31:28
                                         
FPS: 16 Current Frame: 14743 ETA: 0:31:28
                                         
FPS: 16 Current Frame: 14751 ETA: 0:31:27
                                         
FPS: 16 Current Frame: 14759 ETA: 0:31:27
                                         
FPS: 16 Current Frame: 14767 ETA: 0:31:26
                                         
FPS: 16 Current Frame: 14775 ETA: 0:31:26
                                         
FPS: 16 Current Frame: 14783 ETA: 0:31:25
                                         
FPS: 16 Current Frame: 14791 ETA: 0:31:25
                                         
FPS: 16 Current Frame: 14799 ETA: 0:31:24
                                         
FPS: 16 Current Frame: 14807 ETA: 0:31:24
                                         
FPS: 16 Current Frame: 14815 ETA: 0:31:23
                                         
FPS: 16 Current Frame: 14823 ETA: 0:31:23
                                         
FPS: 16 Current Frame: 14831 ETA: 0:31:22
                                         
FPS: 16 Current Frame: 14839 ETA: 0:31:22
                                         
FPS: 16 Current Frame: 14847 ETA: 0:31:21
                                         
FPS: 16 Current Frame: 14855 ETA: 0:31:21
                                         
FPS: 16 Current Frame: 14863 ETA: 0:31:20
                                         
FPS: 16 Current Frame: 14871 ETA: 0:31:20
                                         
FPS: 16 Current Frame: 14879 ETA: 0:31:19
                                         
FPS: 16 Current Frame: 14887 ETA: 0:31:19
                                         
FPS: 16 Current Frame: 14895 ETA: 0:31:18
                                         
FPS: 16 Current Frame: 14903 ETA: 0:31:18
                                         
FPS: 16 Current Frame: 14911 ETA: 0:31:17
                                         
FPS: 16 Current Frame: 14919 ETA: 0:31:17
                                         
FPS: 16 Current Frame: 14927 ETA: 0:31:16
                                         
FPS: 16 Current Frame: 14935 ETA: 0:31:16
                                         
FPS: 16 Current Frame: 14943 ETA: 0:31:15
                                         
FPS: 16 Current Frame: 14951 ETA: 0:31:15
                                         
FPS: 16 Current Frame: 14959 ETA: 0:31:14
                                         
FPS: 16 Current Frame: 14966 ETA: 0:31:14
                                         
FPS: 16 Current Frame: 14974 ETA: 0:31:14
                                         
FPS: 16 Current Frame: 14982 ETA: 0:31:13
                                         
FPS: 16 Current Frame: 14990 ETA: 0:31:13
                                         
FPS: 16 Current Frame: 14998 ETA: 0:31:12
                                         
FPS: 16 Current Frame: 15006 ETA: 0:31:12
                                         
FPS: 16 Current Frame: 15014 ETA: 0:31:11
                                         
FPS: 16 Current Frame: 15022 ETA: 0:31:11
                                         
FPS: 16 Current Frame: 15030 ETA: 0:31:10
                                         
FPS: 16 Current Frame: 15038 ETA: 0:31:10
                                         
FPS: 16 Current Frame: 15046 ETA: 0:31:09
                                         
FPS: 16 Current Frame: 15054 ETA: 0:31:09
                                         
FPS: 16 Current Frame: 15062 ETA: 0:31:08
                                         
FPS: 16 Current Frame: 15070 ETA: 0:31:08
                                         
FPS: 16 Current Frame: 15078 ETA: 0:31:07
                                         
FPS: 16 Current Frame: 15086 ETA: 0:31:07
                                         
FPS: 16 Current Frame: 15094 ETA: 0:31:06
                                         
FPS: 16 Current Frame: 15103 ETA: 0:31:06
                                         
FPS: 16 Current Frame: 15110 ETA: 0:31:05
                                         
FPS: 16 Current Frame: 15119 ETA: 0:31:05
                                         
FPS: 16 Current Frame: 15126 ETA: 0:31:04
                                         
FPS: 16 Current Frame: 15135 ETA: 0:31:04
                                         
FPS: 16 Current Frame: 15142 ETA: 0:31:03
                                         
FPS: 16 Current Frame: 15151 ETA: 0:31:03
                                         
FPS: 16 Current Frame: 15158 ETA: 0:31:02
                                         
FPS: 16 Current Frame: 15166 ETA: 0:31:02
                                         
FPS: 16 Current Frame: 15174 ETA: 0:31:01
                                         
FPS: 16 Current Frame: 15182 ETA: 0:31:01
                                         
FPS: 16 Current Frame: 15190 ETA: 0:31:00
                                         
FPS: 16 Current Frame: 15198 ETA: 0:31:00
                                         
FPS: 16 Current Frame: 15206 ETA: 0:30:59
                                         
FPS: 16 Current Frame: 15214 ETA: 0:30:59
                                         
FPS: 16 Current Frame: 15222 ETA: 0:30:58
                                         
FPS: 16 Current Frame: 15230 ETA: 0:30:58
                                         
FPS: 16 Current Frame: 15238 ETA: 0:30:57
                                         
FPS: 16 Current Frame: 15246 ETA: 0:30:57
                                         
FPS: 16 Current Frame: 15254 ETA: 0:30:56
                                         
FPS: 16 Current Frame: 15262 ETA: 0:30:56
                                         
FPS: 16 Current Frame: 15270 ETA: 0:30:55
                                         
FPS: 16 Current Frame: 15278 ETA: 0:30:55
                                         
FPS: 16 Current Frame: 15286 ETA: 0:30:54
                                         
FPS: 16 Current Frame: 15294 ETA: 0:30:54
                                         
FPS: 16 Current Frame: 15302 ETA: 0:30:53
                                         
FPS: 16 Current Frame: 15310 ETA: 0:30:53
                                         
FPS: 16 Current Frame: 15318 ETA: 0:30:52
                                         
FPS: 16 Current Frame: 15326 ETA: 0:30:52
                                         
FPS: 16 Current Frame: 15334 ETA: 0:30:51
                                         
FPS: 16 Current Frame: 15342 ETA: 0:30:51
                                         
FPS: 16 Current Frame: 15350 ETA: 0:30:50
                                         
FPS: 16 Current Frame: 15358 ETA: 0:30:50
                                         
FPS: 16 Current Frame: 15365 ETA: 0:30:50
                                         
FPS: 16 Current Frame: 15373 ETA: 0:30:49
                                         
FPS: 16 Current Frame: 15381 ETA: 0:30:49
                                         
FPS: 16 Current Frame: 15389 ETA: 0:30:48
                                         
FPS: 16 Current Frame: 15397 ETA: 0:30:48
                                         
FPS: 16 Current Frame: 15405 ETA: 0:30:47
                                         
FPS: 16 Current Frame: 15413 ETA: 0:30:47
                                         
FPS: 16 Current Frame: 15421 ETA: 0:30:46
                                         
FPS: 16 Current Frame: 15429 ETA: 0:30:46
                                         
FPS: 16 Current Frame: 15437 ETA: 0:30:45
                                         
FPS: 16 Current Frame: 15445 ETA: 0:30:45
                                         
FPS: 16 Current Frame: 15453 ETA: 0:30:44
                                         
FPS: 16 Current Frame: 15461 ETA: 0:30:44
                                         
FPS: 16 Current Frame: 15469 ETA: 0:30:43
                                         
FPS: 16 Current Frame: 15477 ETA: 0:30:43
                                         
FPS: 16 Current Frame: 15485 ETA: 0:30:42
                                         
FPS: 16 Current Frame: 15493 ETA: 0:30:42
                                         
FPS: 16 Current Frame: 15501 ETA: 0:30:41
                                         
FPS: 16 Current Frame: 15509 ETA: 0:30:41
                                         
FPS: 16 Current Frame: 15517 ETA: 0:30:40
                                         
FPS: 16 Current Frame: 15525 ETA: 0:30:40
                                         
FPS: 16 Current Frame: 15533 ETA: 0:30:39
                                         
FPS: 16 Current Frame: 15541 ETA: 0:30:39
                                         
FPS: 16 Current Frame: 15549 ETA: 0:30:38
                                         
FPS: 16 Current Frame: 15557 ETA: 0:30:38
                                         
FPS: 16 Current Frame: 15565 ETA: 0:30:37
                                         
FPS: 16 Current Frame: 15573 ETA: 0:30:37
                                         
FPS: 16 Current Frame: 15581 ETA: 0:30:36
                                         
FPS: 16 Current Frame: 15589 ETA: 0:30:36
                                         
FPS: 16 Current Frame: 15597 ETA: 0:30:35
                                         
FPS: 16 Current Frame: 15604 ETA: 0:30:35
                                         
FPS: 16 Current Frame: 15612 ETA: 0:30:35
                                         
FPS: 16 Current Frame: 15620 ETA: 0:30:34
                                         
FPS: 16 Current Frame: 15628 ETA: 0:30:34
                                         
FPS: 16 Current Frame: 15636 ETA: 0:30:33
                                         
FPS: 16 Current Frame: 15644 ETA: 0:30:33
                                         
FPS: 16 Current Frame: 15652 ETA: 0:30:32
                                         
FPS: 16 Current Frame: 15660 ETA: 0:30:32
                                         
FPS: 16 Current Frame: 15668 ETA: 0:30:31
                                         
FPS: 16 Current Frame: 15676 ETA: 0:30:31
                                         
FPS: 16 Current Frame: 15684 ETA: 0:30:30
                                         
FPS: 16 Current Frame: 15692 ETA: 0:30:30
                                         
FPS: 16 Current Frame: 15700 ETA: 0:30:29
                                         
FPS: 16 Current Frame: 15708 ETA: 0:30:29
                                         
FPS: 16 Current Frame: 15716 ETA: 0:30:28
                                         
FPS: 16 Current Frame: 15724 ETA: 0:30:28
                                         
FPS: 16 Current Frame: 15732 ETA: 0:30:27
                                         
FPS: 16 Current Frame: 15740 ETA: 0:30:27
                                         
FPS: 16 Current Frame: 15748 ETA: 0:30:26
                                         
FPS: 16 Current Frame: 15756 ETA: 0:30:26
                                         
FPS: 16 Current Frame: 15764 ETA: 0:30:25
                                         
FPS: 16 Current Frame: 15772 ETA: 0:30:25
                                         
FPS: 16 Current Frame: 15780 ETA: 0:30:24
                                         
FPS: 16 Current Frame: 15788 ETA: 0:30:24
                                         
FPS: 16 Current Frame: 15796 ETA: 0:30:23
                                         
FPS: 16 Current Frame: 15804 ETA: 0:30:23
                                         
FPS: 16 Current Frame: 15812 ETA: 0:30:22
                                         
FPS: 16 Current Frame: 15820 ETA: 0:30:22
                                         
FPS: 16 Current Frame: 15828 ETA: 0:30:21
                                         
FPS: 16 Current Frame: 15836 ETA: 0:30:21
                                         
FPS: 16 Current Frame: 15843 ETA: 0:30:20
                                         
FPS: 16 Current Frame: 15851 ETA: 0:30:20
                                         
FPS: 16 Current Frame: 15859 ETA: 0:30:19
                                         
FPS: 16 Current Frame: 15867 ETA: 0:30:19
                                         
FPS: 16 Current Frame: 15875 ETA: 0:30:18
                                         
FPS: 16 Current Frame: 15883 ETA: 0:30:18
                                         
FPS: 16 Current Frame: 15891 ETA: 0:30:17
                                         
FPS: 16 Current Frame: 15899 ETA: 0:30:17
                                         
FPS: 16 Current Frame: 15907 ETA: 0:30:16
                                         
FPS: 16 Current Frame: 15915 ETA: 0:30:16
                                         
FPS: 16 Current Frame: 15923 ETA: 0:30:15
                                         
FPS: 16 Current Frame: 15931 ETA: 0:30:15
                                         
FPS: 16 Current Frame: 15939 ETA: 0:30:15
                                         
FPS: 16 Current Frame: 15947 ETA: 0:30:14
                                         
FPS: 16 Current Frame: 15955 ETA: 0:30:14
                                         
FPS: 16 Current Frame: 15963 ETA: 0:30:13
                                         
FPS: 16 Current Frame: 15971 ETA: 0:30:13
                                         
FPS: 16 Current Frame: 15979 ETA: 0:30:12
                                         
FPS: 16 Current Frame: 15987 ETA: 0:30:12
                                         
FPS: 16 Current Frame: 15995 ETA: 0:30:11
                                         
FPS: 16 Current Frame: 16003 ETA: 0:30:11
                                         
FPS: 16 Current Frame: 16011 ETA: 0:30:10
                                         
FPS: 16 Current Frame: 16019 ETA: 0:30:10
                                         
FPS: 16 Current Frame: 16027 ETA: 0:30:09
                                         
FPS: 16 Current Frame: 16035 ETA: 0:30:09
                                         
FPS: 16 Current Frame: 16043 ETA: 0:30:08
                                         
FPS: 16 Current Frame: 16051 ETA: 0:30:08
                                         
FPS: 16 Current Frame: 16058 ETA: 0:30:07
                                         
FPS: 16 Current Frame: 16066 ETA: 0:30:07
                                         
FPS: 16 Current Frame: 16074 ETA: 0:30:06
                                         
FPS: 16 Current Frame: 16082 ETA: 0:30:06
                                         
FPS: 16 Current Frame: 16090 ETA: 0:30:05
                                         
FPS: 16 Current Frame: 16098 ETA: 0:30:05
                                         
FPS: 16 Current Frame: 16106 ETA: 0:30:04
                                         
FPS: 16 Current Frame: 16114 ETA: 0:30:04
                                         
FPS: 16 Current Frame: 16122 ETA: 0:30:03
                                         
FPS: 16 Current Frame: 16130 ETA: 0:30:03
                                         
FPS: 16 Current Frame: 16138 ETA: 0:30:02
                                         
FPS: 16 Current Frame: 16146 ETA: 0:30:02
                                         
FPS: 16 Current Frame: 16154 ETA: 0:30:01
                                         
FPS: 16 Current Frame: 16162 ETA: 0:30:01
                                         
FPS: 16 Current Frame: 16170 ETA: 0:30:00
                                         
FPS: 16 Current Frame: 16178 ETA: 0:30:00
                                         
FPS: 16 Current Frame: 16186 ETA: 0:29:59
                                         
FPS: 16 Current Frame: 16194 ETA: 0:29:59
                                         
FPS: 16 Current Frame: 16202 ETA: 0:29:58
                                         
FPS: 16 Current Frame: 16210 ETA: 0:29:58
                                         
FPS: 16 Current Frame: 16218 ETA: 0:29:57
                                         
FPS: 16 Current Frame: 16227 ETA: 0:29:57
                                         
FPS: 16 Current Frame: 16235 ETA: 0:29:56
                                         
FPS: 16 Current Frame: 16243 ETA: 0:29:56
                                         
FPS: 16 Current Frame: 16251 ETA: 0:29:55
                                         
FPS: 16 Current Frame: 16259 ETA: 0:29:55
                                         
FPS: 16 Current Frame: 16267 ETA: 0:29:54
                                         
FPS: 16 Current Frame: 16275 ETA: 0:29:54
                                         
FPS: 16 Current Frame: 16283 ETA: 0:29:53
                                         
FPS: 16 Current Frame: 16290 ETA: 0:29:53
                                         
FPS: 16 Current Frame: 16298 ETA: 0:29:52
                                         
FPS: 16 Current Frame: 16306 ETA: 0:29:52
                                         
FPS: 16 Current Frame: 16315 ETA: 0:29:51
                                         
FPS: 16 Current Frame: 16323 ETA: 0:29:51
                                         
FPS: 16 Current Frame: 16331 ETA: 0:29:50
                                         
FPS: 16 Current Frame: 16339 ETA: 0:29:50
                                         
FPS: 16 Current Frame: 16347 ETA: 0:29:49
                                         
FPS: 16 Current Frame: 16355 ETA: 0:29:49
                                         
FPS: 16 Current Frame: 16363 ETA: 0:29:48
                                         
FPS: 16 Current Frame: 16371 ETA: 0:29:48
                                         
FPS: 16 Current Frame: 16379 ETA: 0:29:47
                                         
FPS: 16 Current Frame: 16387 ETA: 0:29:47
                                         
FPS: 16 Current Frame: 16395 ETA: 0:29:46
                                         
FPS: 16 Current Frame: 16403 ETA: 0:29:46
                                         
FPS: 16 Current Frame: 16411 ETA: 0:29:45
                                         
FPS: 16 Current Frame: 16419 ETA: 0:29:45
                                         
FPS: 16 Current Frame: 16427 ETA: 0:29:44
                                         
FPS: 16 Current Frame: 16435 ETA: 0:29:44
                                         
FPS: 16 Current Frame: 16443 ETA: 0:29:43
                                         
FPS: 16 Current Frame: 16452 ETA: 0:29:43
                                         
FPS: 16 Current Frame: 16460 ETA: 0:29:42
                                         
FPS: 16 Current Frame: 16468 ETA: 0:29:42
                                         
FPS: 16 Current Frame: 16476 ETA: 0:29:41
                                         
FPS: 16 Current Frame: 16484 ETA: 0:29:41
                                         
FPS: 16 Current Frame: 16492 ETA: 0:29:40
                                         
FPS: 16 Current Frame: 16500 ETA: 0:29:40
                                         
FPS: 16 Current Frame: 16508 ETA: 0:29:39
                                         
FPS: 16 Current Frame: 16516 ETA: 0:29:39
                                         
FPS: 16 Current Frame: 16524 ETA: 0:29:38
                                         
FPS: 16 Current Frame: 16532 ETA: 0:29:38
                                         
FPS: 16 Current Frame: 16540 ETA: 0:29:37
                                         
FPS: 16 Current Frame: 16548 ETA: 0:29:37
                                         
FPS: 16 Current Frame: 16556 ETA: 0:29:36
                                         
FPS: 16 Current Frame: 16564 ETA: 0:29:36
                                         
FPS: 16 Current Frame: 16572 ETA: 0:29:35
                                         
FPS: 16 Current Frame: 16580 ETA: 0:29:35
                                         
FPS: 16 Current Frame: 16588 ETA: 0:29:34
                                         
FPS: 16 Current Frame: 16596 ETA: 0:29:34
                                         
FPS: 16 Current Frame: 16604 ETA: 0:29:33
                                         
FPS: 16 Current Frame: 16612 ETA: 0:29:33
                                         
FPS: 16 Current Frame: 16620 ETA: 0:29:32
                                         
FPS: 16 Current Frame: 16628 ETA: 0:29:32
                                         
FPS: 16 Current Frame: 16636 ETA: 0:29:31
                                         
FPS: 16 Current Frame: 16644 ETA: 0:29:31
                                         
FPS: 16 Current Frame: 16652 ETA: 0:29:30
                                         
FPS: 16 Current Frame: 16660 ETA: 0:29:30
                                         
FPS: 16 Current Frame: 16668 ETA: 0:29:29
                                         
FPS: 16 Current Frame: 16677 ETA: 0:29:29
                                         
FPS: 16 Current Frame: 16685 ETA: 0:29:28
                                         
FPS: 16 Current Frame: 16693 ETA: 0:29:28
                                         
FPS: 16 Current Frame: 16701 ETA: 0:29:27
                                         
FPS: 16 Current Frame: 16709 ETA: 0:29:27
                                         
FPS: 16 Current Frame: 16717 ETA: 0:29:26
                                         
FPS: 16 Current Frame: 16725 ETA: 0:29:26
                                         
FPS: 16 Current Frame: 16733 ETA: 0:29:25
                                         
FPS: 16 Current Frame: 16741 ETA: 0:29:25
                                         
FPS: 16 Current Frame: 16749 ETA: 0:29:24
                                         
FPS: 16 Current Frame: 16757 ETA: 0:29:24
                                         
FPS: 16 Current Frame: 16765 ETA: 0:29:23
                                         
FPS: 16 Current Frame: 16773 ETA: 0:29:23
                                         
FPS: 16 Current Frame: 16781 ETA: 0:29:22
                                         
FPS: 16 Current Frame: 16789 ETA: 0:29:22
                                         
FPS: 16 Current Frame: 16797 ETA: 0:29:21
                                         
FPS: 16 Current Frame: 16805 ETA: 0:29:21
                                         
FPS: 16 Current Frame: 16813 ETA: 0:29:20
                                         
FPS: 16 Current Frame: 16821 ETA: 0:29:20
                                         
FPS: 16 Current Frame: 16829 ETA: 0:29:19
                                         
FPS: 16 Current Frame: 16837 ETA: 0:29:19
                                         
FPS: 16 Current Frame: 16845 ETA: 0:29:18
                                         
FPS: 16 Current Frame: 16853 ETA: 0:29:18
                                         
FPS: 16 Current Frame: 16861 ETA: 0:29:17
                                         
FPS: 16 Current Frame: 16869 ETA: 0:29:17
                                         
FPS: 16 Current Frame: 16877 ETA: 0:29:16
                                         
FPS: 16 Current Frame: 16885 ETA: 0:29:16
                                         
FPS: 16 Current Frame: 16893 ETA: 0:29:15
                                         
FPS: 16 Current Frame: 16901 ETA: 0:29:15
                                         
FPS: 16 Current Frame: 16909 ETA: 0:29:14
                                         
FPS: 16 Current Frame: 16917 ETA: 0:29:14
                                         
FPS: 16 Current Frame: 16925 ETA: 0:29:13
                                         
FPS: 16 Current Frame: 16934 ETA: 0:29:13
                                         
FPS: 16 Current Frame: 16942 ETA: 0:29:12
                                         
FPS: 16 Current Frame: 16950 ETA: 0:29:12
                                         
FPS: 16 Current Frame: 16958 ETA: 0:29:11
                                         
FPS: 16 Current Frame: 16966 ETA: 0:29:11
                                         
FPS: 16 Current Frame: 16974 ETA: 0:29:10
                                         
FPS: 16 Current Frame: 16982 ETA: 0:29:10
                                         
FPS: 16 Current Frame: 16990 ETA: 0:29:09
                                         
FPS: 16 Current Frame: 16998 ETA: 0:29:09
                                         
FPS: 16 Current Frame: 17006 ETA: 0:29:08
                                         
FPS: 16 Current Frame: 17014 ETA: 0:29:08
                                         
FPS: 16 Current Frame: 17022 ETA: 0:29:07
                                         
FPS: 16 Current Frame: 17030 ETA: 0:29:07
                                         
FPS: 16 Current Frame: 17038 ETA: 0:29:06
                                         
FPS: 16 Current Frame: 17046 ETA: 0:29:06
                                         
FPS: 16 Current Frame: 17054 ETA: 0:29:05
                                         
FPS: 16 Current Frame: 17062 ETA: 0:29:05
                                         
FPS: 16 Current Frame: 17070 ETA: 0:29:04
                                         
FPS: 16 Current Frame: 17078 ETA: 0:29:04
                                         
FPS: 16 Current Frame: 17086 ETA: 0:29:03
                                         
FPS: 16 Current Frame: 17094 ETA: 0:29:03
                                         
FPS: 16 Current Frame: 17102 ETA: 0:29:02
                                         
FPS: 16 Current Frame: 17110 ETA: 0:29:02
                                         
FPS: 16 Current Frame: 17118 ETA: 0:29:01
                                         
FPS: 16 Current Frame: 17126 ETA: 0:29:01
                                         
FPS: 16 Current Frame: 17134 ETA: 0:29:00
                                         
FPS: 16 Current Frame: 17142 ETA: 0:29:00
                                         
FPS: 16 Current Frame: 17150 ETA: 0:28:59
                                         
FPS: 16 Current Frame: 17158 ETA: 0:28:59
                                         
FPS: 16 Current Frame: 17166 ETA: 0:28:58
                                         
FPS: 16 Current Frame: 17174 ETA: 0:28:58
                                         
FPS: 16 Current Frame: 17182 ETA: 0:28:57
                                         
FPS: 16 Current Frame: 17190 ETA: 0:28:57
                                         
FPS: 16 Current Frame: 17199 ETA: 0:28:56
                                         
FPS: 16 Current Frame: 17207 ETA: 0:28:56
                                         
FPS: 16 Current Frame: 17215 ETA: 0:28:55
                                         
FPS: 16 Current Frame: 17223 ETA: 0:28:55
                                         
FPS: 16 Current Frame: 17231 ETA: 0:28:54
                                         
FPS: 16 Current Frame: 17239 ETA: 0:28:54
                                         
FPS: 16 Current Frame: 17247 ETA: 0:28:53
                                         
FPS: 16 Current Frame: 17255 ETA: 0:28:53
                                         
FPS: 16 Current Frame: 17263 ETA: 0:28:52
                                         
FPS: 16 Current Frame: 17271 ETA: 0:28:52
                                         
FPS: 16 Current Frame: 17279 ETA: 0:28:51
                                         
FPS: 16 Current Frame: 17287 ETA: 0:28:51
                                         
FPS: 16 Current Frame: 17295 ETA: 0:28:50
                                         
FPS: 16 Current Frame: 17303 ETA: 0:28:50
                                         
FPS: 16 Current Frame: 17311 ETA: 0:28:49
                                         
FPS: 16 Current Frame: 17319 ETA: 0:28:49
                                         
FPS: 16 Current Frame: 17327 ETA: 0:28:48
                                         
FPS: 16 Current Frame: 17335 ETA: 0:28:48
                                         
FPS: 16 Current Frame: 17343 ETA: 0:28:47
                                         
FPS: 16 Current Frame: 17351 ETA: 0:28:47
                                         
FPS: 16 Current Frame: 17359 ETA: 0:28:46
                                         
FPS: 16 Current Frame: 17367 ETA: 0:28:46
                                         
FPS: 16 Current Frame: 17375 ETA: 0:28:45
                                         
FPS: 16 Current Frame: 17383 ETA: 0:28:45
                                         
FPS: 16 Current Frame: 17392 ETA: 0:28:44
                                         
FPS: 16 Current Frame: 17400 ETA: 0:28:44
                                         
FPS: 16 Current Frame: 17408 ETA: 0:28:43
                                         
FPS: 16 Current Frame: 17416 ETA: 0:28:43
                                         
FPS: 16 Current Frame: 17424 ETA: 0:28:42
                                         
FPS: 16 Current Frame: 17432 ETA: 0:28:42
                                         
FPS: 16 Current Frame: 17440 ETA: 0:28:41
                                         
FPS: 16 Current Frame: 17448 ETA: 0:28:41
                                         
FPS: 16 Current Frame: 17456 ETA: 0:28:40
                                         
FPS: 16 Current Frame: 17464 ETA: 0:28:40
                                         
FPS: 16 Current Frame: 17472 ETA: 0:28:39
                                         
FPS: 16 Current Frame: 17480 ETA: 0:28:39
                                         
FPS: 16 Current Frame: 17488 ETA: 0:28:38
                                         
FPS: 16 Current Frame: 17496 ETA: 0:28:38
                                         
FPS: 16 Current Frame: 17504 ETA: 0:28:37
                                         
FPS: 16 Current Frame: 17512 ETA: 0:28:37
                                         
FPS: 16 Current Frame: 17520 ETA: 0:28:36
                                         
FPS: 16 Current Frame: 17528 ETA: 0:28:36
                                         
FPS: 16 Current Frame: 17536 ETA: 0:28:35
                                         
FPS: 16 Current Frame: 17545 ETA: 0:28:35
                                         
FPS: 16 Current Frame: 17553 ETA: 0:28:34
                                         
FPS: 16 Current Frame: 17561 ETA: 0:28:34
                                         
FPS: 16 Current Frame: 17569 ETA: 0:28:33
                                         
FPS: 16 Current Frame: 17576 ETA: 0:28:33
                                         
FPS: 16 Current Frame: 17584 ETA: 0:28:32
                                         
FPS: 16 Current Frame: 17592 ETA: 0:28:32
                                         
FPS: 16 Current Frame: 17600 ETA: 0:28:31
                                         
FPS: 16 Current Frame: 17608 ETA: 0:28:31
                                         
FPS: 16 Current Frame: 17616 ETA: 0:28:30
                                         
FPS: 16 Current Frame: 17624 ETA: 0:28:30
                                         
FPS: 16 Current Frame: 17632 ETA: 0:28:29
                                         
FPS: 16 Current Frame: 17640 ETA: 0:28:29
                                         
FPS: 16 Current Frame: 17648 ETA: 0:28:29
                                         
FPS: 16 Current Frame: 17656 ETA: 0:28:28
                                         
FPS: 16 Current Frame: 17664 ETA: 0:28:28
                                         
FPS: 16 Current Frame: 17672 ETA: 0:28:27
                                         
FPS: 16 Current Frame: 17680 ETA: 0:28:27
                                         
FPS: 16 Current Frame: 17688 ETA: 0:28:26
                                         
FPS: 16 Current Frame: 17696 ETA: 0:28:26
                                         
FPS: 16 Current Frame: 17704 ETA: 0:28:25
                                         
FPS: 16 Current Frame: 17712 ETA: 0:28:25
                                         
FPS: 16 Current Frame: 17720 ETA: 0:28:24
                                         
FPS: 16 Current Frame: 17728 ETA: 0:28:24
                                         
FPS: 16 Current Frame: 17735 ETA: 0:28:23
                                         
FPS: 16 Current Frame: 17743 ETA: 0:28:23
                                         
FPS: 16 Current Frame: 17751 ETA: 0:28:22
                                         
FPS: 16 Current Frame: 17759 ETA: 0:28:22
                                         
FPS: 16 Current Frame: 17767 ETA: 0:28:21
                                         
FPS: 16 Current Frame: 17775 ETA: 0:28:21
                                         
FPS: 16 Current Frame: 17783 ETA: 0:28:20
                                         
FPS: 16 Current Frame: 17791 ETA: 0:28:20
                                         
FPS: 16 Current Frame: 17799 ETA: 0:28:19
                                         
FPS: 16 Current Frame: 17807 ETA: 0:28:19
                                         
FPS: 16 Current Frame: 17815 ETA: 0:28:18
                                         
FPS: 16 Current Frame: 17823 ETA: 0:28:18
                                         
FPS: 16 Current Frame: 17831 ETA: 0:28:17
                                         
FPS: 16 Current Frame: 17839 ETA: 0:28:17
                                         
FPS: 16 Current Frame: 17847 ETA: 0:28:16
                                         
FPS: 16 Current Frame: 17855 ETA: 0:28:16
                                         
FPS: 16 Current Frame: 17863 ETA: 0:28:15
                                         
FPS: 16 Current Frame: 17871 ETA: 0:28:15
                                         
FPS: 16 Current Frame: 17879 ETA: 0:28:14
                                         
FPS: 16 Current Frame: 17887 ETA: 0:28:14
                                         
FPS: 16 Current Frame: 17895 ETA: 0:28:13
                                         
FPS: 16 Current Frame: 17903 ETA: 0:28:13
                                         
FPS: 16 Current Frame: 17911 ETA: 0:28:12
                                         
FPS: 16 Current Frame: 17919 ETA: 0:28:12
                                         
FPS: 16 Current Frame: 17926 ETA: 0:28:12
                                         
FPS: 16 Current Frame: 17934 ETA: 0:28:11
                                         
FPS: 16 Current Frame: 17942 ETA: 0:28:11
                                         
FPS: 16 Current Frame: 17950 ETA: 0:28:10
                                         
FPS: 16 Current Frame: 17958 ETA: 0:28:10
                                         
FPS: 16 Current Frame: 17966 ETA: 0:28:09
                                         
FPS: 16 Current Frame: 17974 ETA: 0:28:09
                                         
FPS: 16 Current Frame: 17982 ETA: 0:28:08
                                         
FPS: 16 Current Frame: 17990 ETA: 0:28:08
                                         
FPS: 16 Current Frame: 17998 ETA: 0:28:07
                                         
FPS: 16 Current Frame: 18006 ETA: 0:28:07
                                         
FPS: 16 Current Frame: 18014 ETA: 0:28:06
                                         
FPS: 16 Current Frame: 18022 ETA: 0:28:06
                                         
FPS: 16 Current Frame: 18030 ETA: 0:28:05
                                         
FPS: 16 Current Frame: 18038 ETA: 0:28:05
                                         
FPS: 16 Current Frame: 18046 ETA: 0:28:04
                                         
FPS: 16 Current Frame: 18054 ETA: 0:28:04
                                         
FPS: 16 Current Frame: 18062 ETA: 0:28:03
                                         
FPS: 16 Current Frame: 18070 ETA: 0:28:03
                                         
FPS: 16 Current Frame: 18078 ETA: 0:28:02
                                         
FPS: 16 Current Frame: 18086 ETA: 0:28:02
                                         
FPS: 16 Current Frame: 18094 ETA: 0:28:01
                                         
FPS: 16 Current Frame: 18102 ETA: 0:28:01
                                         
FPS: 16 Current Frame: 18110 ETA: 0:28:00
                                         
FPS: 16 Current Frame: 18118 ETA: 0:28:00
                                         
FPS: 16 Current Frame: 18126 ETA: 0:27:59
                                         
FPS: 16 Current Frame: 18134 ETA: 0:27:59
                                         
FPS: 16 Current Frame: 18142 ETA: 0:27:58
                                         
FPS: 16 Current Frame: 18150 ETA: 0:27:58
                                         
FPS: 16 Current Frame: 18158 ETA: 0:27:57
                                         
FPS: 16 Current Frame: 18166 ETA: 0:27:57
                                         
FPS: 16 Current Frame: 18174 ETA: 0:27:56
                                         
FPS: 16 Current Frame: 18181 ETA: 0:27:56
                                         
FPS: 16 Current Frame: 18189 ETA: 0:27:55
                                         
FPS: 16 Current Frame: 18197 ETA: 0:27:55
                                         
FPS: 16 Current Frame: 18205 ETA: 0:27:54
                                         
FPS: 16 Current Frame: 18213 ETA: 0:27:54
                                         
FPS: 16 Current Frame: 18221 ETA: 0:27:53
                                         
FPS: 16 Current Frame: 18229 ETA: 0:27:53
                                         
FPS: 16 Current Frame: 18237 ETA: 0:27:52
                                         
FPS: 16 Current Frame: 18245 ETA: 0:27:52
                                         
FPS: 16 Current Frame: 18253 ETA: 0:27:51
                                         
FPS: 16 Current Frame: 18261 ETA: 0:27:51
                                         
FPS: 16 Current Frame: 18269 ETA: 0:27:50
                                         
FPS: 16 Current Frame: 18277 ETA: 0:27:50
                                         
FPS: 16 Current Frame: 18285 ETA: 0:27:49
                                         
FPS: 16 Current Frame: 18293 ETA: 0:27:49
                                         
FPS: 16 Current Frame: 18301 ETA: 0:27:48
                                         
FPS: 16 Current Frame: 18309 ETA: 0:27:48
                                         
FPS: 16 Current Frame: 18317 ETA: 0:27:47
                                         
FPS: 16 Current Frame: 18325 ETA: 0:27:47
                                         
FPS: 16 Current Frame: 18333 ETA: 0:27:46
                                         
FPS: 16 Current Frame: 18341 ETA: 0:27:46
                                         
FPS: 16 Current Frame: 18349 ETA: 0:27:45
                                         
FPS: 16 Current Frame: 18357 ETA: 0:27:45
                                         
FPS: 16 Current Frame: 18365 ETA: 0:27:44
                                         
FPS: 16 Current Frame: 18373 ETA: 0:27:44
                                         
FPS: 16 Current Frame: 18381 ETA: 0:27:43
                                         
FPS: 16 Current Frame: 18389 ETA: 0:27:43
                                         
FPS: 16 Current Frame: 18397 ETA: 0:27:42
                                         
FPS: 16 Current Frame: 18405 ETA: 0:27:42
                                         
FPS: 16 Current Frame: 18413 ETA: 0:27:41
                                         
FPS: 16 Current Frame: 18420 ETA: 0:27:41
                                         
FPS: 16 Current Frame: 18428 ETA: 0:27:41
                                         
FPS: 16 Current Frame: 18436 ETA: 0:27:40
                                         
FPS: 16 Current Frame: 18444 ETA: 0:27:40
                                         
FPS: 16 Current Frame: 18452 ETA: 0:27:39
                                         
FPS: 16 Current Frame: 18460 ETA: 0:27:39
                                         
FPS: 16 Current Frame: 18468 ETA: 0:27:38
                                         
FPS: 16 Current Frame: 18476 ETA: 0:27:38
                                         
FPS: 16 Current Frame: 18484 ETA: 0:27:37
                                         
FPS: 16 Current Frame: 18492 ETA: 0:27:37
                                         
FPS: 16 Current Frame: 18500 ETA: 0:27:36
                                         
FPS: 16 Current Frame: 18508 ETA: 0:27:36
                                         
FPS: 16 Current Frame: 18516 ETA: 0:27:35
                                         
FPS: 16 Current Frame: 18524 ETA: 0:27:35
                                         
FPS: 16 Current Frame: 18531 ETA: 0:27:34
                                         
FPS: 16 Current Frame: 18539 ETA: 0:27:34
                                         
FPS: 16 Current Frame: 18547 ETA: 0:27:33
                                         
FPS: 16 Current Frame: 18555 ETA: 0:27:33
                                         
FPS: 16 Current Frame: 18563 ETA: 0:27:32
                                         
FPS: 16 Current Frame: 18571 ETA: 0:27:32
                                         
FPS: 16 Current Frame: 18579 ETA: 0:27:31
                                         
FPS: 16 Current Frame: 18587 ETA: 0:27:31
                                         
FPS: 16 Current Frame: 18595 ETA: 0:27:30
                                         
FPS: 16 Current Frame: 18603 ETA: 0:27:30
                                         
FPS: 16 Current Frame: 18611 ETA: 0:27:29
                                         
FPS: 16 Current Frame: 18619 ETA: 0:27:29
                                         
FPS: 16 Current Frame: 18627 ETA: 0:27:28
                                         
FPS: 16 Current Frame: 18635 ETA: 0:27:28
                                         
FPS: 16 Current Frame: 18643 ETA: 0:27:27
                                         
FPS: 16 Current Frame: 18650 ETA: 0:27:27
                                         
FPS: 16 Current Frame: 18658 ETA: 0:27:27
                                         
FPS: 16 Current Frame: 18666 ETA: 0:27:26
                                         
FPS: 16 Current Frame: 18674 ETA: 0:27:26
                                         
FPS: 16 Current Frame: 18682 ETA: 0:27:25
                                         
FPS: 16 Current Frame: 18690 ETA: 0:27:25
                                         
FPS: 16 Current Frame: 18698 ETA: 0:27:24
                                         
FPS: 16 Current Frame: 18706 ETA: 0:27:24
                                         
FPS: 16 Current Frame: 18714 ETA: 0:27:23
                                         
FPS: 16 Current Frame: 18722 ETA: 0:27:23
                                         
FPS: 16 Current Frame: 18730 ETA: 0:27:22
                                         
FPS: 16 Current Frame: 18738 ETA: 0:27:22
                                         
FPS: 16 Current Frame: 18746 ETA: 0:27:21
                                         
FPS: 16 Current Frame: 18754 ETA: 0:27:21
                                         
FPS: 16 Current Frame: 18762 ETA: 0:27:20
                                         
FPS: 16 Current Frame: 18770 ETA: 0:27:20
                                         
FPS: 16 Current Frame: 18778 ETA: 0:27:19
                                         
FPS: 16 Current Frame: 18786 ETA: 0:27:19
                                         
FPS: 16 Current Frame: 18794 ETA: 0:27:18
                                         
FPS: 16 Current Frame: 18802 ETA: 0:27:18
                                         
FPS: 16 Current Frame: 18810 ETA: 0:27:17
                                         
FPS: 16 Current Frame: 18818 ETA: 0:27:17
                                         
FPS: 16 Current Frame: 18826 ETA: 0:27:16
                                         
FPS: 16 Current Frame: 18834 ETA: 0:27:16
                                         
FPS: 16 Current Frame: 18842 ETA: 0:27:15
                                         
FPS: 16 Current Frame: 18850 ETA: 0:27:15
                                         
FPS: 16 Current Frame: 18858 ETA: 0:27:14
                                         
FPS: 16 Current Frame: 18866 ETA: 0:27:14
                                         
FPS: 16 Current Frame: 18874 ETA: 0:27:13
                                         
FPS: 16 Current Frame: 18882 ETA: 0:27:13
                                         
FPS: 16 Current Frame: 18890 ETA: 0:27:12
                                         
FPS: 16 Current Frame: 18898 ETA: 0:27:12
                                         
FPS: 16 Current Frame: 18906 ETA: 0:27:11
                                         
FPS: 16 Current Frame: 18914 ETA: 0:27:11
                                         
FPS: 16 Current Frame: 18922 ETA: 0:27:10
                                         
FPS: 16 Current Frame: 18930 ETA: 0:27:10
                                         
FPS: 16 Current Frame: 18938 ETA: 0:27:09
                                         
FPS: 16 Current Frame: 18945 ETA: 0:27:09
                                         
FPS: 16 Current Frame: 18953 ETA: 0:27:08
                                         
FPS: 16 Current Frame: 18961 ETA: 0:27:08
                                         
FPS: 16 Current Frame: 18969 ETA: 0:27:07
                                         
FPS: 16 Current Frame: 18977 ETA: 0:27:07
                                         
FPS: 16 Current Frame: 18985 ETA: 0:27:06
                                         
FPS: 16 Current Frame: 18993 ETA: 0:27:06
                                         
FPS: 16 Current Frame: 19001 ETA: 0:27:05
                                         
FPS: 16 Current Frame: 19009 ETA: 0:27:05
                                         
FPS: 16 Current Frame: 19017 ETA: 0:27:04
                                         
FPS: 16 Current Frame: 19025 ETA: 0:27:04
                                         
FPS: 16 Current Frame: 19033 ETA: 0:27:03
                                         
FPS: 16 Current Frame: 19041 ETA: 0:27:03
                                         
FPS: 16 Current Frame: 19049 ETA: 0:27:02
                                         
FPS: 16 Current Frame: 19056 ETA: 0:27:02
                                         
FPS: 16 Current Frame: 19064 ETA: 0:27:02
                                         
FPS: 16 Current Frame: 19072 ETA: 0:27:01
                                         
FPS: 16 Current Frame: 19080 ETA: 0:27:01
                                         
FPS: 16 Current Frame: 19088 ETA: 0:27:00
                                         
FPS: 16 Current Frame: 19096 ETA: 0:27:00
                                         
FPS: 16 Current Frame: 19104 ETA: 0:26:59
                                         
FPS: 16 Current Frame: 19112 ETA: 0:26:59
                                         
FPS: 16 Current Frame: 19120 ETA: 0:26:58
                                         
FPS: 16 Current Frame: 19128 ETA: 0:26:58
                                         
FPS: 16 Current Frame: 19136 ETA: 0:26:57
                                         
FPS: 16 Current Frame: 19144 ETA: 0:26:57
                                         
FPS: 16 Current Frame: 19152 ETA: 0:26:56
                                         
FPS: 16 Current Frame: 19160 ETA: 0:26:56
                                         
FPS: 16 Current Frame: 19168 ETA: 0:26:55
                                         
FPS: 16 Current Frame: 19176 ETA: 0:26:55
                                         
FPS: 16 Current Frame: 19184 ETA: 0:26:54
                                         
FPS: 16 Current Frame: 19192 ETA: 0:26:54
                                         
FPS: 16 Current Frame: 19200 ETA: 0:26:53
                                         
FPS: 16 Current Frame: 19208 ETA: 0:26:53
                                         
FPS: 16 Current Frame: 19216 ETA: 0:26:52
                                         
FPS: 16 Current Frame: 19224 ETA: 0:26:52
                                         
FPS: 16 Current Frame: 19232 ETA: 0:26:51
                                         
FPS: 16 Current Frame: 19240 ETA: 0:26:51
                                         
FPS: 16 Current Frame: 19248 ETA: 0:26:50
                                         
FPS: 16 Current Frame: 19255 ETA: 0:26:50
                                         
FPS: 16 Current Frame: 19263 ETA: 0:26:49
                                         
FPS: 16 Current Frame: 19271 ETA: 0:26:49
                                         
FPS: 16 Current Frame: 19279 ETA: 0:26:48
                                         
FPS: 16 Current Frame: 19287 ETA: 0:26:48
                                         
FPS: 16 Current Frame: 19295 ETA: 0:26:47
                                         
FPS: 16 Current Frame: 19303 ETA: 0:26:47
                                         
FPS: 16 Current Frame: 19311 ETA: 0:26:46
                                         
FPS: 16 Current Frame: 19319 ETA: 0:26:46
                                         
FPS: 16 Current Frame: 19327 ETA: 0:26:45
                                         
FPS: 16 Current Frame: 19335 ETA: 0:26:45
                                         
FPS: 16 Current Frame: 19343 ETA: 0:26:44
                                         
FPS: 16 Current Frame: 19351 ETA: 0:26:44
                                         
FPS: 16 Current Frame: 19359 ETA: 0:26:43
                                         
FPS: 16 Current Frame: 19367 ETA: 0:26:43
                                         
FPS: 16 Current Frame: 19375 ETA: 0:26:42
                                         
FPS: 16 Current Frame: 19383 ETA: 0:26:42
                                         
FPS: 16 Current Frame: 19390 ETA: 0:26:42
                                         
FPS: 16 Current Frame: 19398 ETA: 0:26:41
                                         
FPS: 16 Current Frame: 19406 ETA: 0:26:41
                                         
FPS: 16 Current Frame: 19414 ETA: 0:26:40
                                         
FPS: 16 Current Frame: 19422 ETA: 0:26:40
                                         
FPS: 16 Current Frame: 19430 ETA: 0:26:39
                                         
FPS: 16 Current Frame: 19438 ETA: 0:26:39
                                         
FPS: 16 Current Frame: 19446 ETA: 0:26:38
                                         
FPS: 16 Current Frame: 19454 ETA: 0:26:38
                                         
FPS: 16 Current Frame: 19462 ETA: 0:26:37
                                         
FPS: 16 Current Frame: 19469 ETA: 0:26:37
                                         
FPS: 16 Current Frame: 19477 ETA: 0:26:36
                                         
FPS: 16 Current Frame: 19485 ETA: 0:26:36
                                         
FPS: 16 Current Frame: 19493 ETA: 0:26:35
                                         
FPS: 16 Current Frame: 19501 ETA: 0:26:35
                                         
FPS: 16 Current Frame: 19509 ETA: 0:26:34
                                         
FPS: 16 Current Frame: 19517 ETA: 0:26:34
                                         
FPS: 16 Current Frame: 19525 ETA: 0:26:33
                                         
FPS: 16 Current Frame: 19533 ETA: 0:26:33
                                         
FPS: 16 Current Frame: 19541 ETA: 0:26:32
                                         
FPS: 16 Current Frame: 19548 ETA: 0:26:32
                                         
FPS: 16 Current Frame: 19556 ETA: 0:26:31
                                         
FPS: 16 Current Frame: 19564 ETA: 0:26:31
                                         
FPS: 16 Current Frame: 19572 ETA: 0:26:30
                                         
FPS: 16 Current Frame: 19580 ETA: 0:26:30
                                         
FPS: 16 Current Frame: 19588 ETA: 0:26:29
                                         
FPS: 16 Current Frame: 19596 ETA: 0:26:29
                                         
FPS: 16 Current Frame: 19604 ETA: 0:26:28
                                         
FPS: 16 Current Frame: 19612 ETA: 0:26:28
                                         
FPS: 16 Current Frame: 19620 ETA: 0:26:27
                                         
FPS: 16 Current Frame: 19628 ETA: 0:26:27
                                         
FPS: 16 Current Frame: 19636 ETA: 0:26:26
                                         
FPS: 16 Current Frame: 19644 ETA: 0:26:26
                                         
FPS: 16 Current Frame: 19652 ETA: 0:26:26
                                         
FPS: 16 Current Frame: 19660 ETA: 0:26:25
                                         
FPS: 16 Current Frame: 19668 ETA: 0:26:25
                                         
FPS: 16 Current Frame: 19676 ETA: 0:26:24
                                         
FPS: 16 Current Frame: 19684 ETA: 0:26:24
                                         
FPS: 16 Current Frame: 19692 ETA: 0:26:23
                                         
FPS: 16 Current Frame: 19699 ETA: 0:26:23
                                         
FPS: 16 Current Frame: 19707 ETA: 0:26:22
                                         
FPS: 16 Current Frame: 19715 ETA: 0:26:22
                                         
FPS: 16 Current Frame: 19723 ETA: 0:26:21
                                         
FPS: 16 Current Frame: 19731 ETA: 0:26:21
                                         
FPS: 16 Current Frame: 19739 ETA: 0:26:20
                                         
FPS: 16 Current Frame: 19747 ETA: 0:26:20
                                         
FPS: 16 Current Frame: 19755 ETA: 0:26:19
                                         
FPS: 16 Current Frame: 19763 ETA: 0:26:19
                                         
FPS: 16 Current Frame: 19771 ETA: 0:26:18
                                         
FPS: 16 Current Frame: 19779 ETA: 0:26:18
                                         
FPS: 16 Current Frame: 19787 ETA: 0:26:17
                                         
FPS: 16 Current Frame: 19795 ETA: 0:26:17
                                         
FPS: 16 Current Frame: 19803 ETA: 0:26:16
                                         
FPS: 16 Current Frame: 19811 ETA: 0:26:16
                                         
FPS: 16 Current Frame: 19819 ETA: 0:26:15
                                         
FPS: 16 Current Frame: 19827 ETA: 0:26:15
                                         
FPS: 16 Current Frame: 19835 ETA: 0:26:14
                                         
FPS: 16 Current Frame: 19843 ETA: 0:26:14
                                         
FPS: 16 Current Frame: 19851 ETA: 0:26:13
                                         
FPS: 16 Current Frame: 19859 ETA: 0:26:13
                                         
FPS: 16 Current Frame: 19867 ETA: 0:26:12
                                         
FPS: 16 Current Frame: 19875 ETA: 0:26:12
                                         
FPS: 16 Current Frame: 19883 ETA: 0:26:11
                                         
FPS: 16 Current Frame: 19891 ETA: 0:26:11
                                         
FPS: 16 Current Frame: 19899 ETA: 0:26:10
                                         
FPS: 16 Current Frame: 19907 ETA: 0:26:10
                                         
FPS: 16 Current Frame: 19915 ETA: 0:26:09
                                         
FPS: 16 Current Frame: 19923 ETA: 0:26:09
                                         
FPS: 16 Current Frame: 19931 ETA: 0:26:08
                                         
FPS: 16 Current Frame: 19939 ETA: 0:26:08
                                         
FPS: 16 Current Frame: 19947 ETA: 0:26:07
                                         
FPS: 16 Current Frame: 19954 ETA: 0:26:07
                                         
FPS: 16 Current Frame: 19962 ETA: 0:26:06
                                         
FPS: 16 Current Frame: 19970 ETA: 0:26:06
                                         
FPS: 16 Current Frame: 19978 ETA: 0:26:05
                                         
FPS: 16 Current Frame: 19986 ETA: 0:26:05
                                         
FPS: 16 Current Frame: 19994 ETA: 0:26:04
                                         
FPS: 16 Current Frame: 20002 ETA: 0:26:04
                                         
FPS: 16 Current Frame: 20010 ETA: 0:26:03
                                         
FPS: 16 Current Frame: 20018 ETA: 0:26:03
                                         
FPS: 16 Current Frame: 20026 ETA: 0:26:02
                                         
FPS: 16 Current Frame: 20034 ETA: 0:26:02
                                         
FPS: 16 Current Frame: 20042 ETA: 0:26:01
                                         
FPS: 16 Current Frame: 20050 ETA: 0:26:01
                                         
FPS: 16 Current Frame: 20058 ETA: 0:26:00
                                         
FPS: 16 Current Frame: 20066 ETA: 0:26:00
                                         
FPS: 16 Current Frame: 20074 ETA: 0:25:59
                                         
FPS: 16 Current Frame: 20082 ETA: 0:25:59
                                         
FPS: 16 Current Frame: 20090 ETA: 0:25:58
                                         
FPS: 16 Current Frame: 20098 ETA: 0:25:58
                                         
FPS: 16 Current Frame: 20106 ETA: 0:25:58
                                         
FPS: 16 Current Frame: 20114 ETA: 0:25:57
                                         
FPS: 16 Current Frame: 20122 ETA: 0:25:57
                                         
FPS: 16 Current Frame: 20130 ETA: 0:25:56
                                         
FPS: 16 Current Frame: 20138 ETA: 0:25:56
                                         
FPS: 16 Current Frame: 20146 ETA: 0:25:55
                                         
FPS: 16 Current Frame: 20154 ETA: 0:25:55
                                         
FPS: 16 Current Frame: 20162 ETA: 0:25:54
                                         
FPS: 16 Current Frame: 20170 ETA: 0:25:54
                                         
FPS: 16 Current Frame: 20178 ETA: 0:25:53
                                         
FPS: 16 Current Frame: 20186 ETA: 0:25:53
                                         
FPS: 16 Current Frame: 20194 ETA: 0:25:52
                                         
FPS: 16 Current Frame: 20202 ETA: 0:25:52
                                         
FPS: 16 Current Frame: 20210 ETA: 0:25:51
                                         
FPS: 16 Current Frame: 20217 ETA: 0:25:51
                                         
FPS: 16 Current Frame: 20225 ETA: 0:25:50
                                         
FPS: 16 Current Frame: 20233 ETA: 0:25:50
                                         
FPS: 16 Current Frame: 20241 ETA: 0:25:49
                                         
FPS: 16 Current Frame: 20250 ETA: 0:25:49
                                         
FPS: 16 Current Frame: 20257 ETA: 0:25:48
                                         
FPS: 16 Current Frame: 20265 ETA: 0:25:48
                                         
FPS: 16 Current Frame: 20273 ETA: 0:25:47
                                         
FPS: 16 Current Frame: 20281 ETA: 0:25:47
                                         
FPS: 16 Current Frame: 20289 ETA: 0:25:46
                                         
FPS: 16 Current Frame: 20298 ETA: 0:25:46
                                         
FPS: 16 Current Frame: 20305 ETA: 0:25:45
                                         
FPS: 16 Current Frame: 20313 ETA: 0:25:45
                                         
FPS: 16 Current Frame: 20321 ETA: 0:25:44
                                         
FPS: 16 Current Frame: 20329 ETA: 0:25:44
                                         
FPS: 16 Current Frame: 20337 ETA: 0:25:43
                                         
FPS: 16 Current Frame: 20345 ETA: 0:25:43
                                         
FPS: 16 Current Frame: 20353 ETA: 0:25:42
                                         
FPS: 16 Current Frame: 20361 ETA: 0:25:42
                                         
FPS: 16 Current Frame: 20369 ETA: 0:25:41
                                         
FPS: 16 Current Frame: 20377 ETA: 0:25:41
                                         
FPS: 16 Current Frame: 20385 ETA: 0:25:40
                                         
FPS: 16 Current Frame: 20393 ETA: 0:25:40
                                         
FPS: 16 Current Frame: 20401 ETA: 0:25:39
                                         
FPS: 16 Current Frame: 20409 ETA: 0:25:39
                                         
FPS: 16 Current Frame: 20417 ETA: 0:25:38
                                         
FPS: 16 Current Frame: 20425 ETA: 0:25:38
                                         
FPS: 16 Current Frame: 20433 ETA: 0:25:37
                                         
FPS: 16 Current Frame: 20441 ETA: 0:25:37
                                         
FPS: 16 Current Frame: 20449 ETA: 0:25:36
                                         
FPS: 16 Current Frame: 20457 ETA: 0:25:36
                                         
FPS: 16 Current Frame: 20465 ETA: 0:25:35
                                         
FPS: 16 Current Frame: 20473 ETA: 0:25:35
                                         
FPS: 16 Current Frame: 20481 ETA: 0:25:34
                                         
FPS: 16 Current Frame: 20489 ETA: 0:25:34
                                         
FPS: 16 Current Frame: 20497 ETA: 0:25:33
                                         
FPS: 16 Current Frame: 20504 ETA: 0:25:33
                                         
FPS: 16 Current Frame: 20512 ETA: 0:25:32
                                         
FPS: 16 Current Frame: 20520 ETA: 0:25:32
                                         
FPS: 16 Current Frame: 20528 ETA: 0:25:31
                                         
FPS: 16 Current Frame: 20536 ETA: 0:25:31
                                         
FPS: 16 Current Frame: 20544 ETA: 0:25:30
                                         
FPS: 16 Current Frame: 20552 ETA: 0:25:30
                                         
FPS: 16 Current Frame: 20560 ETA: 0:25:29
                                         
FPS: 16 Current Frame: 20568 ETA: 0:25:29
                                         
FPS: 16 Current Frame: 20576 ETA: 0:25:28
                                         
FPS: 16 Current Frame: 20584 ETA: 0:25:28
                                         
FPS: 16 Current Frame: 20592 ETA: 0:25:27
                                         
FPS: 16 Current Frame: 20600 ETA: 0:25:27
                                         
FPS: 16 Current Frame: 20608 ETA: 0:25:26
                                         
FPS: 16 Current Frame: 20616 ETA: 0:25:26
                                         
FPS: 16 Current Frame: 20624 ETA: 0:25:25
                                         
FPS: 16 Current Frame: 20632 ETA: 0:25:25
                                         
FPS: 16 Current Frame: 20640 ETA: 0:25:25
                                         
FPS: 16 Current Frame: 20648 ETA: 0:25:24
                                         
FPS: 16 Current Frame: 20656 ETA: 0:25:24
                                         
FPS: 16 Current Frame: 20664 ETA: 0:25:23
                                         
FPS: 16 Current Frame: 20672 ETA: 0:25:23
                                         
FPS: 16 Current Frame: 20680 ETA: 0:25:22
                                         
FPS: 16 Current Frame: 20688 ETA: 0:25:22
                                         
FPS: 16 Current Frame: 20696 ETA: 0:25:21
                                         
FPS: 16 Current Frame: 20704 ETA: 0:25:21
                                         
FPS: 16 Current Frame: 20712 ETA: 0:25:20
                                         
FPS: 16 Current Frame: 20720 ETA: 0:25:20
                                         
FPS: 16 Current Frame: 20727 ETA: 0:25:19
                                         
FPS: 16 Current Frame: 20735 ETA: 0:25:19
                                         
FPS: 16 Current Frame: 20743 ETA: 0:25:18
                                         
FPS: 16 Current Frame: 20751 ETA: 0:25:18
                                         
FPS: 16 Current Frame: 20759 ETA: 0:25:17
                                         
FPS: 16 Current Frame: 20767 ETA: 0:25:17
                                         
FPS: 16 Current Frame: 20775 ETA: 0:25:16
                                         
FPS: 16 Current Frame: 20783 ETA: 0:25:16
                                         
FPS: 16 Current Frame: 20791 ETA: 0:25:15
                                         
FPS: 16 Current Frame: 20799 ETA: 0:25:15
                                         
FPS: 16 Current Frame: 20807 ETA: 0:25:14
                                         
FPS: 16 Current Frame: 20815 ETA: 0:25:14
                                         
FPS: 16 Current Frame: 20823 ETA: 0:25:13
                                         
FPS: 16 Current Frame: 20831 ETA: 0:25:13
                                         
FPS: 16 Current Frame: 20839 ETA: 0:25:12
                                         
FPS: 16 Current Frame: 20847 ETA: 0:25:12
                                         
FPS: 16 Current Frame: 20855 ETA: 0:25:11
                                         
FPS: 16 Current Frame: 20863 ETA: 0:25:11
                                         
FPS: 16 Current Frame: 20871 ETA: 0:25:10
                                         
FPS: 16 Current Frame: 20879 ETA: 0:25:10
                                         
FPS: 16 Current Frame: 20887 ETA: 0:25:09
                                         
FPS: 16 Current Frame: 20895 ETA: 0:25:09
                                         
FPS: 16 Current Frame: 20903 ETA: 0:25:08
                                         
FPS: 16 Current Frame: 20911 ETA: 0:25:08
                                         
FPS: 16 Current Frame: 20919 ETA: 0:25:07
                                         
FPS: 16 Current Frame: 20927 ETA: 0:25:07
                                         
FPS: 16 Current Frame: 20935 ETA: 0:25:06
                                         
FPS: 16 Current Frame: 20943 ETA: 0:25:06
                                         
FPS: 16 Current Frame: 20951 ETA: 0:25:05
                                         
FPS: 16 Current Frame: 20959 ETA: 0:25:05
                                         
FPS: 16 Current Frame: 20967 ETA: 0:25:04
                                         
FPS: 16 Current Frame: 20974 ETA: 0:25:04
                                         
FPS: 16 Current Frame: 20982 ETA: 0:25:03
                                         
FPS: 16 Current Frame: 20990 ETA: 0:25:03
                                         
FPS: 16 Current Frame: 20998 ETA: 0:25:02
                                         
FPS: 16 Current Frame: 21006 ETA: 0:25:02
                                         
FPS: 16 Current Frame: 21014 ETA: 0:25:01
                                         
FPS: 16 Current Frame: 21022 ETA: 0:25:01
                                         
FPS: 16 Current Frame: 21030 ETA: 0:25:00
                                         
FPS: 16 Current Frame: 21038 ETA: 0:25:00
                                         
FPS: 16 Current Frame: 21046 ETA: 0:24:59
                                         
FPS: 16 Current Frame: 21054 ETA: 0:24:59
                                         
FPS: 16 Current Frame: 21062 ETA: 0:24:58
                                         
FPS: 16 Current Frame: 21070 ETA: 0:24:58
                                         
FPS: 16 Current Frame: 21078 ETA: 0:24:57
                                         
FPS: 16 Current Frame: 21086 ETA: 0:24:57
                                         
FPS: 16 Current Frame: 21094 ETA: 0:24:56
                                         
FPS: 16 Current Frame: 21102 ETA: 0:24:56
                                         
FPS: 16 Current Frame: 21109 ETA: 0:24:56
                                         
FPS: 16 Current Frame: 21117 ETA: 0:24:55
                                         
FPS: 16 Current Frame: 21125 ETA: 0:24:55
                                         
FPS: 16 Current Frame: 21133 ETA: 0:24:54
                                         
FPS: 16 Current Frame: 21141 ETA: 0:24:54
                                         
FPS: 16 Current Frame: 21149 ETA: 0:24:53
                                         
FPS: 16 Current Frame: 21157 ETA: 0:24:53
                                         
FPS: 16 Current Frame: 21165 ETA: 0:24:52
                                         
FPS: 16 Current Frame: 21173 ETA: 0:24:52
                                         
FPS: 16 Current Frame: 21181 ETA: 0:24:51
                                         
FPS: 16 Current Frame: 21189 ETA: 0:24:51
                                         
FPS: 16 Current Frame: 21197 ETA: 0:24:50
                                         
FPS: 16 Current Frame: 21205 ETA: 0:24:50
                                         
FPS: 16 Current Frame: 21213 ETA: 0:24:49
                                         
FPS: 16 Current Frame: 21221 ETA: 0:24:49
                                         
FPS: 16 Current Frame: 21229 ETA: 0:24:48
                                         
FPS: 16 Current Frame: 21237 ETA: 0:24:48
                                         
FPS: 16 Current Frame: 21244 ETA: 0:24:47
                                         
FPS: 16 Current Frame: 21252 ETA: 0:24:47
                                         
FPS: 16 Current Frame: 21260 ETA: 0:24:46
                                         
FPS: 16 Current Frame: 21268 ETA: 0:24:46
                                         
FPS: 16 Current Frame: 21276 ETA: 0:24:45
                                         
FPS: 16 Current Frame: 21284 ETA: 0:24:45
                                         
FPS: 16 Current Frame: 21292 ETA: 0:24:44
                                         
FPS: 16 Current Frame: 21300 ETA: 0:24:44
                                         
FPS: 16 Current Frame: 21308 ETA: 0:24:43
                                         
FPS: 16 Current Frame: 21316 ETA: 0:24:43
                                         
FPS: 16 Current Frame: 21324 ETA: 0:24:42
                                         
FPS: 16 Current Frame: 21332 ETA: 0:24:42
                                         
FPS: 16 Current Frame: 21340 ETA: 0:24:41
                                         
FPS: 16 Current Frame: 21348 ETA: 0:24:41
                                         
FPS: 16 Current Frame: 21355 ETA: 0:24:40
                                         
FPS: 16 Current Frame: 21363 ETA: 0:24:40
                                         
FPS: 16 Current Frame: 21371 ETA: 0:24:39
                                         
FPS: 16 Current Frame: 21379 ETA: 0:24:39
                                         
FPS: 16 Current Frame: 21387 ETA: 0:24:38
                                         
FPS: 16 Current Frame: 21395 ETA: 0:24:38
                                         
FPS: 16 Current Frame: 21403 ETA: 0:24:37
                                         
FPS: 16 Current Frame: 21411 ETA: 0:24:37
                                         
FPS: 16 Current Frame: 21419 ETA: 0:24:36
                                         
FPS: 16 Current Frame: 21427 ETA: 0:24:36
                                         
FPS: 16 Current Frame: 21435 ETA: 0:24:35
                                         
FPS: 16 Current Frame: 21443 ETA: 0:24:35
                                         
FPS: 16 Current Frame: 21451 ETA: 0:24:34
                                         
FPS: 16 Current Frame: 21459 ETA: 0:24:34
                                         
FPS: 16 Current Frame: 21467 ETA: 0:24:33
                                         
FPS: 16 Current Frame: 21475 ETA: 0:24:33
                                         
FPS: 16 Current Frame: 21483 ETA: 0:24:32
                                         
FPS: 16 Current Frame: 21491 ETA: 0:24:32
                                         
FPS: 16 Current Frame: 21499 ETA: 0:24:31
                                         
FPS: 16 Current Frame: 21507 ETA: 0:24:31
                                         
FPS: 16 Current Frame: 21514 ETA: 0:24:31
                                         
FPS: 16 Current Frame: 21522 ETA: 0:24:30
                                         
FPS: 16 Current Frame: 21530 ETA: 0:24:30
                                         
FPS: 16 Current Frame: 21538 ETA: 0:24:29
                                         
FPS: 16 Current Frame: 21546 ETA: 0:24:29
                                         
FPS: 16 Current Frame: 21554 ETA: 0:24:28
                                         
FPS: 16 Current Frame: 21562 ETA: 0:24:28
                                         
FPS: 16 Current Frame: 21570 ETA: 0:24:27
                                         
FPS: 16 Current Frame: 21578 ETA: 0:24:27
                                         
FPS: 16 Current Frame: 21586 ETA: 0:24:26
                                         
FPS: 16 Current Frame: 21594 ETA: 0:24:26
                                         
FPS: 16 Current Frame: 21602 ETA: 0:24:25
                                         
FPS: 16 Current Frame: 21610 ETA: 0:24:25
                                         
FPS: 16 Current Frame: 21618 ETA: 0:24:24
                                         
FPS: 16 Current Frame: 21626 ETA: 0:24:24
                                         
FPS: 16 Current Frame: 21633 ETA: 0:24:23
                                         
FPS: 16 Current Frame: 21641 ETA: 0:24:23
                                         
FPS: 16 Current Frame: 21649 ETA: 0:24:22
                                         
FPS: 16 Current Frame: 21657 ETA: 0:24:22
                                         
FPS: 16 Current Frame: 21665 ETA: 0:24:21
                                         
FPS: 16 Current Frame: 21673 ETA: 0:24:21
                                         
FPS: 16 Current Frame: 21681 ETA: 0:24:20
                                         
FPS: 16 Current Frame: 21689 ETA: 0:24:20
                                         
FPS: 16 Current Frame: 21697 ETA: 0:24:19
                                         
FPS: 16 Current Frame: 21705 ETA: 0:24:19
                                         
FPS: 16 Current Frame: 21713 ETA: 0:24:18
                                         
FPS: 16 Current Frame: 21721 ETA: 0:24:18
                                         
FPS: 16 Current Frame: 21729 ETA: 0:24:17
                                         
FPS: 16 Current Frame: 21737 ETA: 0:24:17
                                         
FPS: 16 Current Frame: 21745 ETA: 0:24:16
                                         
FPS: 16 Current Frame: 21753 ETA: 0:24:16
                                         
FPS: 16 Current Frame: 21761 ETA: 0:24:15
                                         
FPS: 16 Current Frame: 21769 ETA: 0:24:15
                                         
FPS: 16 Current Frame: 21777 ETA: 0:24:14
                                         
FPS: 16 Current Frame: 21785 ETA: 0:24:14
                                         
FPS: 16 Current Frame: 21792 ETA: 0:24:13
                                         
FPS: 16 Current Frame: 21800 ETA: 0:24:13
                                         
FPS: 16 Current Frame: 21808 ETA: 0:24:12
                                         
FPS: 16 Current Frame: 21816 ETA: 0:24:12
                                         
FPS: 16 Current Frame: 21824 ETA: 0:24:11
                                         
FPS: 16 Current Frame: 21832 ETA: 0:24:11
                                         
FPS: 16 Current Frame: 21840 ETA: 0:24:10
                                         
FPS: 16 Current Frame: 21848 ETA: 0:24:10
                                         
FPS: 16 Current Frame: 21856 ETA: 0:24:09
                                         
FPS: 16 Current Frame: 21864 ETA: 0:24:09
                                         
FPS: 16 Current Frame: 21872 ETA: 0:24:08
                                         
FPS: 16 Current Frame: 21880 ETA: 0:24:08
                                         
FPS: 16 Current Frame: 21888 ETA: 0:24:08
                                         
FPS: 16 Current Frame: 21896 ETA: 0:24:07
                                         
FPS: 16 Current Frame: 21904 ETA: 0:24:07
                                         
FPS: 16 Current Frame: 21912 ETA: 0:24:06
                                         
FPS: 16 Current Frame: 21920 ETA: 0:24:06
                                         
FPS: 16 Current Frame: 21928 ETA: 0:24:05
                                         
FPS: 16 Current Frame: 21936 ETA: 0:24:05
                                         
FPS: 16 Current Frame: 21944 ETA: 0:24:04
                                         
FPS: 16 Current Frame: 21952 ETA: 0:24:04
                                         
FPS: 16 Current Frame: 21960 ETA: 0:24:03
                                         
FPS: 16 Current Frame: 21968 ETA: 0:24:03
                                         
FPS: 16 Current Frame: 21976 ETA: 0:24:02
                                         
FPS: 16 Current Frame: 21984 ETA: 0:24:02
                                         
FPS: 16 Current Frame: 21992 ETA: 0:24:01
                                         
FPS: 16 Current Frame: 22000 ETA: 0:24:01
                                         
FPS: 16 Current Frame: 22008 ETA: 0:24:00
                                         
FPS: 16 Current Frame: 22016 ETA: 0:24:00
                                         
FPS: 16 Current Frame: 22023 ETA: 0:23:59
                                         
FPS: 16 Current Frame: 22031 ETA: 0:23:59
                                         
FPS: 16 Current Frame: 22039 ETA: 0:23:58
                                         
FPS: 16 Current Frame: 22047 ETA: 0:23:58
                                         
FPS: 16 Current Frame: 22055 ETA: 0:23:57
                                         
FPS: 16 Current Frame: 22063 ETA: 0:23:57
                                         
FPS: 16 Current Frame: 22071 ETA: 0:23:56
                                         
FPS: 16 Current Frame: 22079 ETA: 0:23:56
                                         
FPS: 16 Current Frame: 22087 ETA: 0:23:55
                                         
FPS: 16 Current Frame: 22095 ETA: 0:23:55
                                         
FPS: 16 Current Frame: 22103 ETA: 0:23:54
                                         
FPS: 16 Current Frame: 22111 ETA: 0:23:54
                                         
FPS: 16 Current Frame: 22119 ETA: 0:23:53
                                         
FPS: 16 Current Frame: 22127 ETA: 0:23:53
                                         
FPS: 16 Current Frame: 22135 ETA: 0:23:52
                                         
FPS: 16 Current Frame: 22142 ETA: 0:23:52
                                         
FPS: 16 Current Frame: 22150 ETA: 0:23:51
                                         
FPS: 16 Current Frame: 22158 ETA: 0:23:51
                                         
FPS: 16 Current Frame: 22166 ETA: 0:23:50
                                         
FPS: 16 Current Frame: 22174 ETA: 0:23:50
                                         
FPS: 16 Current Frame: 22182 ETA: 0:23:49
                                         
FPS: 16 Current Frame: 22190 ETA: 0:23:49
                                         
FPS: 16 Current Frame: 22198 ETA: 0:23:48
                                         
FPS: 16 Current Frame: 22206 ETA: 0:23:48
                                         
FPS: 16 Current Frame: 22214 ETA: 0:23:47
                                         
FPS: 16 Current Frame: 22222 ETA: 0:23:47
                                         
FPS: 16 Current Frame: 22230 ETA: 0:23:46
                                         
FPS: 16 Current Frame: 22238 ETA: 0:23:46
                                         
FPS: 16 Current Frame: 22246 ETA: 0:23:45
                                         
FPS: 16 Current Frame: 22254 ETA: 0:23:45
                                         
FPS: 16 Current Frame: 22262 ETA: 0:23:44
                                         
FPS: 16 Current Frame: 22270 ETA: 0:23:44
                                         
FPS: 16 Current Frame: 22278 ETA: 0:23:43
                                         
FPS: 16 Current Frame: 22286 ETA: 0:23:43
                                         
FPS: 16 Current Frame: 22293 ETA: 0:23:43
                                         
FPS: 16 Current Frame: 22301 ETA: 0:23:42
                                         
FPS: 16 Current Frame: 22309 ETA: 0:23:42
                                         
FPS: 16 Current Frame: 22317 ETA: 0:23:41
                                         
FPS: 16 Current Frame: 22325 ETA: 0:23:41
                                         
FPS: 16 Current Frame: 22333 ETA: 0:23:40
                                         
FPS: 16 Current Frame: 22341 ETA: 0:23:40
                                         
FPS: 16 Current Frame: 22349 ETA: 0:23:39
                                         
FPS: 16 Current Frame: 22357 ETA: 0:23:39
                                         
FPS: 16 Current Frame: 22365 ETA: 0:23:38
                                         
FPS: 16 Current Frame: 22373 ETA: 0:23:38
                                         
FPS: 16 Current Frame: 22381 ETA: 0:23:37
                                         
FPS: 16 Current Frame: 22389 ETA: 0:23:37
                                         
FPS: 16 Current Frame: 22396 ETA: 0:23:36
                                         
FPS: 16 Current Frame: 22405 ETA: 0:23:36
                                         
FPS: 16 Current Frame: 22412 ETA: 0:23:35
                                         
FPS: 16 Current Frame: 22420 ETA: 0:23:35
                                         
FPS: 16 Current Frame: 22428 ETA: 0:23:34
                                         
FPS: 16 Current Frame: 22436 ETA: 0:23:34
                                         
FPS: 16 Current Frame: 22444 ETA: 0:23:33
                                         
FPS: 16 Current Frame: 22452 ETA: 0:23:33
                                         
FPS: 16 Current Frame: 22460 ETA: 0:23:32
                                         
FPS: 16 Current Frame: 22468 ETA: 0:23:32
                                         
FPS: 16 Current Frame: 22476 ETA: 0:23:31
                                         
FPS: 16 Current Frame: 22484 ETA: 0:23:31
                                         
FPS: 16 Current Frame: 22491 ETA: 0:23:30
                                         
FPS: 16 Current Frame: 22499 ETA: 0:23:30
                                         
FPS: 16 Current Frame: 22507 ETA: 0:23:29
                                         
FPS: 16 Current Frame: 22515 ETA: 0:23:29
                                         
FPS: 16 Current Frame: 22523 ETA: 0:23:28
                                         
FPS: 16 Current Frame: 22531 ETA: 0:23:28
                                         
FPS: 16 Current Frame: 22539 ETA: 0:23:27
                                         
FPS: 16 Current Frame: 22547 ETA: 0:23:27
                                         
FPS: 16 Current Frame: 22555 ETA: 0:23:26
                                         
FPS: 16 Current Frame: 22563 ETA: 0:23:26
                                         
FPS: 16 Current Frame: 22571 ETA: 0:23:25
                                         
FPS: 16 Current Frame: 22579 ETA: 0:23:25
                                         
FPS: 16 Current Frame: 22587 ETA: 0:23:24
                                         
FPS: 16 Current Frame: 22595 ETA: 0:23:24
                                         
FPS: 16 Current Frame: 22603 ETA: 0:23:23
                                         
FPS: 16 Current Frame: 22611 ETA: 0:23:23
                                         
FPS: 16 Current Frame: 22618 ETA: 0:23:22
                                         
FPS: 16 Current Frame: 22626 ETA: 0:23:22
                                         
FPS: 16 Current Frame: 22634 ETA: 0:23:21
                                         
FPS: 16 Current Frame: 22642 ETA: 0:23:21
                                         
FPS: 16 Current Frame: 22650 ETA: 0:23:20
                                         
FPS: 16 Current Frame: 22658 ETA: 0:23:20
                                         
FPS: 16 Current Frame: 22666 ETA: 0:23:19
                                         
FPS: 16 Current Frame: 22674 ETA: 0:23:19
                                         
FPS: 16 Current Frame: 22682 ETA: 0:23:18
                                         
FPS: 16 Current Frame: 22690 ETA: 0:23:18
                                         
FPS: 16 Current Frame: 22698 ETA: 0:23:17
                                         
FPS: 16 Current Frame: 22706 ETA: 0:23:17
                                         
FPS: 16 Current Frame: 22714 ETA: 0:23:16
                                         
FPS: 16 Current Frame: 22722 ETA: 0:23:16
                                         
FPS: 16 Current Frame: 22730 ETA: 0:23:15
                                         
FPS: 16 Current Frame: 22738 ETA: 0:23:15
                                         
FPS: 16 Current Frame: 22746 ETA: 0:23:14
                                         
FPS: 16 Current Frame: 22754 ETA: 0:23:14
                                         
FPS: 16 Current Frame: 22762 ETA: 0:23:14
                                         
FPS: 16 Current Frame: 22770 ETA: 0:23:13
                                         
FPS: 16 Current Frame: 22778 ETA: 0:23:13
                                         
FPS: 16 Current Frame: 22786 ETA: 0:23:12
                                         
FPS: 16 Current Frame: 22794 ETA: 0:23:12
                                         
FPS: 16 Current Frame: 22802 ETA: 0:23:11
                                         
FPS: 16 Current Frame: 22810 ETA: 0:23:11
                                         
FPS: 16 Current Frame: 22818 ETA: 0:23:10
                                         
FPS: 16 Current Frame: 22826 ETA: 0:23:10
                                         
FPS: 16 Current Frame: 22834 ETA: 0:23:09
                                         
FPS: 16 Current Frame: 22842 ETA: 0:23:09
                                         
FPS: 16 Current Frame: 22850 ETA: 0:23:08
                                         
FPS: 16 Current Frame: 22858 ETA: 0:23:08
                                         
FPS: 16 Current Frame: 22865 ETA: 0:23:07
                                         
FPS: 16 Current Frame: 22873 ETA: 0:23:07
                                         
FPS: 16 Current Frame: 22881 ETA: 0:23:06
                                         
FPS: 16 Current Frame: 22889 ETA: 0:23:06
                                         
FPS: 16 Current Frame: 22897 ETA: 0:23:05
                                         
FPS: 16 Current Frame: 22905 ETA: 0:23:05
                                         
FPS: 16 Current Frame: 22913 ETA: 0:23:04
                                         
FPS: 16 Current Frame: 22921 ETA: 0:23:04
                                         
FPS: 16 Current Frame: 22929 ETA: 0:23:03
                                         
FPS: 16 Current Frame: 22937 ETA: 0:23:03
                                         
FPS: 16 Current Frame: 22945 ETA: 0:23:02
                                         
FPS: 16 Current Frame: 22953 ETA: 0:23:02
                                         
FPS: 16 Current Frame: 22961 ETA: 0:23:01
                                         
FPS: 16 Current Frame: 22969 ETA: 0:23:01
                                         
FPS: 16 Current Frame: 22977 ETA: 0:23:00
                                         
FPS: 16 Current Frame: 22985 ETA: 0:23:00
                                         
FPS: 16 Current Frame: 22993 ETA: 0:22:59
                                         
FPS: 16 Current Frame: 23001 ETA: 0:22:59
                                         
FPS: 16 Current Frame: 23009 ETA: 0:22:58
                                         
FPS: 16 Current Frame: 23017 ETA: 0:22:58
                                         
FPS: 16 Current Frame: 23025 ETA: 0:22:57
                                         
FPS: 16 Current Frame: 23033 ETA: 0:22:57
                                         
FPS: 16 Current Frame: 23041 ETA: 0:22:56
                                         
FPS: 16 Current Frame: 23049 ETA: 0:22:56
                                         
FPS: 16 Current Frame: 23057 ETA: 0:22:55
                                         
FPS: 16 Current Frame: 23065 ETA: 0:22:55
                                         
FPS: 16 Current Frame: 23072 ETA: 0:22:54
                                         
FPS: 16 Current Frame: 23080 ETA: 0:22:54
                                         
FPS: 16 Current Frame: 23088 ETA: 0:22:53
                                         
FPS: 16 Current Frame: 23096 ETA: 0:22:53
                                         
FPS: 16 Current Frame: 23104 ETA: 0:22:52
                                         
FPS: 16 Current Frame: 23112 ETA: 0:22:52
                                         
FPS: 16 Current Frame: 23120 ETA: 0:22:51
                                         
FPS: 16 Current Frame: 23128 ETA: 0:22:51
                                         
FPS: 16 Current Frame: 23136 ETA: 0:22:50
                                         
FPS: 16 Current Frame: 23144 ETA: 0:22:50
                                         
FPS: 16 Current Frame: 23152 ETA: 0:22:49
                                         
FPS: 16 Current Frame: 23160 ETA: 0:22:49
                                         
FPS: 16 Current Frame: 23168 ETA: 0:22:48
                                         
FPS: 16 Current Frame: 23176 ETA: 0:22:48
                                         
FPS: 16 Current Frame: 23184 ETA: 0:22:47
                                         
FPS: 16 Current Frame: 23192 ETA: 0:22:47
                                         
FPS: 16 Current Frame: 23200 ETA: 0:22:46
                                         
FPS: 16 Current Frame: 23208 ETA: 0:22:46
                                         
FPS: 16 Current Frame: 23216 ETA: 0:22:45
                                         
FPS: 16 Current Frame: 23223 ETA: 0:22:45
                                         
FPS: 16 Current Frame: 23231 ETA: 0:22:44
                                         
FPS: 16 Current Frame: 23239 ETA: 0:22:44
                                         
FPS: 16 Current Frame: 23247 ETA: 0:22:43
                                         
FPS: 16 Current Frame: 23255 ETA: 0:22:43
                                         
FPS: 16 Current Frame: 23263 ETA: 0:22:42
                                         
FPS: 16 Current Frame: 23271 ETA: 0:22:42
                                         
FPS: 16 Current Frame: 23279 ETA: 0:22:41
                                         
FPS: 16 Current Frame: 23287 ETA: 0:22:41
                                         
FPS: 16 Current Frame: 23295 ETA: 0:22:40
                                         
FPS: 16 Current Frame: 23303 ETA: 0:22:40
                                         
FPS: 16 Current Frame: 23311 ETA: 0:22:39
                                         
FPS: 16 Current Frame: 23319 ETA: 0:22:39
                                         
FPS: 16 Current Frame: 23327 ETA: 0:22:39
                                         
FPS: 16 Current Frame: 23335 ETA: 0:22:38
                                         
FPS: 16 Current Frame: 23343 ETA: 0:22:38
                                         
FPS: 16 Current Frame: 23351 ETA: 0:22:37
                                         
FPS: 16 Current Frame: 23359 ETA: 0:22:37
                                         
FPS: 16 Current Frame: 23367 ETA: 0:22:36
                                         
FPS: 16 Current Frame: 23375 ETA: 0:22:36
                                         
FPS: 16 Current Frame: 23383 ETA: 0:22:35
                                         
FPS: 16 Current Frame: 23391 ETA: 0:22:35
                                         
FPS: 16 Current Frame: 23399 ETA: 0:22:34
                                         
FPS: 16 Current Frame: 23407 ETA: 0:22:34
                                         
FPS: 16 Current Frame: 23414 ETA: 0:22:33
                                         
FPS: 16 Current Frame: 23422 ETA: 0:22:33
                                         
FPS: 16 Current Frame: 23430 ETA: 0:22:32
                                         
FPS: 16 Current Frame: 23438 ETA: 0:22:32
                                         
FPS: 16 Current Frame: 23446 ETA: 0:22:31
                                         
FPS: 16 Current Frame: 23454 ETA: 0:22:31
                                         
FPS: 16 Current Frame: 23462 ETA: 0:22:30
                                         
FPS: 16 Current Frame: 23470 ETA: 0:22:30
                                         
FPS: 16 Current Frame: 23478 ETA: 0:22:29
                                         
FPS: 16 Current Frame: 23486 ETA: 0:22:29
                                         
FPS: 16 Current Frame: 23494 ETA: 0:22:28
                                         
FPS: 16 Current Frame: 23502 ETA: 0:22:28
                                         
FPS: 16 Current Frame: 23510 ETA: 0:22:27
                                         
FPS: 16 Current Frame: 23518 ETA: 0:22:27
                                         
FPS: 16 Current Frame: 23526 ETA: 0:22:26
                                         
FPS: 16 Current Frame: 23534 ETA: 0:22:26
                                         
FPS: 16 Current Frame: 23542 ETA: 0:22:25
                                         
FPS: 16 Current Frame: 23549 ETA: 0:22:25
                                         
FPS: 16 Current Frame: 23557 ETA: 0:22:24
                                         
FPS: 16 Current Frame: 23565 ETA: 0:22:24
                                         
FPS: 16 Current Frame: 23573 ETA: 0:22:23
                                         
FPS: 16 Current Frame: 23581 ETA: 0:22:23
                                         
FPS: 16 Current Frame: 23589 ETA: 0:22:22
                                         
FPS: 16 Current Frame: 23597 ETA: 0:22:22
                                         
FPS: 16 Current Frame: 23605 ETA: 0:22:21
                                         
FPS: 16 Current Frame: 23613 ETA: 0:22:21
                                         
FPS: 16 Current Frame: 23621 ETA: 0:22:20
                                         
FPS: 16 Current Frame: 23629 ETA: 0:22:20
                                         
FPS: 16 Current Frame: 23637 ETA: 0:22:19
                                         
FPS: 16 Current Frame: 23645 ETA: 0:22:19
                                         
FPS: 16 Current Frame: 23653 ETA: 0:22:18
                                         
FPS: 16 Current Frame: 23661 ETA: 0:22:18
                                         
FPS: 16 Current Frame: 23668 ETA: 0:22:17
                                         
FPS: 16 Current Frame: 23676 ETA: 0:22:17
                                         
FPS: 16 Current Frame: 23684 ETA: 0:22:16
                                         
FPS: 16 Current Frame: 23692 ETA: 0:22:16
                                         
FPS: 16 Current Frame: 23700 ETA: 0:22:15
                                         
FPS: 16 Current Frame: 23708 ETA: 0:22:15
                                         
FPS: 16 Current Frame: 23716 ETA: 0:22:14
                                         
FPS: 16 Current Frame: 23724 ETA: 0:22:14
                                         
FPS: 16 Current Frame: 23732 ETA: 0:22:13
                                         
FPS: 16 Current Frame: 23740 ETA: 0:22:13
                                         
FPS: 16 Current Frame: 23748 ETA: 0:22:12
                                         
FPS: 16 Current Frame: 23756 ETA: 0:22:12
                                         
FPS: 16 Current Frame: 23763 ETA: 0:22:12
                                         
FPS: 16 Current Frame: 23771 ETA: 0:22:11
                                         
FPS: 16 Current Frame: 23779 ETA: 0:22:11
                                         
FPS: 16 Current Frame: 23787 ETA: 0:22:10
                                         
FPS: 16 Current Frame: 23795 ETA: 0:22:10
                                         
FPS: 16 Current Frame: 23803 ETA: 0:22:09
                                         
FPS: 16 Current Frame: 23811 ETA: 0:22:09
                                         
FPS: 16 Current Frame: 23819 ETA: 0:22:08
                                         
FPS: 16 Current Frame: 23827 ETA: 0:22:08
                                         
FPS: 16 Current Frame: 23835 ETA: 0:22:07
                                         
FPS: 16 Current Frame: 23843 ETA: 0:22:07
                                         
FPS: 16 Current Frame: 23851 ETA: 0:22:06
                                         
FPS: 16 Current Frame: 23859 ETA: 0:22:06
                                         
FPS: 16 Current Frame: 23867 ETA: 0:22:05
                                         
FPS: 16 Current Frame: 23875 ETA: 0:22:05
                                         
FPS: 16 Current Frame: 23883 ETA: 0:22:04
                                         
FPS: 16 Current Frame: 23891 ETA: 0:22:04
                                         
FPS: 16 Current Frame: 23899 ETA: 0:22:03
                                         
FPS: 16 Current Frame: 23907 ETA: 0:22:03
                                         
FPS: 16 Current Frame: 23915 ETA: 0:22:02
                                         
FPS: 16 Current Frame: 23923 ETA: 0:22:02
                                         
FPS: 16 Current Frame: 23930 ETA: 0:22:01
                                         
FPS: 16 Current Frame: 23938 ETA: 0:22:01
                                         
FPS: 16 Current Frame: 23946 ETA: 0:22:00
                                         
FPS: 16 Current Frame: 23954 ETA: 0:22:00
                                         
FPS: 16 Current Frame: 23962 ETA: 0:21:59
                                         
FPS: 16 Current Frame: 23970 ETA: 0:21:59
                                         
FPS: 16 Current Frame: 23978 ETA: 0:21:58
                                         
FPS: 16 Current Frame: 23986 ETA: 0:21:58
                                         
FPS: 16 Current Frame: 23994 ETA: 0:21:57
                                         
FPS: 16 Current Frame: 24002 ETA: 0:21:57
                                         
FPS: 16 Current Frame: 24010 ETA: 0:21:56
                                         
FPS: 16 Current Frame: 24018 ETA: 0:21:56
                                         
FPS: 16 Current Frame: 24026 ETA: 0:21:55
                                         
FPS: 16 Current Frame: 24034 ETA: 0:21:55
                                         
FPS: 16 Current Frame: 24042 ETA: 0:21:54
                                         
FPS: 16 Current Frame: 24050 ETA: 0:21:54
                                         
FPS: 16 Current Frame: 24058 ETA: 0:21:53
                                         
FPS: 16 Current Frame: 24066 ETA: 0:21:53
                                         
FPS: 16 Current Frame: 24073 ETA: 0:21:52
                                         
FPS: 16 Current Frame: 24081 ETA: 0:21:52
                                         
FPS: 16 Current Frame: 24089 ETA: 0:21:51
                                         
FPS: 16 Current Frame: 24097 ETA: 0:21:51
                                         
FPS: 16 Current Frame: 24105 ETA: 0:21:50
                                         
FPS: 16 Current Frame: 24113 ETA: 0:21:50
                                         
FPS: 16 Current Frame: 24121 ETA: 0:21:49
                                         
FPS: 16 Current Frame: 24129 ETA: 0:21:49
                                         
FPS: 16 Current Frame: 24137 ETA: 0:21:48
                                         
FPS: 16 Current Frame: 24145 ETA: 0:21:48
                                         
FPS: 16 Current Frame: 24153 ETA: 0:21:47
                                         
FPS: 16 Current Frame: 24161 ETA: 0:21:47
                                         
FPS: 16 Current Frame: 24169 ETA: 0:21:46
                                         
FPS: 16 Current Frame: 24177 ETA: 0:21:46
                                         
FPS: 16 Current Frame: 24185 ETA: 0:21:45
                                         
FPS: 16 Current Frame: 24193 ETA: 0:21:45
                                         
FPS: 16 Current Frame: 24201 ETA: 0:21:44
                                         
FPS: 16 Current Frame: 24208 ETA: 0:21:44
                                         
FPS: 16 Current Frame: 24216 ETA: 0:21:43
                                         
FPS: 16 Current Frame: 24224 ETA: 0:21:43
                                         
FPS: 16 Current Frame: 24232 ETA: 0:21:42
                                         
FPS: 16 Current Frame: 24240 ETA: 0:21:42
                                         
FPS: 16 Current Frame: 24248 ETA: 0:21:41
                                         
FPS: 16 Current Frame: 24256 ETA: 0:21:41
                                         
FPS: 16 Current Frame: 24264 ETA: 0:21:41
                                         
FPS: 16 Current Frame: 24272 ETA: 0:21:40
                                         
FPS: 16 Current Frame: 24280 ETA: 0:21:40
                                         
FPS: 16 Current Frame: 24288 ETA: 0:21:39
                                         
FPS: 16 Current Frame: 24296 ETA: 0:21:39
                                         
FPS: 16 Current Frame: 24304 ETA: 0:21:38
                                         
FPS: 16 Current Frame: 24312 ETA: 0:21:38
                                         
FPS: 16 Current Frame: 24320 ETA: 0:21:37
                                         
FPS: 16 Current Frame: 24328 ETA: 0:21:37
                                         
FPS: 16 Current Frame: 24335 ETA: 0:21:36
                                         
FPS: 16 Current Frame: 24343 ETA: 0:21:36
                                         
FPS: 16 Current Frame: 24351 ETA: 0:21:35
                                         
FPS: 16 Current Frame: 24359 ETA: 0:21:35
                                         
FPS: 16 Current Frame: 24367 ETA: 0:21:34
                                         
FPS: 16 Current Frame: 24375 ETA: 0:21:34
                                         
FPS: 16 Current Frame: 24383 ETA: 0:21:33
                                         
FPS: 16 Current Frame: 24391 ETA: 0:21:33
                                         
FPS: 16 Current Frame: 24399 ETA: 0:21:32
                                         
FPS: 16 Current Frame: 24406 ETA: 0:21:32
                                         
FPS: 16 Current Frame: 24414 ETA: 0:21:31
                                         
FPS: 16 Current Frame: 24422 ETA: 0:21:31
                                         
FPS: 16 Current Frame: 24430 ETA: 0:21:30
                                         
FPS: 16 Current Frame: 24438 ETA: 0:21:30
                                         
FPS: 16 Current Frame: 24446 ETA: 0:21:29
                                         
FPS: 16 Current Frame: 24454 ETA: 0:21:29
                                         
FPS: 16 Current Frame: 24462 ETA: 0:21:28
                                         
FPS: 16 Current Frame: 24470 ETA: 0:21:28
                                         
FPS: 16 Current Frame: 24478 ETA: 0:21:27
                                         
FPS: 16 Current Frame: 24486 ETA: 0:21:27
                                         
FPS: 16 Current Frame: 24494 ETA: 0:21:26
                                         
FPS: 16 Current Frame: 24501 ETA: 0:21:26
                                         
FPS: 16 Current Frame: 24509 ETA: 0:21:25
                                         
FPS: 16 Current Frame: 24517 ETA: 0:21:25
                                         
FPS: 16 Current Frame: 24525 ETA: 0:21:24
                                         
FPS: 16 Current Frame: 24533 ETA: 0:21:24
                                         
FPS: 16 Current Frame: 24541 ETA: 0:21:23
                                         
FPS: 16 Current Frame: 24549 ETA: 0:21:23
                                         
FPS: 16 Current Frame: 24557 ETA: 0:21:22
                                         
FPS: 16 Current Frame: 24565 ETA: 0:21:22
                                         
FPS: 16 Current Frame: 24573 ETA: 0:21:21
                                         
FPS: 16 Current Frame: 24581 ETA: 0:21:21
                                         
FPS: 16 Current Frame: 24589 ETA: 0:21:20
                                         
FPS: 16 Current Frame: 24597 ETA: 0:21:20
                                         
FPS: 16 Current Frame: 24605 ETA: 0:21:19
                                         
FPS: 16 Current Frame: 24612 ETA: 0:21:19
                                         
FPS: 16 Current Frame: 24620 ETA: 0:21:19
                                         
FPS: 16 Current Frame: 24628 ETA: 0:21:18
                                         
FPS: 16 Current Frame: 24636 ETA: 0:21:18
                                         
FPS: 16 Current Frame: 24644 ETA: 0:21:17
                                         
FPS: 16 Current Frame: 24652 ETA: 0:21:17
                                         
FPS: 16 Current Frame: 24660 ETA: 0:21:16
                                         
FPS: 16 Current Frame: 24668 ETA: 0:21:16
                                         
FPS: 16 Current Frame: 24676 ETA: 0:21:15
                                         
FPS: 16 Current Frame: 24684 ETA: 0:21:15
                                         
FPS: 16 Current Frame: 24692 ETA: 0:21:14
                                         
FPS: 16 Current Frame: 24700 ETA: 0:21:14
                                         
FPS: 16 Current Frame: 24708 ETA: 0:21:13
                                         
FPS: 16 Current Frame: 24716 ETA: 0:21:13
                                         
FPS: 16 Current Frame: 24724 ETA: 0:21:12
                                         
FPS: 16 Current Frame: 24732 ETA: 0:21:12
                                         
FPS: 16 Current Frame: 24740 ETA: 0:21:11
                                         
FPS: 16 Current Frame: 24748 ETA: 0:21:11
                                         
FPS: 16 Current Frame: 24755 ETA: 0:21:10
                                         
FPS: 16 Current Frame: 24763 ETA: 0:21:10
                                         
FPS: 16 Current Frame: 24771 ETA: 0:21:09
                                         
FPS: 16 Current Frame: 24779 ETA: 0:21:09
                                         
FPS: 16 Current Frame: 24787 ETA: 0:21:08
                                         
FPS: 16 Current Frame: 24795 ETA: 0:21:08
                                         
FPS: 16 Current Frame: 24803 ETA: 0:21:07
                                         
FPS: 16 Current Frame: 24811 ETA: 0:21:07
                                         
FPS: 16 Current Frame: 24819 ETA: 0:21:06
                                         
FPS: 16 Current Frame: 24827 ETA: 0:21:06
                                         
FPS: 16 Current Frame: 24835 ETA: 0:21:05
                                         
FPS: 16 Current Frame: 24843 ETA: 0:21:05
                                         
FPS: 16 Current Frame: 24851 ETA: 0:21:04
                                         
FPS: 16 Current Frame: 24859 ETA: 0:21:04
                                         
FPS: 16 Current Frame: 24867 ETA: 0:21:03
                                         
FPS: 16 Current Frame: 24875 ETA: 0:21:03
                                         
FPS: 16 Current Frame: 24883 ETA: 0:21:02
                                         
FPS: 16 Current Frame: 24891 ETA: 0:21:02
                                         
FPS: 16 Current Frame: 24899 ETA: 0:21:01
                                         
FPS: 16 Current Frame: 24906 ETA: 0:21:01
                                         
FPS: 16 Current Frame: 24914 ETA: 0:21:00
                                         
FPS: 16 Current Frame: 24922 ETA: 0:21:00
                                         
FPS: 16 Current Frame: 24930 ETA: 0:20:59
                                         
FPS: 16 Current Frame: 24938 ETA: 0:20:59
                                         
FPS: 16 Current Frame: 24946 ETA: 0:20:58
                                         
FPS: 16 Current Frame: 24954 ETA: 0:20:58
                                         
FPS: 16 Current Frame: 24962 ETA: 0:20:57
                                         
FPS: 16 Current Frame: 24970 ETA: 0:20:57
                                         
FPS: 16 Current Frame: 24978 ETA: 0:20:56
                                         
FPS: 16 Current Frame: 24986 ETA: 0:20:56
                                         
FPS: 16 Current Frame: 24994 ETA: 0:20:55
                                         
FPS: 16 Current Frame: 25002 ETA: 0:20:55
                                         
FPS: 16 Current Frame: 25010 ETA: 0:20:54
                                         
FPS: 16 Current Frame: 25018 ETA: 0:20:54
                                         
FPS: 16 Current Frame: 25026 ETA: 0:20:53
                                         
FPS: 16 Current Frame: 25034 ETA: 0:20:53
                                         
FPS: 16 Current Frame: 25041 ETA: 0:20:52
                                         
FPS: 16 Current Frame: 25049 ETA: 0:20:52
                                         
FPS: 16 Current Frame: 25057 ETA: 0:20:51
                                         
FPS: 16 Current Frame: 25065 ETA: 0:20:51
                                         
FPS: 16 Current Frame: 25073 ETA: 0:20:50
                                         
FPS: 16 Current Frame: 25081 ETA: 0:20:50
                                         
FPS: 16 Current Frame: 25089 ETA: 0:20:49
                                         
FPS: 16 Current Frame: 25097 ETA: 0:20:49
                                         
FPS: 16 Current Frame: 25105 ETA: 0:20:48
                                         
FPS: 16 Current Frame: 25113 ETA: 0:20:48
                                         
FPS: 16 Current Frame: 25121 ETA: 0:20:47
                                         
FPS: 16 Current Frame: 25129 ETA: 0:20:47
                                         
FPS: 16 Current Frame: 25136 ETA: 0:20:47
                                         
FPS: 16 Current Frame: 25145 ETA: 0:20:46
                                         
FPS: 16 Current Frame: 25152 ETA: 0:20:46
                                         
FPS: 16 Current Frame: 25160 ETA: 0:20:45
                                         
FPS: 16 Current Frame: 25168 ETA: 0:20:45
                                         
FPS: 16 Current Frame: 25176 ETA: 0:20:44
                                         
FPS: 16 Current Frame: 25184 ETA: 0:20:44
                                         
FPS: 16 Current Frame: 25192 ETA: 0:20:43
                                         
FPS: 16 Current Frame: 25200 ETA: 0:20:43
                                         
FPS: 16 Current Frame: 25208 ETA: 0:20:42
                                         
FPS: 16 Current Frame: 25216 ETA: 0:20:42
                                         
FPS: 16 Current Frame: 25224 ETA: 0:20:41
                                         
FPS: 16 Current Frame: 25232 ETA: 0:20:41
                                         
FPS: 16 Current Frame: 25240 ETA: 0:20:40
                                         
FPS: 16 Current Frame: 25248 ETA: 0:20:40
                                         
FPS: 16 Current Frame: 25256 ETA: 0:20:39
                                         
FPS: 16 Current Frame: 25264 ETA: 0:20:39
                                         
FPS: 16 Current Frame: 25272 ETA: 0:20:38
                                         
FPS: 16 Current Frame: 25280 ETA: 0:20:38
                                         
FPS: 16 Current Frame: 25288 ETA: 0:20:37
                                         
FPS: 16 Current Frame: 25296 ETA: 0:20:37
                                         
FPS: 16 Current Frame: 25304 ETA: 0:20:36
                                         
FPS: 16 Current Frame: 25312 ETA: 0:20:36
                                         
FPS: 16 Current Frame: 25320 ETA: 0:20:35
                                         
FPS: 16 Current Frame: 25328 ETA: 0:20:35
                                         
FPS: 16 Current Frame: 25335 ETA: 0:20:34
                                         
FPS: 16 Current Frame: 25343 ETA: 0:20:34
                                         
FPS: 16 Current Frame: 25351 ETA: 0:20:33
                                         
FPS: 16 Current Frame: 25359 ETA: 0:20:33
                                         
FPS: 16 Current Frame: 25367 ETA: 0:20:32
                                         
FPS: 16 Current Frame: 25375 ETA: 0:20:32
                                         
FPS: 16 Current Frame: 25383 ETA: 0:20:31
                                         
FPS: 16 Current Frame: 25391 ETA: 0:20:31
                                         
FPS: 16 Current Frame: 25399 ETA: 0:20:30
                                         
FPS: 16 Current Frame: 25407 ETA: 0:20:30
                                         
FPS: 16 Current Frame: 25415 ETA: 0:20:29
                                         
FPS: 16 Current Frame: 25423 ETA: 0:20:29
                                         
FPS: 16 Current Frame: 25431 ETA: 0:20:28
                                         
FPS: 16 Current Frame: 25439 ETA: 0:20:28
                                         
FPS: 16 Current Frame: 25447 ETA: 0:20:27
                                         
FPS: 16 Current Frame: 25455 ETA: 0:20:27
                                         
FPS: 16 Current Frame: 25463 ETA: 0:20:26
                                         
FPS: 16 Current Frame: 25471 ETA: 0:20:26
                                         
FPS: 16 Current Frame: 25479 ETA: 0:20:25
                                         
FPS: 16 Current Frame: 25487 ETA: 0:20:25
                                         
FPS: 16 Current Frame: 25495 ETA: 0:20:24
                                         
FPS: 16 Current Frame: 25503 ETA: 0:20:24
                                         
FPS: 16 Current Frame: 25511 ETA: 0:20:23
                                         
FPS: 16 Current Frame: 25518 ETA: 0:20:23
                                         
FPS: 16 Current Frame: 25526 ETA: 0:20:22
                                         
FPS: 16 Current Frame: 25534 ETA: 0:20:22
                                         
FPS: 16 Current Frame: 25542 ETA: 0:20:21
                                         
FPS: 16 Current Frame: 25550 ETA: 0:20:21
                                         
FPS: 16 Current Frame: 25558 ETA: 0:20:20
                                         
FPS: 16 Current Frame: 25566 ETA: 0:20:20
                                         
FPS: 16 Current Frame: 25574 ETA: 0:20:19
                                         
FPS: 16 Current Frame: 25582 ETA: 0:20:19
                                         
FPS: 16 Current Frame: 25590 ETA: 0:20:18
                                         
FPS: 16 Current Frame: 25598 ETA: 0:20:18
                                         
FPS: 16 Current Frame: 25606 ETA: 0:20:17
                                         
FPS: 16 Current Frame: 25614 ETA: 0:20:17
                                         
FPS: 16 Current Frame: 25622 ETA: 0:20:16
                                         
FPS: 16 Current Frame: 25630 ETA: 0:20:16
                                         
FPS: 16 Current Frame: 25638 ETA: 0:20:15
                                         
FPS: 16 Current Frame: 25646 ETA: 0:20:15
                                         
FPS: 16 Current Frame: 25654 ETA: 0:20:14
                                         
FPS: 16 Current Frame: 25662 ETA: 0:20:14
                                         
FPS: 16 Current Frame: 25670 ETA: 0:20:13
                                         
FPS: 16 Current Frame: 25678 ETA: 0:20:13
                                         
FPS: 16 Current Frame: 25686 ETA: 0:20:12
                                         
FPS: 16 Current Frame: 25694 ETA: 0:20:12
                                         
FPS: 16 Current Frame: 25702 ETA: 0:20:11
                                         
FPS: 16 Current Frame: 25710 ETA: 0:20:11
                                         
FPS: 16 Current Frame: 25718 ETA: 0:20:10
                                         
FPS: 16 Current Frame: 25725 ETA: 0:20:10
                                         
FPS: 16 Current Frame: 25733 ETA: 0:20:09
                                         
FPS: 16 Current Frame: 25741 ETA: 0:20:09
                                         
FPS: 16 Current Frame: 25749 ETA: 0:20:08
                                         
FPS: 16 Current Frame: 25757 ETA: 0:20:08
                                         
FPS: 16 Current Frame: 25765 ETA: 0:20:07
                                         
FPS: 16 Current Frame: 25773 ETA: 0:20:07
                                         
FPS: 16 Current Frame: 25781 ETA: 0:20:06
                                         
FPS: 16 Current Frame: 25789 ETA: 0:20:06
                                         
FPS: 16 Current Frame: 25797 ETA: 0:20:05
                                         
FPS: 16 Current Frame: 25805 ETA: 0:20:05
                                         
FPS: 16 Current Frame: 25813 ETA: 0:20:04
                                         
FPS: 16 Current Frame: 25821 ETA: 0:20:04
                                         
FPS: 16 Current Frame: 25829 ETA: 0:20:03
                                         
FPS: 16 Current Frame: 25837 ETA: 0:20:03
                                         
FPS: 16 Current Frame: 25845 ETA: 0:20:02
                                         
FPS: 16 Current Frame: 25852 ETA: 0:20:02
                                         
FPS: 16 Current Frame: 25860 ETA: 0:20:02
                                         
FPS: 16 Current Frame: 25868 ETA: 0:20:01
                                         
FPS: 16 Current Frame: 25876 ETA: 0:20:01
                                         
FPS: 16 Current Frame: 25884 ETA: 0:20:00
                                         
FPS: 16 Current Frame: 25892 ETA: 0:20:00
                                         
FPS: 16 Current Frame: 25900 ETA: 0:19:59
                                         
FPS: 16 Current Frame: 25908 ETA: 0:19:59
                                         
FPS: 16 Current Frame: 25916 ETA: 0:19:58
                                         
FPS: 16 Current Frame: 25924 ETA: 0:19:58
                                         
FPS: 16 Current Frame: 25932 ETA: 0:19:57
                                         
FPS: 16 Current Frame: 25940 ETA: 0:19:57
                                         
FPS: 16 Current Frame: 25948 ETA: 0:19:56
                                         
FPS: 16 Current Frame: 25956 ETA: 0:19:56
                                         
FPS: 16 Current Frame: 25964 ETA: 0:19:55
                                         
FPS: 16 Current Frame: 25972 ETA: 0:19:55
                                         
FPS: 16 Current Frame: 25980 ETA: 0:19:54
                                         
FPS: 16 Current Frame: 25988 ETA: 0:19:54
                                         
FPS: 16 Current Frame: 25996 ETA: 0:19:53
                                         
FPS: 16 Current Frame: 26004 ETA: 0:19:53
                                         
FPS: 16 Current Frame: 26012 ETA: 0:19:52
                                         
FPS: 16 Current Frame: 26020 ETA: 0:19:52
                                         
FPS: 16 Current Frame: 26028 ETA: 0:19:51
                                         
FPS: 16 Current Frame: 26036 ETA: 0:19:51
                                         
FPS: 16 Current Frame: 26044 ETA: 0:19:50
                                         
FPS: 16 Current Frame: 26052 ETA: 0:19:50
                                         
FPS: 16 Current Frame: 26060 ETA: 0:19:49
                                         
FPS: 16 Current Frame: 26067 ETA: 0:19:49
                                         
FPS: 16 Current Frame: 26075 ETA: 0:19:48
                                         
FPS: 16 Current Frame: 26083 ETA: 0:19:48
                                         
FPS: 16 Current Frame: 26091 ETA: 0:19:47
                                         
FPS: 16 Current Frame: 26099 ETA: 0:19:47
                                         
FPS: 16 Current Frame: 26107 ETA: 0:19:46
                                         
FPS: 16 Current Frame: 26115 ETA: 0:19:46
                                         
FPS: 16 Current Frame: 26123 ETA: 0:19:45
                                         
FPS: 16 Current Frame: 26131 ETA: 0:19:45
                                         
FPS: 16 Current Frame: 26139 ETA: 0:19:44
                                         
FPS: 16 Current Frame: 26147 ETA: 0:19:44
                                         
FPS: 16 Current Frame: 26155 ETA: 0:19:43
                                         
FPS: 16 Current Frame: 26163 ETA: 0:19:43
                                         
FPS: 16 Current Frame: 26171 ETA: 0:19:42
                                         
FPS: 16 Current Frame: 26179 ETA: 0:19:42
                                         
FPS: 16 Current Frame: 26187 ETA: 0:19:41
                                         
FPS: 16 Current Frame: 26195 ETA: 0:19:41
                                         
FPS: 16 Current Frame: 26203 ETA: 0:19:40
                                         
FPS: 16 Current Frame: 26211 ETA: 0:19:40
                                         
FPS: 16 Current Frame: 26219 ETA: 0:19:39
                                         
FPS: 16 Current Frame: 26227 ETA: 0:19:39
                                         
FPS: 16 Current Frame: 26235 ETA: 0:19:38
                                         
FPS: 16 Current Frame: 26243 ETA: 0:19:38
                                         
FPS: 16 Current Frame: 26251 ETA: 0:19:37
                                         
FPS: 16 Current Frame: 26258 ETA: 0:19:37
                                         
FPS: 16 Current Frame: 26266 ETA: 0:19:36
                                         
FPS: 16 Current Frame: 26274 ETA: 0:19:36
                                         
FPS: 16 Current Frame: 26282 ETA: 0:19:35
                                         
FPS: 16 Current Frame: 26290 ETA: 0:19:35
                                         
FPS: 16 Current Frame: 26298 ETA: 0:19:34
                                         
FPS: 16 Current Frame: 26306 ETA: 0:19:34
                                         
FPS: 16 Current Frame: 26314 ETA: 0:19:33
                                         
FPS: 16 Current Frame: 26322 ETA: 0:19:33
                                         
FPS: 16 Current Frame: 26330 ETA: 0:19:32
                                         
FPS: 16 Current Frame: 26338 ETA: 0:19:32
                                         
FPS: 16 Current Frame: 26346 ETA: 0:19:31
                                         
FPS: 16 Current Frame: 26354 ETA: 0:19:31
                                         
FPS: 16 Current Frame: 26362 ETA: 0:19:30
                                         
FPS: 16 Current Frame: 26370 ETA: 0:19:30
                                         
FPS: 16 Current Frame: 26378 ETA: 0:19:29
                                         
FPS: 16 Current Frame: 26386 ETA: 0:19:29
                                         
FPS: 16 Current Frame: 26394 ETA: 0:19:28
                                         
FPS: 16 Current Frame: 26402 ETA: 0:19:28
                                         
FPS: 16 Current Frame: 26410 ETA: 0:19:27
                                         
FPS: 16 Current Frame: 26418 ETA: 0:19:27
                                         
FPS: 16 Current Frame: 26426 ETA: 0:19:26
                                         
FPS: 16 Current Frame: 26433 ETA: 0:19:26
                                         
FPS: 16 Current Frame: 26441 ETA: 0:19:25
                                         
FPS: 16 Current Frame: 26449 ETA: 0:19:25
                                         
FPS: 16 Current Frame: 26457 ETA: 0:19:24
                                         
FPS: 16 Current Frame: 26465 ETA: 0:19:24
                                         
FPS: 16 Current Frame: 26473 ETA: 0:19:23
                                         
FPS: 16 Current Frame: 26481 ETA: 0:19:23
                                         
FPS: 16 Current Frame: 26489 ETA: 0:19:22
                                         
FPS: 16 Current Frame: 26497 ETA: 0:19:22
                                         
FPS: 16 Current Frame: 26505 ETA: 0:19:21
                                         
FPS: 16 Current Frame: 26513 ETA: 0:19:21
                                         
FPS: 16 Current Frame: 26521 ETA: 0:19:20
                                         
FPS: 16 Current Frame: 26529 ETA: 0:19:20
                                         
FPS: 16 Current Frame: 26536 ETA: 0:19:20
                                         
FPS: 16 Current Frame: 26544 ETA: 0:19:19
                                         
FPS: 16 Current Frame: 26552 ETA: 0:19:19
                                         
FPS: 16 Current Frame: 26560 ETA: 0:19:18
                                         
FPS: 16 Current Frame: 26568 ETA: 0:19:18
                                         
FPS: 16 Current Frame: 26576 ETA: 0:19:17
                                         
FPS: 16 Current Frame: 26584 ETA: 0:19:17
                                         
FPS: 16 Current Frame: 26592 ETA: 0:19:16
                                         
FPS: 16 Current Frame: 26600 ETA: 0:19:16
                                         
FPS: 16 Current Frame: 26608 ETA: 0:19:15
                                         
FPS: 16 Current Frame: 26616 ETA: 0:19:15
                                         
FPS: 16 Current Frame: 26624 ETA: 0:19:14
                                         
FPS: 16 Current Frame: 26632 ETA: 0:19:14
                                         
FPS: 16 Current Frame: 26640 ETA: 0:19:13
                                         
FPS: 16 Current Frame: 26648 ETA: 0:19:13
                                         
FPS: 16 Current Frame: 26656 ETA: 0:19:12
                                         
FPS: 16 Current Frame: 26664 ETA: 0:19:12
                                         
FPS: 16 Current Frame: 26671 ETA: 0:19:11
                                         
FPS: 16 Current Frame: 26679 ETA: 0:19:11
                                         
FPS: 16 Current Frame: 26687 ETA: 0:19:10
                                         
FPS: 16 Current Frame: 26695 ETA: 0:19:10
                                         
FPS: 16 Current Frame: 26703 ETA: 0:19:09
                                         
FPS: 16 Current Frame: 26711 ETA: 0:19:09
                                         
FPS: 16 Current Frame: 26719 ETA: 0:19:08
                                         
FPS: 16 Current Frame: 26727 ETA: 0:19:08
                                         
FPS: 16 Current Frame: 26735 ETA: 0:19:07
                                         
FPS: 16 Current Frame: 26743 ETA: 0:19:07
                                         
FPS: 16 Current Frame: 26751 ETA: 0:19:06
                                         
FPS: 16 Current Frame: 26759 ETA: 0:19:06
                                         
FPS: 16 Current Frame: 26767 ETA: 0:19:05
                                         
FPS: 16 Current Frame: 26775 ETA: 0:19:05
                                         
FPS: 16 Current Frame: 26783 ETA: 0:19:04
                                         
FPS: 16 Current Frame: 26791 ETA: 0:19:04
                                         
FPS: 16 Current Frame: 26799 ETA: 0:19:03
                                         
FPS: 16 Current Frame: 26807 ETA: 0:19:03
                                         
FPS: 16 Current Frame: 26815 ETA: 0:19:02
                                         
FPS: 16 Current Frame: 26823 ETA: 0:19:02
                                         
FPS: 16 Current Frame: 26831 ETA: 0:19:01
                                         
FPS: 16 Current Frame: 26839 ETA: 0:19:01
                                         
FPS: 16 Current Frame: 26846 ETA: 0:19:00
                                         
FPS: 16 Current Frame: 26854 ETA: 0:19:00
                                         
FPS: 16 Current Frame: 26862 ETA: 0:18:59
                                         
FPS: 16 Current Frame: 26870 ETA: 0:18:59
                                         
FPS: 16 Current Frame: 26878 ETA: 0:18:58
                                         
FPS: 16 Current Frame: 26886 ETA: 0:18:58
                                         
FPS: 16 Current Frame: 26894 ETA: 0:18:57
                                         
FPS: 16 Current Frame: 26902 ETA: 0:18:57
                                         
FPS: 16 Current Frame: 26910 ETA: 0:18:56
                                         
FPS: 16 Current Frame: 26918 ETA: 0:18:56
                                         
FPS: 16 Current Frame: 26926 ETA: 0:18:55
                                         
FPS: 16 Current Frame: 26934 ETA: 0:18:55
                                         
FPS: 16 Current Frame: 26942 ETA: 0:18:54
                                         
FPS: 16 Current Frame: 26950 ETA: 0:18:54
                                         
FPS: 16 Current Frame: 26958 ETA: 0:18:53
                                         
FPS: 16 Current Frame: 26966 ETA: 0:18:53
                                         
FPS: 16 Current Frame: 26974 ETA: 0:18:52
                                         
FPS: 16 Current Frame: 26982 ETA: 0:18:52
                                         
FPS: 16 Current Frame: 26990 ETA: 0:18:51
                                         
FPS: 16 Current Frame: 26998 ETA: 0:18:51
                                         
FPS: 16 Current Frame: 27005 ETA: 0:18:50
                                         
FPS: 16 Current Frame: 27013 ETA: 0:18:50
                                         
FPS: 16 Current Frame: 27021 ETA: 0:18:49
                                         
FPS: 16 Current Frame: 27029 ETA: 0:18:49
                                         
FPS: 16 Current Frame: 27037 ETA: 0:18:48
                                         
FPS: 16 Current Frame: 27045 ETA: 0:18:48
                                         
FPS: 16 Current Frame: 27053 ETA: 0:18:47
                                         
FPS: 16 Current Frame: 27061 ETA: 0:18:47
                                         
FPS: 16 Current Frame: 27069 ETA: 0:18:46
                                         
FPS: 16 Current Frame: 27077 ETA: 0:18:46
                                         
FPS: 16 Current Frame: 27085 ETA: 0:18:45
                                         
FPS: 16 Current Frame: 27093 ETA: 0:18:45
                                         
FPS: 16 Current Frame: 27101 ETA: 0:18:44
                                         
FPS: 16 Current Frame: 27109 ETA: 0:18:44
                                         
FPS: 16 Current Frame: 27116 ETA: 0:18:43
                                         
FPS: 16 Current Frame: 27124 ETA: 0:18:43
                                         
FPS: 16 Current Frame: 27132 ETA: 0:18:42
                                         
FPS: 16 Current Frame: 27140 ETA: 0:18:42
                                         
FPS: 16 Current Frame: 27148 ETA: 0:18:41
                                         
FPS: 16 Current Frame: 27156 ETA: 0:18:41
                                         
FPS: 16 Current Frame: 27164 ETA: 0:18:40
                                         
FPS: 16 Current Frame: 27172 ETA: 0:18:40
                                         
FPS: 16 Current Frame: 27180 ETA: 0:18:39
                                         
FPS: 16 Current Frame: 27188 ETA: 0:18:39
                                         
FPS: 16 Current Frame: 27196 ETA: 0:18:38
                                         
FPS: 16 Current Frame: 27204 ETA: 0:18:38
                                         
FPS: 16 Current Frame: 27212 ETA: 0:18:37
                                         
FPS: 16 Current Frame: 27220 ETA: 0:18:37
                                         
FPS: 16 Current Frame: 27228 ETA: 0:18:36
                                         
FPS: 16 Current Frame: 27236 ETA: 0:18:36
                                         
FPS: 16 Current Frame: 27243 ETA: 0:18:36
                                         
FPS: 16 Current Frame: 27251 ETA: 0:18:35
                                         
FPS: 16 Current Frame: 27259 ETA: 0:18:35
                                         
FPS: 16 Current Frame: 27267 ETA: 0:18:34
                                         
FPS: 16 Current Frame: 27275 ETA: 0:18:34
                                         
FPS: 16 Current Frame: 27283 ETA: 0:18:33
                                         
FPS: 16 Current Frame: 27291 ETA: 0:18:33
                                         
FPS: 16 Current Frame: 27299 ETA: 0:18:32
                                         
FPS: 16 Current Frame: 27307 ETA: 0:18:32
                                         
FPS: 16 Current Frame: 27315 ETA: 0:18:31
                                         
FPS: 16 Current Frame: 27323 ETA: 0:18:31
                                         
FPS: 16 Current Frame: 27331 ETA: 0:18:30
                                         
FPS: 16 Current Frame: 27339 ETA: 0:18:30
                                         
FPS: 16 Current Frame: 27347 ETA: 0:18:29
                                         
FPS: 16 Current Frame: 27355 ETA: 0:18:29
                                         
FPS: 16 Current Frame: 27363 ETA: 0:18:28
                                         
FPS: 16 Current Frame: 27371 ETA: 0:18:28
                                         
FPS: 16 Current Frame: 27379 ETA: 0:18:27
                                         
FPS: 16 Current Frame: 27387 ETA: 0:18:27
                                         
FPS: 16 Current Frame: 27395 ETA: 0:18:26
                                         
FPS: 16 Current Frame: 27403 ETA: 0:18:26
                                         
FPS: 16 Current Frame: 27410 ETA: 0:18:25
                                         
FPS: 16 Current Frame: 27418 ETA: 0:18:25
                                         
FPS: 16 Current Frame: 27426 ETA: 0:18:24
                                         
FPS: 16 Current Frame: 27434 ETA: 0:18:24
                                         
FPS: 16 Current Frame: 27442 ETA: 0:18:23
                                         
FPS: 16 Current Frame: 27450 ETA: 0:18:23
                                         
FPS: 16 Current Frame: 27458 ETA: 0:18:22
                                         
FPS: 16 Current Frame: 27466 ETA: 0:18:22
                                         
FPS: 16 Current Frame: 27474 ETA: 0:18:21
                                         
FPS: 16 Current Frame: 27482 ETA: 0:18:21
                                         
FPS: 16 Current Frame: 27490 ETA: 0:18:20
                                         
FPS: 16 Current Frame: 27498 ETA: 0:18:20
                                         
FPS: 16 Current Frame: 27506 ETA: 0:18:19
                                         
FPS: 16 Current Frame: 27514 ETA: 0:18:19
                                         
FPS: 16 Current Frame: 27522 ETA: 0:18:18
                                         
FPS: 16 Current Frame: 27530 ETA: 0:18:18
                                         
FPS: 16 Current Frame: 27537 ETA: 0:18:17
                                         
FPS: 16 Current Frame: 27545 ETA: 0:18:17
                                         
FPS: 16 Current Frame: 27553 ETA: 0:18:16
                                         
FPS: 16 Current Frame: 27561 ETA: 0:18:16
                                         
FPS: 16 Current Frame: 27569 ETA: 0:18:15
                                         
FPS: 16 Current Frame: 27577 ETA: 0:18:15
                                         
FPS: 16 Current Frame: 27585 ETA: 0:18:14
                                         
FPS: 16 Current Frame: 27593 ETA: 0:18:14
                                         
FPS: 16 Current Frame: 27601 ETA: 0:18:13
                                         
FPS: 16 Current Frame: 27609 ETA: 0:18:13
                                         
FPS: 16 Current Frame: 27617 ETA: 0:18:12
                                         
FPS: 16 Current Frame: 27625 ETA: 0:18:12
                                         
FPS: 16 Current Frame: 27633 ETA: 0:18:11
                                         
FPS: 16 Current Frame: 27641 ETA: 0:18:11
                                         
FPS: 16 Current Frame: 27649 ETA: 0:18:10
                                         
FPS: 16 Current Frame: 27657 ETA: 0:18:10
                                         
FPS: 16 Current Frame: 27664 ETA: 0:18:09
                                         
FPS: 16 Current Frame: 27672 ETA: 0:18:09
                                         
FPS: 16 Current Frame: 27680 ETA: 0:18:08
                                         
FPS: 16 Current Frame: 27688 ETA: 0:18:08
                                         
FPS: 16 Current Frame: 27696 ETA: 0:18:07
                                         
FPS: 16 Current Frame: 27704 ETA: 0:18:07
                                         
FPS: 16 Current Frame: 27712 ETA: 0:18:06
                                         
FPS: 16 Current Frame: 27720 ETA: 0:18:06
                                         
FPS: 16 Current Frame: 27728 ETA: 0:18:05
                                         
FPS: 16 Current Frame: 27736 ETA: 0:18:05
                                         
FPS: 16 Current Frame: 27744 ETA: 0:18:04
                                         
FPS: 16 Current Frame: 27752 ETA: 0:18:04
                                         
FPS: 16 Current Frame: 27760 ETA: 0:18:03
                                         
FPS: 16 Current Frame: 27768 ETA: 0:18:03
                                         
FPS: 16 Current Frame: 27776 ETA: 0:18:02
                                         
FPS: 16 Current Frame: 27784 ETA: 0:18:02
                                         
FPS: 16 Current Frame: 27792 ETA: 0:18:01
                                         
FPS: 16 Current Frame: 27800 ETA: 0:18:01
                                         
FPS: 16 Current Frame: 27807 ETA: 0:18:00
                                         
FPS: 16 Current Frame: 27815 ETA: 0:18:00
                                         
FPS: 16 Current Frame: 27823 ETA: 0:17:59
                                         
FPS: 16 Current Frame: 27831 ETA: 0:17:59
                                         
FPS: 16 Current Frame: 27839 ETA: 0:17:58
                                         
FPS: 16 Current Frame: 27847 ETA: 0:17:58
                                         
FPS: 16 Current Frame: 27855 ETA: 0:17:57
                                         
FPS: 16 Current Frame: 27863 ETA: 0:17:57
                                         
FPS: 16 Current Frame: 27871 ETA: 0:17:56
                                         
FPS: 16 Current Frame: 27879 ETA: 0:17:56
                                         
FPS: 16 Current Frame: 27886 ETA: 0:17:56
                                         
FPS: 16 Current Frame: 27894 ETA: 0:17:55
                                         
FPS: 16 Current Frame: 27902 ETA: 0:17:55
                                         
FPS: 16 Current Frame: 27910 ETA: 0:17:54
                                         
FPS: 16 Current Frame: 27918 ETA: 0:17:54
                                         
FPS: 16 Current Frame: 27926 ETA: 0:17:53
                                         
FPS: 16 Current Frame: 27934 ETA: 0:17:53
                                         
FPS: 16 Current Frame: 27942 ETA: 0:17:52
                                         
FPS: 16 Current Frame: 27950 ETA: 0:17:52
                                         
FPS: 16 Current Frame: 27958 ETA: 0:17:51
                                         
FPS: 16 Current Frame: 27966 ETA: 0:17:51
                                         
FPS: 16 Current Frame: 27974 ETA: 0:17:50
                                         
FPS: 16 Current Frame: 27981 ETA: 0:17:50
                                         
FPS: 16 Current Frame: 27989 ETA: 0:17:49
                                         
FPS: 16 Current Frame: 27997 ETA: 0:17:49
                                         
FPS: 16 Current Frame: 28005 ETA: 0:17:48
                                         
FPS: 16 Current Frame: 28013 ETA: 0:17:48
                                         
FPS: 16 Current Frame: 28021 ETA: 0:17:47
                                         
FPS: 16 Current Frame: 28029 ETA: 0:17:47
                                         
FPS: 16 Current Frame: 28036 ETA: 0:17:46
                                         
FPS: 16 Current Frame: 28044 ETA: 0:17:46
                                         
FPS: 16 Current Frame: 28052 ETA: 0:17:45
                                         
FPS: 16 Current Frame: 28060 ETA: 0:17:45
                                         
FPS: 16 Current Frame: 28068 ETA: 0:17:44
                                         
FPS: 16 Current Frame: 28076 ETA: 0:17:44
                                         
FPS: 16 Current Frame: 28084 ETA: 0:17:43
                                         
FPS: 16 Current Frame: 28092 ETA: 0:17:43
                                         
FPS: 16 Current Frame: 28100 ETA: 0:17:42
                                         
FPS: 16 Current Frame: 28108 ETA: 0:17:42
                                         
FPS: 16 Current Frame: 28116 ETA: 0:17:41
                                         
FPS: 16 Current Frame: 28124 ETA: 0:17:41
                                         
FPS: 16 Current Frame: 28131 ETA: 0:17:40
                                         
FPS: 16 Current Frame: 28139 ETA: 0:17:40
                                         
FPS: 16 Current Frame: 28147 ETA: 0:17:39
                                         
FPS: 16 Current Frame: 28155 ETA: 0:17:39
                                         
FPS: 16 Current Frame: 28163 ETA: 0:17:38
                                         
FPS: 16 Current Frame: 28171 ETA: 0:17:38
                                         
FPS: 16 Current Frame: 28179 ETA: 0:17:37
                                         
FPS: 16 Current Frame: 28187 ETA: 0:17:37
                                         
FPS: 16 Current Frame: 28195 ETA: 0:17:36
                                         
FPS: 16 Current Frame: 28203 ETA: 0:17:36
                                         
FPS: 16 Current Frame: 28211 ETA: 0:17:35
                                         
FPS: 16 Current Frame: 28218 ETA: 0:17:35
                                         
FPS: 16 Current Frame: 28226 ETA: 0:17:35
                                         
FPS: 16 Current Frame: 28234 ETA: 0:17:34
                                         
FPS: 16 Current Frame: 28242 ETA: 0:17:34
                                         
FPS: 16 Current Frame: 28250 ETA: 0:17:33
                                         
FPS: 16 Current Frame: 28258 ETA: 0:17:32
                                         
FPS: 16 Current Frame: 28266 ETA: 0:17:32
                                         
FPS: 16 Current Frame: 28274 ETA: 0:17:31
                                         
FPS: 16 Current Frame: 28282 ETA: 0:17:31
                                         
FPS: 16 Current Frame: 28290 ETA: 0:17:30
                                         
FPS: 16 Current Frame: 28298 ETA: 0:17:30
                                         
FPS: 16 Current Frame: 28306 ETA: 0:17:29
                                         
FPS: 16 Current Frame: 28314 ETA: 0:17:29
                                         
FPS: 16 Current Frame: 28322 ETA: 0:17:28
                                         
FPS: 16 Current Frame: 28329 ETA: 0:17:28
                                         
FPS: 16 Current Frame: 28337 ETA: 0:17:28
                                         
FPS: 16 Current Frame: 28345 ETA: 0:17:27
                                         
FPS: 16 Current Frame: 28353 ETA: 0:17:27
                                         
FPS: 16 Current Frame: 28361 ETA: 0:17:26
                                         
FPS: 16 Current Frame: 28369 ETA: 0:17:26
                                         
FPS: 16 Current Frame: 28377 ETA: 0:17:25
                                         
FPS: 16 Current Frame: 28385 ETA: 0:17:25
                                         
FPS: 16 Current Frame: 28393 ETA: 0:17:24
                                         
FPS: 16 Current Frame: 28401 ETA: 0:17:24
                                         
FPS: 16 Current Frame: 28409 ETA: 0:17:23
                                         
FPS: 16 Current Frame: 28417 ETA: 0:17:23
                                         
FPS: 16 Current Frame: 28425 ETA: 0:17:22
                                         
FPS: 16 Current Frame: 28433 ETA: 0:17:22
                                         
FPS: 16 Current Frame: 28441 ETA: 0:17:21
                                         
FPS: 16 Current Frame: 28448 ETA: 0:17:21
                                         
FPS: 16 Current Frame: 28456 ETA: 0:17:20
                                         
FPS: 16 Current Frame: 28464 ETA: 0:17:20
                                         
FPS: 16 Current Frame: 28472 ETA: 0:17:19
                                         
FPS: 16 Current Frame: 28480 ETA: 0:17:19
                                         
FPS: 16 Current Frame: 28488 ETA: 0:17:18
                                         
FPS: 16 Current Frame: 28496 ETA: 0:17:18
                                         
FPS: 16 Current Frame: 28504 ETA: 0:17:17
                                         
FPS: 16 Current Frame: 28512 ETA: 0:17:17
                                         
FPS: 16 Current Frame: 28520 ETA: 0:17:16
                                         
FPS: 16 Current Frame: 28528 ETA: 0:17:16
                                         
FPS: 16 Current Frame: 28536 ETA: 0:17:15
                                         
FPS: 16 Current Frame: 28544 ETA: 0:17:15
                                         
FPS: 16 Current Frame: 28552 ETA: 0:17:14
                                         
FPS: 16 Current Frame: 28560 ETA: 0:17:14
                                         
FPS: 16 Current Frame: 28568 ETA: 0:17:13
                                         
FPS: 16 Current Frame: 28576 ETA: 0:17:13
                                         
FPS: 16 Current Frame: 28584 ETA: 0:17:12
                                         
FPS: 16 Current Frame: 28592 ETA: 0:17:12
                                         
FPS: 16 Current Frame: 28600 ETA: 0:17:11
                                         
FPS: 16 Current Frame: 28608 ETA: 0:17:11
                                         
FPS: 16 Current Frame: 28616 ETA: 0:17:10
                                         
FPS: 16 Current Frame: 28624 ETA: 0:17:10
                                         
FPS: 16 Current Frame: 28632 ETA: 0:17:09
                                         
FPS: 16 Current Frame: 28640 ETA: 0:17:09
                                         
FPS: 16 Current Frame: 28648 ETA: 0:17:08
                                         
FPS: 16 Current Frame: 28656 ETA: 0:17:08
                                         
FPS: 16 Current Frame: 28664 ETA: 0:17:07
                                         
FPS: 16 Current Frame: 28672 ETA: 0:17:07
                                         
FPS: 16 Current Frame: 28680 ETA: 0:17:06
                                         
FPS: 16 Current Frame: 28688 ETA: 0:17:06
                                         
FPS: 16 Current Frame: 28696 ETA: 0:17:05
                                         
FPS: 16 Current Frame: 28704 ETA: 0:17:05
                                         
FPS: 16 Current Frame: 28711 ETA: 0:17:04
                                         
FPS: 16 Current Frame: 28719 ETA: 0:17:04
                                         
FPS: 16 Current Frame: 28727 ETA: 0:17:03
                                         
FPS: 16 Current Frame: 28735 ETA: 0:17:03
                                         
FPS: 16 Current Frame: 28743 ETA: 0:17:02
                                         
FPS: 16 Current Frame: 28751 ETA: 0:17:02
                                         
FPS: 16 Current Frame: 28759 ETA: 0:17:01
                                         
FPS: 16 Current Frame: 28767 ETA: 0:17:01
                                         
FPS: 16 Current Frame: 28775 ETA: 0:17:00
                                         
FPS: 16 Current Frame: 28783 ETA: 0:17:00
                                         
FPS: 16 Current Frame: 28791 ETA: 0:16:59
                                         
FPS: 16 Current Frame: 28799 ETA: 0:16:59
                                         
FPS: 16 Current Frame: 28807 ETA: 0:16:58
                                         
FPS: 16 Current Frame: 28815 ETA: 0:16:58
                                         
FPS: 16 Current Frame: 28822 ETA: 0:16:57
                                         
FPS: 16 Current Frame: 28830 ETA: 0:16:57
                                         
FPS: 16 Current Frame: 28838 ETA: 0:16:56
                                         
FPS: 16 Current Frame: 28846 ETA: 0:16:56
                                         
FPS: 16 Current Frame: 28854 ETA: 0:16:55
                                         
FPS: 16 Current Frame: 28862 ETA: 0:16:55
                                         
FPS: 16 Current Frame: 28870 ETA: 0:16:54
                                         
FPS: 16 Current Frame: 28878 ETA: 0:16:54
                                         
FPS: 16 Current Frame: 28885 ETA: 0:16:53
                                         
FPS: 16 Current Frame: 28893 ETA: 0:16:53
                                         
FPS: 16 Current Frame: 28901 ETA: 0:16:52
                                         
FPS: 16 Current Frame: 28909 ETA: 0:16:52
                                         
FPS: 16 Current Frame: 28917 ETA: 0:16:51
                                         
FPS: 16 Current Frame: 28925 ETA: 0:16:51
                                         
FPS: 16 Current Frame: 28933 ETA: 0:16:50
                                         
FPS: 16 Current Frame: 28941 ETA: 0:16:50
                                         
FPS: 16 Current Frame: 28949 ETA: 0:16:49
                                         
FPS: 16 Current Frame: 28957 ETA: 0:16:49
                                         
FPS: 16 Current Frame: 28965 ETA: 0:16:48
                                         
FPS: 16 Current Frame: 28973 ETA: 0:16:48
                                         
FPS: 16 Current Frame: 28981 ETA: 0:16:47
                                         
FPS: 16 Current Frame: 28989 ETA: 0:16:47
                                         
FPS: 16 Current Frame: 28997 ETA: 0:16:46
                                         
FPS: 16 Current Frame: 29005 ETA: 0:16:46
                                         
FPS: 16 Current Frame: 29013 ETA: 0:16:45
                                         
FPS: 16 Current Frame: 29020 ETA: 0:16:45
                                         
FPS: 16 Current Frame: 29028 ETA: 0:16:45
                                         
FPS: 16 Current Frame: 29036 ETA: 0:16:44
                                         
FPS: 16 Current Frame: 29044 ETA: 0:16:44
                                         
FPS: 16 Current Frame: 29052 ETA: 0:16:43
                                         
FPS: 16 Current Frame: 29060 ETA: 0:16:43
                                         
FPS: 16 Current Frame: 29068 ETA: 0:16:42
                                         
FPS: 16 Current Frame: 29076 ETA: 0:16:42
                                         
FPS: 16 Current Frame: 29084 ETA: 0:16:41
                                         
FPS: 16 Current Frame: 29091 ETA: 0:16:41
                                         
FPS: 16 Current Frame: 29099 ETA: 0:16:40
                                         
FPS: 16 Current Frame: 29107 ETA: 0:16:40
                                         
FPS: 16 Current Frame: 29115 ETA: 0:16:39
                                         
FPS: 16 Current Frame: 29123 ETA: 0:16:39
                                         
FPS: 16 Current Frame: 29131 ETA: 0:16:38
                                         
FPS: 16 Current Frame: 29139 ETA: 0:16:38
                                         
FPS: 16 Current Frame: 29147 ETA: 0:16:37
                                         
FPS: 16 Current Frame: 29155 ETA: 0:16:37
                                         
FPS: 16 Current Frame: 29163 ETA: 0:16:36
                                         
FPS: 16 Current Frame: 29171 ETA: 0:16:36
                                         
FPS: 16 Current Frame: 29179 ETA: 0:16:35
                                         
FPS: 16 Current Frame: 29187 ETA: 0:16:35
                                         
FPS: 16 Current Frame: 29195 ETA: 0:16:34
                                         
FPS: 16 Current Frame: 29203 ETA: 0:16:34
                                         
FPS: 16 Current Frame: 29211 ETA: 0:16:33
                                         
FPS: 16 Current Frame: 29219 ETA: 0:16:33
                                         
FPS: 16 Current Frame: 29227 ETA: 0:16:32
                                         
FPS: 16 Current Frame: 29235 ETA: 0:16:32
                                         
FPS: 16 Current Frame: 29243 ETA: 0:16:31
                                         
FPS: 16 Current Frame: 29251 ETA: 0:16:31
                                         
FPS: 16 Current Frame: 29258 ETA: 0:16:30
                                         
FPS: 16 Current Frame: 29266 ETA: 0:16:30
                                         
FPS: 16 Current Frame: 29274 ETA: 0:16:29
                                         
FPS: 16 Current Frame: 29282 ETA: 0:16:29
                                         
FPS: 16 Current Frame: 29290 ETA: 0:16:28
                                         
FPS: 16 Current Frame: 29298 ETA: 0:16:28
                                         
FPS: 16 Current Frame: 29306 ETA: 0:16:27
                                         
FPS: 16 Current Frame: 29314 ETA: 0:16:27
                                         
FPS: 16 Current Frame: 29322 ETA: 0:16:26
                                         
FPS: 16 Current Frame: 29330 ETA: 0:16:26
                                         
FPS: 16 Current Frame: 29338 ETA: 0:16:25
                                         
FPS: 16 Current Frame: 29346 ETA: 0:16:25
                                         
FPS: 16 Current Frame: 29354 ETA: 0:16:24
                                         
FPS: 16 Current Frame: 29362 ETA: 0:16:24
                                         
FPS: 16 Current Frame: 29369 ETA: 0:16:23
                                         
FPS: 16 Current Frame: 29377 ETA: 0:16:23
                                         
FPS: 16 Current Frame: 29385 ETA: 0:16:22
                                         
FPS: 16 Current Frame: 29393 ETA: 0:16:22
                                         
FPS: 16 Current Frame: 29401 ETA: 0:16:21
                                         
FPS: 16 Current Frame: 29409 ETA: 0:16:21
                                         
FPS: 16 Current Frame: 29417 ETA: 0:16:20
                                         
FPS: 16 Current Frame: 29425 ETA: 0:16:20
                                         
FPS: 16 Current Frame: 29433 ETA: 0:16:19
                                         
FPS: 16 Current Frame: 29441 ETA: 0:16:19
                                         
FPS: 16 Current Frame: 29449 ETA: 0:16:18
                                         
FPS: 16 Current Frame: 29457 ETA: 0:16:18
                                         
FPS: 16 Current Frame: 29465 ETA: 0:16:17
                                         
FPS: 16 Current Frame: 29473 ETA: 0:16:17
                                         
FPS: 16 Current Frame: 29481 ETA: 0:16:16
                                         
FPS: 16 Current Frame: 29489 ETA: 0:16:16
                                         
FPS: 16 Current Frame: 29497 ETA: 0:16:15
                                         
FPS: 16 Current Frame: 29505 ETA: 0:16:15
                                         
FPS: 16 Current Frame: 29513 ETA: 0:16:14
                                         
FPS: 16 Current Frame: 29521 ETA: 0:16:14
                                         
FPS: 16 Current Frame: 29529 ETA: 0:16:13
                                         
FPS: 16 Current Frame: 29537 ETA: 0:16:13
                                         
FPS: 16 Current Frame: 29545 ETA: 0:16:12
                                         
FPS: 16 Current Frame: 29552 ETA: 0:16:12
                                         
FPS: 16 Current Frame: 29560 ETA: 0:16:11
                                         
FPS: 16 Current Frame: 29568 ETA: 0:16:11
                                         
FPS: 16 Current Frame: 29576 ETA: 0:16:10
                                         
FPS: 16 Current Frame: 29584 ETA: 0:16:10
                                         
FPS: 16 Current Frame: 29592 ETA: 0:16:09
                                         
FPS: 16 Current Frame: 29600 ETA: 0:16:09
                                         
FPS: 16 Current Frame: 29608 ETA: 0:16:08
                                         
FPS: 16 Current Frame: 29616 ETA: 0:16:08
                                         
FPS: 16 Current Frame: 29624 ETA: 0:16:07
                                         
FPS: 16 Current Frame: 29633 ETA: 0:16:07
                                         
FPS: 16 Current Frame: 29641 ETA: 0:16:06
                                         
FPS: 16 Current Frame: 29648 ETA: 0:16:06
                                         
FPS: 16 Current Frame: 29656 ETA: 0:16:05
                                         
FPS: 16 Current Frame: 29664 ETA: 0:16:05
                                         
FPS: 16 Current Frame: 29672 ETA: 0:16:04
                                         
FPS: 16 Current Frame: 29680 ETA: 0:16:04
                                         
FPS: 16 Current Frame: 29688 ETA: 0:16:03
                                         
FPS: 16 Current Frame: 29696 ETA: 0:16:03
                                         
FPS: 16 Current Frame: 29704 ETA: 0:16:02
                                         
FPS: 16 Current Frame: 29712 ETA: 0:16:02
                                         
FPS: 16 Current Frame: 29720 ETA: 0:16:01
                                         
FPS: 16 Current Frame: 29728 ETA: 0:16:01
                                         
FPS: 16 Current Frame: 29736 ETA: 0:16:00
                                         
FPS: 16 Current Frame: 29744 ETA: 0:16:00
                                         
FPS: 16 Current Frame: 29752 ETA: 0:15:59
                                         
FPS: 16 Current Frame: 29760 ETA: 0:15:59
                                         
FPS: 16 Current Frame: 29768 ETA: 0:15:58
                                         
FPS: 16 Current Frame: 29776 ETA: 0:15:58
                                         
FPS: 16 Current Frame: 29784 ETA: 0:15:57
                                         
FPS: 16 Current Frame: 29791 ETA: 0:15:57
                                         
FPS: 16 Current Frame: 29799 ETA: 0:15:57
                                         
FPS: 16 Current Frame: 29807 ETA: 0:15:56
                                         
FPS: 16 Current Frame: 29815 ETA: 0:15:56
                                         
FPS: 16 Current Frame: 29823 ETA: 0:15:55
                                         
FPS: 16 Current Frame: 29831 ETA: 0:15:55
                                         
FPS: 16 Current Frame: 29839 ETA: 0:15:54
                                         
FPS: 16 Current Frame: 29847 ETA: 0:15:54
                                         
FPS: 16 Current Frame: 29855 ETA: 0:15:53
                                         
FPS: 16 Current Frame: 29863 ETA: 0:15:53
                                         
FPS: 16 Current Frame: 29871 ETA: 0:15:52
                                         
FPS: 16 Current Frame: 29879 ETA: 0:15:52
                                         
FPS: 16 Current Frame: 29887 ETA: 0:15:51
                                         
FPS: 16 Current Frame: 29895 ETA: 0:15:51
                                         
FPS: 16 Current Frame: 29903 ETA: 0:15:50
                                         
FPS: 16 Current Frame: 29911 ETA: 0:15:50
                                         
FPS: 16 Current Frame: 29919 ETA: 0:15:49
                                         
FPS: 16 Current Frame: 29927 ETA: 0:15:49
                                         
FPS: 16 Current Frame: 29935 ETA: 0:15:48
                                         
FPS: 16 Current Frame: 29942 ETA: 0:15:48
                                         
FPS: 16 Current Frame: 29950 ETA: 0:15:47
                                         
FPS: 16 Current Frame: 29958 ETA: 0:15:47
                                         
FPS: 16 Current Frame: 29966 ETA: 0:15:46
                                         
FPS: 16 Current Frame: 29974 ETA: 0:15:46
                                         
FPS: 16 Current Frame: 29982 ETA: 0:15:45
                                         
FPS: 16 Current Frame: 29990 ETA: 0:15:45
                                         
FPS: 16 Current Frame: 29998 ETA: 0:15:44
                                         
FPS: 16 Current Frame: 30006 ETA: 0:15:44
                                         
FPS: 16 Current Frame: 30014 ETA: 0:15:43
                                         
FPS: 16 Current Frame: 30022 ETA: 0:15:43
                                         
FPS: 16 Current Frame: 30030 ETA: 0:15:42
                                         
FPS: 16 Current Frame: 30038 ETA: 0:15:42
                                         
FPS: 16 Current Frame: 30046 ETA: 0:15:41
                                         
FPS: 16 Current Frame: 30054 ETA: 0:15:41
                                         
FPS: 16 Current Frame: 30062 ETA: 0:15:40
                                         
FPS: 16 Current Frame: 30070 ETA: 0:15:40
                                         
FPS: 16 Current Frame: 30078 ETA: 0:15:39
                                         
FPS: 16 Current Frame: 30086 ETA: 0:15:39
                                         
FPS: 16 Current Frame: 30094 ETA: 0:15:38
                                         
FPS: 16 Current Frame: 30102 ETA: 0:15:38
                                         
FPS: 16 Current Frame: 30110 ETA: 0:15:37
                                         
FPS: 16 Current Frame: 30117 ETA: 0:15:37
                                         
FPS: 16 Current Frame: 30125 ETA: 0:15:36
                                         
FPS: 16 Current Frame: 30133 ETA: 0:15:36
                                         
FPS: 16 Current Frame: 30141 ETA: 0:15:35
                                         
FPS: 16 Current Frame: 30149 ETA: 0:15:35
                                         
FPS: 16 Current Frame: 30157 ETA: 0:15:34
                                         
FPS: 16 Current Frame: 30165 ETA: 0:15:34
                                         
FPS: 16 Current Frame: 30173 ETA: 0:15:33
                                         
FPS: 16 Current Frame: 30181 ETA: 0:15:33
                                         
FPS: 16 Current Frame: 30189 ETA: 0:15:32
                                         
FPS: 16 Current Frame: 30197 ETA: 0:15:32
                                         
FPS: 16 Current Frame: 30205 ETA: 0:15:31
                                         
FPS: 16 Current Frame: 30212 ETA: 0:15:31
                                         
FPS: 16 Current Frame: 30220 ETA: 0:15:30
                                         
FPS: 16 Current Frame: 30228 ETA: 0:15:30
                                         
FPS: 16 Current Frame: 30236 ETA: 0:15:29
                                         
FPS: 16 Current Frame: 30244 ETA: 0:15:29
                                         
FPS: 16 Current Frame: 30252 ETA: 0:15:28
                                         
FPS: 16 Current Frame: 30260 ETA: 0:15:28
                                         
FPS: 16 Current Frame: 30268 ETA: 0:15:27
                                         
FPS: 16 Current Frame: 30276 ETA: 0:15:27
                                         
FPS: 16 Current Frame: 30284 ETA: 0:15:26
                                         
FPS: 16 Current Frame: 30292 ETA: 0:15:26
                                         
FPS: 16 Current Frame: 30300 ETA: 0:15:25
                                         
FPS: 16 Current Frame: 30308 ETA: 0:15:25
                                         
FPS: 16 Current Frame: 30316 ETA: 0:15:24
                                         
FPS: 16 Current Frame: 30324 ETA: 0:15:24
                                         
FPS: 16 Current Frame: 30332 ETA: 0:15:23
                                         
FPS: 16 Current Frame: 30340 ETA: 0:15:23
                                         
FPS: 16 Current Frame: 30348 ETA: 0:15:22
                                         
FPS: 16 Current Frame: 30356 ETA: 0:15:22
                                         
FPS: 16 Current Frame: 30364 ETA: 0:15:21
                                         
FPS: 16 Current Frame: 30372 ETA: 0:15:21
                                         
FPS: 16 Current Frame: 30380 ETA: 0:15:20
                                         
FPS: 16 Current Frame: 30388 ETA: 0:15:20
                                         
FPS: 16 Current Frame: 30396 ETA: 0:15:19
                                         
FPS: 16 Current Frame: 30404 ETA: 0:15:19
                                         
FPS: 16 Current Frame: 30412 ETA: 0:15:18
                                         
FPS: 16 Current Frame: 30419 ETA: 0:15:18
                                         
FPS: 16 Current Frame: 30427 ETA: 0:15:17
                                         
FPS: 16 Current Frame: 30435 ETA: 0:15:17
                                         
FPS: 16 Current Frame: 30443 ETA: 0:15:16
                                         
FPS: 16 Current Frame: 30451 ETA: 0:15:16
                                         
FPS: 16 Current Frame: 30459 ETA: 0:15:15
                                         
FPS: 16 Current Frame: 30467 ETA: 0:15:15
                                         
FPS: 16 Current Frame: 30475 ETA: 0:15:14
                                         
FPS: 16 Current Frame: 30483 ETA: 0:15:14
                                         
FPS: 16 Current Frame: 30491 ETA: 0:15:13
                                         
FPS: 16 Current Frame: 30499 ETA: 0:15:13
                                         
FPS: 16 Current Frame: 30507 ETA: 0:15:12
                                         
FPS: 16 Current Frame: 30514 ETA: 0:15:12
                                         
FPS: 16 Current Frame: 30522 ETA: 0:15:11
                                         
FPS: 16 Current Frame: 30530 ETA: 0:15:11
                                         
FPS: 16 Current Frame: 30538 ETA: 0:15:10
                                         
FPS: 16 Current Frame: 30546 ETA: 0:15:10
                                         
FPS: 16 Current Frame: 30554 ETA: 0:15:09
                                         
FPS: 16 Current Frame: 30562 ETA: 0:15:09
                                         
FPS: 16 Current Frame: 30570 ETA: 0:15:08
                                         
FPS: 16 Current Frame: 30578 ETA: 0:15:08
                                         
FPS: 16 Current Frame: 30586 ETA: 0:15:07
                                         
FPS: 16 Current Frame: 30594 ETA: 0:15:07
                                         
FPS: 16 Current Frame: 30602 ETA: 0:15:06
                                         
FPS: 16 Current Frame: 30610 ETA: 0:15:06
                                         
FPS: 16 Current Frame: 30618 ETA: 0:15:05
                                         
FPS: 16 Current Frame: 30626 ETA: 0:15:05
                                         
FPS: 16 Current Frame: 30634 ETA: 0:15:04
                                         
FPS: 16 Current Frame: 30642 ETA: 0:15:04
                                         
FPS: 16 Current Frame: 30650 ETA: 0:15:03
                                         
FPS: 16 Current Frame: 30657 ETA: 0:15:03
                                         
FPS: 16 Current Frame: 30665 ETA: 0:15:03
                                         
FPS: 16 Current Frame: 30673 ETA: 0:15:02
                                         
FPS: 16 Current Frame: 30681 ETA: 0:15:02
                                         
FPS: 16 Current Frame: 30689 ETA: 0:15:01
                                         
FPS: 16 Current Frame: 30697 ETA: 0:15:01
                                         
FPS: 16 Current Frame: 30705 ETA: 0:15:00
                                         
FPS: 16 Current Frame: 30713 ETA: 0:15:00
                                         
FPS: 16 Current Frame: 30721 ETA: 0:14:59
                                         
FPS: 16 Current Frame: 30729 ETA: 0:14:59
                                         
FPS: 16 Current Frame: 30737 ETA: 0:14:58
                                         
FPS: 16 Current Frame: 30745 ETA: 0:14:58
                                         
FPS: 16 Current Frame: 30753 ETA: 0:14:57
                                         
FPS: 16 Current Frame: 30761 ETA: 0:14:57
                                         
FPS: 16 Current Frame: 30769 ETA: 0:14:56
                                         
FPS: 16 Current Frame: 30777 ETA: 0:14:56
                                         
FPS: 16 Current Frame: 30785 ETA: 0:14:55
                                         
FPS: 16 Current Frame: 30793 ETA: 0:14:55
                                         
FPS: 16 Current Frame: 30801 ETA: 0:14:54
                                         
FPS: 16 Current Frame: 30809 ETA: 0:14:54
                                         
FPS: 16 Current Frame: 30817 ETA: 0:14:53
                                         
FPS: 16 Current Frame: 30825 ETA: 0:14:53
                                         
FPS: 16 Current Frame: 30832 ETA: 0:14:52
                                         
FPS: 16 Current Frame: 30840 ETA: 0:14:52
                                         
FPS: 16 Current Frame: 30848 ETA: 0:14:51
                                         
FPS: 16 Current Frame: 30856 ETA: 0:14:51
                                         
FPS: 16 Current Frame: 30864 ETA: 0:14:50
                                         
FPS: 16 Current Frame: 30872 ETA: 0:14:50
                                         
FPS: 16 Current Frame: 30880 ETA: 0:14:49
                                         
FPS: 16 Current Frame: 30888 ETA: 0:14:49
                                         
FPS: 16 Current Frame: 30896 ETA: 0:14:48
                                         
FPS: 16 Current Frame: 30904 ETA: 0:14:48
                                         
FPS: 16 Current Frame: 30912 ETA: 0:14:47
                                         
FPS: 16 Current Frame: 30920 ETA: 0:14:47
                                         
FPS: 16 Current Frame: 30928 ETA: 0:14:46
                                         
FPS: 16 Current Frame: 30936 ETA: 0:14:46
                                         
FPS: 16 Current Frame: 30943 ETA: 0:14:45
                                         
FPS: 16 Current Frame: 30951 ETA: 0:14:45
                                         
FPS: 16 Current Frame: 30959 ETA: 0:14:44
                                         
FPS: 16 Current Frame: 30967 ETA: 0:14:44
                                         
FPS: 16 Current Frame: 30975 ETA: 0:14:43
                                         
FPS: 16 Current Frame: 30983 ETA: 0:14:43
                                         
FPS: 16 Current Frame: 30991 ETA: 0:14:42
                                         
FPS: 16 Current Frame: 30999 ETA: 0:14:42
                                         
FPS: 16 Current Frame: 31007 ETA: 0:14:41
                                         
FPS: 16 Current Frame: 31015 ETA: 0:14:41
                                         
FPS: 16 Current Frame: 31023 ETA: 0:14:40
                                         
FPS: 16 Current Frame: 31031 ETA: 0:14:40
                                         
FPS: 16 Current Frame: 31039 ETA: 0:14:39
                                         
FPS: 16 Current Frame: 31047 ETA: 0:14:39
                                         
FPS: 16 Current Frame: 31055 ETA: 0:14:38
                                         
FPS: 16 Current Frame: 31063 ETA: 0:14:38
                                         
FPS: 16 Current Frame: 31071 ETA: 0:14:37
                                         
FPS: 16 Current Frame: 31079 ETA: 0:14:37
                                         
FPS: 16 Current Frame: 31087 ETA: 0:14:36
                                         
FPS: 16 Current Frame: 31095 ETA: 0:14:36
                                         
FPS: 16 Current Frame: 31103 ETA: 0:14:35
                                         
FPS: 16 Current Frame: 31111 ETA: 0:14:35
                                         
FPS: 16 Current Frame: 31119 ETA: 0:14:34
                                         
FPS: 16 Current Frame: 31127 ETA: 0:14:34
                                         
FPS: 16 Current Frame: 31135 ETA: 0:14:33
                                         
FPS: 16 Current Frame: 31143 ETA: 0:14:33
                                         
FPS: 16 Current Frame: 31151 ETA: 0:14:32
                                         
FPS: 16 Current Frame: 31159 ETA: 0:14:32
                                         
FPS: 16 Current Frame: 31167 ETA: 0:14:31
                                         
FPS: 16 Current Frame: 31174 ETA: 0:14:31
                                         
FPS: 16 Current Frame: 31182 ETA: 0:14:30
                                         
FPS: 16 Current Frame: 31190 ETA: 0:14:30
                                         
FPS: 16 Current Frame: 31198 ETA: 0:14:29
                                         
FPS: 16 Current Frame: 31206 ETA: 0:14:29
                                         
FPS: 16 Current Frame: 31214 ETA: 0:14:28
                                         
FPS: 16 Current Frame: 31222 ETA: 0:14:28
                                         
FPS: 16 Current Frame: 31230 ETA: 0:14:27
                                         
FPS: 16 Current Frame: 31238 ETA: 0:14:27
                                         
FPS: 16 Current Frame: 31246 ETA: 0:14:26
                                         
FPS: 16 Current Frame: 31254 ETA: 0:14:26
                                         
FPS: 16 Current Frame: 31262 ETA: 0:14:25
                                         
FPS: 16 Current Frame: 31270 ETA: 0:14:25
                                         
FPS: 16 Current Frame: 31278 ETA: 0:14:24
                                         
FPS: 16 Current Frame: 31286 ETA: 0:14:24
                                         
FPS: 16 Current Frame: 31294 ETA: 0:14:23
                                         
FPS: 16 Current Frame: 31302 ETA: 0:14:23
                                         
FPS: 16 Current Frame: 31310 ETA: 0:14:22
                                         
FPS: 16 Current Frame: 31318 ETA: 0:14:22
                                         
FPS: 16 Current Frame: 31326 ETA: 0:14:21
                                         
FPS: 16 Current Frame: 31334 ETA: 0:14:21
                                         
FPS: 16 Current Frame: 31341 ETA: 0:14:20
                                         
FPS: 16 Current Frame: 31349 ETA: 0:14:20
                                         
FPS: 16 Current Frame: 31357 ETA: 0:14:19
                                         
FPS: 16 Current Frame: 31365 ETA: 0:14:19
                                         
FPS: 16 Current Frame: 31373 ETA: 0:14:18
                                         
FPS: 16 Current Frame: 31381 ETA: 0:14:18
                                         
FPS: 16 Current Frame: 31389 ETA: 0:14:17
                                         
FPS: 16 Current Frame: 31397 ETA: 0:14:17
                                         
FPS: 16 Current Frame: 31405 ETA: 0:14:16
                                         
FPS: 16 Current Frame: 31413 ETA: 0:14:16
                                         
FPS: 16 Current Frame: 31421 ETA: 0:14:15
                                         
FPS: 16 Current Frame: 31429 ETA: 0:14:15
                                         
FPS: 16 Current Frame: 31437 ETA: 0:14:14
                                         
FPS: 16 Current Frame: 31445 ETA: 0:14:14
                                         
FPS: 16 Current Frame: 31453 ETA: 0:14:13
                                         
FPS: 16 Current Frame: 31461 ETA: 0:14:13
                                         
FPS: 16 Current Frame: 31469 ETA: 0:14:12
                                         
FPS: 16 Current Frame: 31477 ETA: 0:14:12
                                         
FPS: 16 Current Frame: 31485 ETA: 0:14:11
                                         
FPS: 16 Current Frame: 31493 ETA: 0:14:11
                                         
FPS: 16 Current Frame: 31500 ETA: 0:14:10
                                         
FPS: 16 Current Frame: 31508 ETA: 0:14:10
                                         
FPS: 16 Current Frame: 31516 ETA: 0:14:09
                                         
FPS: 16 Current Frame: 31524 ETA: 0:14:09
                                         
FPS: 16 Current Frame: 31532 ETA: 0:14:08
                                         
FPS: 16 Current Frame: 31540 ETA: 0:14:08
                                         
FPS: 16 Current Frame: 31548 ETA: 0:14:07
                                         
FPS: 16 Current Frame: 31556 ETA: 0:14:07
                                         
FPS: 16 Current Frame: 31564 ETA: 0:14:06
                                         
FPS: 16 Current Frame: 31572 ETA: 0:14:06
                                         
FPS: 16 Current Frame: 31580 ETA: 0:14:05
                                         
FPS: 16 Current Frame: 31588 ETA: 0:14:05
                                         
FPS: 16 Current Frame: 31596 ETA: 0:14:04
                                         
FPS: 16 Current Frame: 31604 ETA: 0:14:04
                                         
FPS: 16 Current Frame: 31612 ETA: 0:14:03
                                         
FPS: 16 Current Frame: 31620 ETA: 0:14:03
                                         
FPS: 16 Current Frame: 31628 ETA: 0:14:02
                                         
FPS: 16 Current Frame: 31636 ETA: 0:14:02
                                         
FPS: 16 Current Frame: 31644 ETA: 0:14:01
                                         
FPS: 16 Current Frame: 31652 ETA: 0:14:01
                                         
FPS: 16 Current Frame: 31660 ETA: 0:14:00
                                         
FPS: 16 Current Frame: 31668 ETA: 0:14:00
                                         
FPS: 16 Current Frame: 31676 ETA: 0:13:59
                                         
FPS: 16 Current Frame: 31684 ETA: 0:13:59
                                         
FPS: 16 Current Frame: 31692 ETA: 0:13:58
                                         
FPS: 16 Current Frame: 31700 ETA: 0:13:58
                                         
FPS: 16 Current Frame: 31707 ETA: 0:13:57
                                         
FPS: 16 Current Frame: 31715 ETA: 0:13:57
                                         
FPS: 16 Current Frame: 31723 ETA: 0:13:56
                                         
FPS: 16 Current Frame: 31731 ETA: 0:13:56
                                         
FPS: 16 Current Frame: 31739 ETA: 0:13:55
                                         
FPS: 16 Current Frame: 31747 ETA: 0:13:55
                                         
FPS: 16 Current Frame: 31755 ETA: 0:13:54
                                         
FPS: 16 Current Frame: 31763 ETA: 0:13:54
                                         
FPS: 16 Current Frame: 31771 ETA: 0:13:53
                                         
FPS: 16 Current Frame: 31779 ETA: 0:13:53
                                         
FPS: 16 Current Frame: 31787 ETA: 0:13:52
                                         
FPS: 16 Current Frame: 31795 ETA: 0:13:52
                                         
FPS: 16 Current Frame: 31803 ETA: 0:13:51
                                         
FPS: 16 Current Frame: 31811 ETA: 0:13:51
                                         
FPS: 16 Current Frame: 31819 ETA: 0:13:50
                                         
FPS: 16 Current Frame: 31827 ETA: 0:13:50
                                         
FPS: 16 Current Frame: 31835 ETA: 0:13:49
                                         
FPS: 16 Current Frame: 31843 ETA: 0:13:49
                                         
FPS: 16 Current Frame: 31851 ETA: 0:13:48
                                         
FPS: 16 Current Frame: 31859 ETA: 0:13:48
                                         
FPS: 16 Current Frame: 31867 ETA: 0:13:47
                                         
FPS: 16 Current Frame: 31875 ETA: 0:13:47
                                         
FPS: 16 Current Frame: 31882 ETA: 0:13:47
                                         
FPS: 16 Current Frame: 31890 ETA: 0:13:46
                                         
FPS: 16 Current Frame: 31898 ETA: 0:13:46
                                         
FPS: 16 Current Frame: 31906 ETA: 0:13:45
                                         
FPS: 16 Current Frame: 31914 ETA: 0:13:45
                                         
FPS: 16 Current Frame: 31922 ETA: 0:13:44
                                         
FPS: 16 Current Frame: 31930 ETA: 0:13:44
                                         
FPS: 16 Current Frame: 31938 ETA: 0:13:43
                                         
FPS: 16 Current Frame: 31946 ETA: 0:13:43
                                         
FPS: 16 Current Frame: 31954 ETA: 0:13:42
                                         
FPS: 16 Current Frame: 31962 ETA: 0:13:42
                                         
FPS: 16 Current Frame: 31970 ETA: 0:13:41
                                         
FPS: 16 Current Frame: 31978 ETA: 0:13:41
                                         
FPS: 16 Current Frame: 31985 ETA: 0:13:40
                                         
FPS: 16 Current Frame: 31993 ETA: 0:13:40
                                         
FPS: 16 Current Frame: 32002 ETA: 0:13:39
                                         
FPS: 16 Current Frame: 32010 ETA: 0:13:39
                                         
FPS: 16 Current Frame: 32017 ETA: 0:13:38
                                         
FPS: 16 Current Frame: 32025 ETA: 0:13:38
                                         
FPS: 16 Current Frame: 32033 ETA: 0:13:37
                                         
FPS: 16 Current Frame: 32041 ETA: 0:13:37
                                         
FPS: 16 Current Frame: 32049 ETA: 0:13:36
                                         
FPS: 16 Current Frame: 32057 ETA: 0:13:36
                                         
FPS: 16 Current Frame: 32065 ETA: 0:13:35
                                         
FPS: 16 Current Frame: 32073 ETA: 0:13:35
                                         
FPS: 16 Current Frame: 32081 ETA: 0:13:34
                                         
FPS: 16 Current Frame: 32089 ETA: 0:13:34
                                         
FPS: 16 Current Frame: 32097 ETA: 0:13:33
                                         
FPS: 16 Current Frame: 32105 ETA: 0:13:33
                                         
FPS: 16 Current Frame: 32113 ETA: 0:13:32
                                         
FPS: 16 Current Frame: 32121 ETA: 0:13:32
                                         
FPS: 16 Current Frame: 32129 ETA: 0:13:31
                                         
FPS: 16 Current Frame: 32137 ETA: 0:13:31
                                         
FPS: 16 Current Frame: 32145 ETA: 0:13:30
                                         
FPS: 16 Current Frame: 32153 ETA: 0:13:30
                                         
FPS: 16 Current Frame: 32161 ETA: 0:13:29
                                         
FPS: 16 Current Frame: 32169 ETA: 0:13:29
                                         
FPS: 16 Current Frame: 32177 ETA: 0:13:28
                                         
FPS: 16 Current Frame: 32185 ETA: 0:13:28
                                         
FPS: 16 Current Frame: 32193 ETA: 0:13:27
                                         
FPS: 16 Current Frame: 32201 ETA: 0:13:27
                                         
FPS: 16 Current Frame: 32209 ETA: 0:13:26
                                         
FPS: 16 Current Frame: 32217 ETA: 0:13:26
                                         
FPS: 16 Current Frame: 32225 ETA: 0:13:25
                                         
FPS: 16 Current Frame: 32233 ETA: 0:13:25
                                         
FPS: 16 Current Frame: 32241 ETA: 0:13:24
                                         
FPS: 16 Current Frame: 32249 ETA: 0:13:24
                                         
FPS: 16 Current Frame: 32257 ETA: 0:13:23
                                         
FPS: 16 Current Frame: 32265 ETA: 0:13:23
                                         
FPS: 16 Current Frame: 32273 ETA: 0:13:22
                                         
FPS: 16 Current Frame: 32281 ETA: 0:13:22
                                         
FPS: 16 Current Frame: 32289 ETA: 0:13:21
                                         
FPS: 16 Current Frame: 32297 ETA: 0:13:21
                                         
FPS: 16 Current Frame: 32305 ETA: 0:13:20
                                         
FPS: 16 Current Frame: 32313 ETA: 0:13:20
                                         
FPS: 16 Current Frame: 32320 ETA: 0:13:19
                                         
FPS: 16 Current Frame: 32328 ETA: 0:13:19
                                         
FPS: 16 Current Frame: 32336 ETA: 0:13:18
                                         
FPS: 16 Current Frame: 32344 ETA: 0:13:18
                                         
FPS: 16 Current Frame: 32352 ETA: 0:13:17
                                         
FPS: 16 Current Frame: 32360 ETA: 0:13:17
                                         
FPS: 16 Current Frame: 32368 ETA: 0:13:16
                                         
FPS: 16 Current Frame: 32376 ETA: 0:13:16
                                         
FPS: 16 Current Frame: 32384 ETA: 0:13:15
                                         
FPS: 16 Current Frame: 32392 ETA: 0:13:15
                                         
FPS: 16 Current Frame: 32400 ETA: 0:13:14
                                         
FPS: 16 Current Frame: 32408 ETA: 0:13:14
                                         
FPS: 16 Current Frame: 32416 ETA: 0:13:13
                                         
FPS: 16 Current Frame: 32424 ETA: 0:13:13
                                         
FPS: 16 Current Frame: 32432 ETA: 0:13:12
                                         
FPS: 16 Current Frame: 32440 ETA: 0:13:12
                                         
FPS: 16 Current Frame: 32448 ETA: 0:13:11
                                         
FPS: 16 Current Frame: 32456 ETA: 0:13:11
                                         
FPS: 16 Current Frame: 32464 ETA: 0:13:10
                                         
FPS: 16 Current Frame: 32472 ETA: 0:13:10
                                         
FPS: 16 Current Frame: 32480 ETA: 0:13:09
                                         
FPS: 16 Current Frame: 32488 ETA: 0:13:09
                                         
FPS: 16 Current Frame: 32496 ETA: 0:13:08
                                         
FPS: 16 Current Frame: 32504 ETA: 0:13:08
                                         
FPS: 16 Current Frame: 32512 ETA: 0:13:07
                                         
FPS: 16 Current Frame: 32520 ETA: 0:13:07
                                         
FPS: 16 Current Frame: 32528 ETA: 0:13:06
                                         
FPS: 16 Current Frame: 32536 ETA: 0:13:06
                                         
FPS: 16 Current Frame: 32544 ETA: 0:13:05
                                         
FPS: 16 Current Frame: 32552 ETA: 0:13:05
                                         
FPS: 16 Current Frame: 32560 ETA: 0:13:04
                                         
FPS: 16 Current Frame: 32568 ETA: 0:13:04
                                         
FPS: 16 Current Frame: 32576 ETA: 0:13:03
                                         
FPS: 16 Current Frame: 32584 ETA: 0:13:03
                                         
FPS: 16 Current Frame: 32592 ETA: 0:13:02
                                         
FPS: 16 Current Frame: 32600 ETA: 0:13:02
                                         
FPS: 16 Current Frame: 32608 ETA: 0:13:01
                                         
FPS: 16 Current Frame: 32616 ETA: 0:13:01
                                         
FPS: 16 Current Frame: 32624 ETA: 0:13:00
                                         
FPS: 16 Current Frame: 32632 ETA: 0:13:00
                                         
FPS: 16 Current Frame: 32640 ETA: 0:12:59
                                         
FPS: 16 Current Frame: 32648 ETA: 0:12:59
                                         
FPS: 16 Current Frame: 32656 ETA: 0:12:58
                                         
FPS: 16 Current Frame: 32663 ETA: 0:12:58
                                         
FPS: 16 Current Frame: 32672 ETA: 0:12:57
                                         
FPS: 16 Current Frame: 32679 ETA: 0:12:57
                                         
FPS: 16 Current Frame: 32687 ETA: 0:12:56
                                         
FPS: 16 Current Frame: 32695 ETA: 0:12:56
                                         
FPS: 16 Current Frame: 32703 ETA: 0:12:55
                                         
FPS: 16 Current Frame: 32711 ETA: 0:12:55
                                         
FPS: 16 Current Frame: 32719 ETA: 0:12:54
                                         
FPS: 16 Current Frame: 32727 ETA: 0:12:54
                                         
FPS: 16 Current Frame: 32735 ETA: 0:12:53
                                         
FPS: 16 Current Frame: 32743 ETA: 0:12:53
                                         
FPS: 16 Current Frame: 32751 ETA: 0:12:52
                                         
FPS: 16 Current Frame: 32759 ETA: 0:12:52
                                         
FPS: 16 Current Frame: 32767 ETA: 0:12:51
                                         
FPS: 16 Current Frame: 32775 ETA: 0:12:51
                                         
FPS: 16 Current Frame: 32783 ETA: 0:12:50
                                         
FPS: 16 Current Frame: 32791 ETA: 0:12:50
                                         
FPS: 16 Current Frame: 32799 ETA: 0:12:49
                                         
FPS: 16 Current Frame: 32807 ETA: 0:12:49
                                         
FPS: 16 Current Frame: 32815 ETA: 0:12:48
                                         
FPS: 16 Current Frame: 32823 ETA: 0:12:48
                                         
FPS: 16 Current Frame: 32831 ETA: 0:12:47
                                         
FPS: 16 Current Frame: 32839 ETA: 0:12:47
                                         
FPS: 16 Current Frame: 32847 ETA: 0:12:46
                                         
FPS: 16 Current Frame: 32855 ETA: 0:12:46
                                         
FPS: 16 Current Frame: 32863 ETA: 0:12:45
                                         
FPS: 16 Current Frame: 32871 ETA: 0:12:45
                                         
FPS: 16 Current Frame: 32879 ETA: 0:12:44
                                         
FPS: 16 Current Frame: 32887 ETA: 0:12:44
                                         
FPS: 16 Current Frame: 32895 ETA: 0:12:43
                                         
FPS: 16 Current Frame: 32903 ETA: 0:12:43
                                         
FPS: 16 Current Frame: 32911 ETA: 0:12:42
                                         
FPS: 16 Current Frame: 32919 ETA: 0:12:42
                                         
FPS: 16 Current Frame: 32927 ETA: 0:12:41
                                         
FPS: 16 Current Frame: 32935 ETA: 0:12:41
                                         
FPS: 16 Current Frame: 32943 ETA: 0:12:40
                                         
FPS: 16 Current Frame: 32951 ETA: 0:12:40
                                         
FPS: 16 Current Frame: 32959 ETA: 0:12:39
                                         
FPS: 16 Current Frame: 32967 ETA: 0:12:39
                                         
FPS: 16 Current Frame: 32975 ETA: 0:12:38
                                         
FPS: 16 Current Frame: 32983 ETA: 0:12:38
                                         
FPS: 16 Current Frame: 32991 ETA: 0:12:37
                                         
FPS: 16 Current Frame: 32999 ETA: 0:12:37
                                         
FPS: 16 Current Frame: 33007 ETA: 0:12:36
                                         
FPS: 16 Current Frame: 33015 ETA: 0:12:36
                                         
FPS: 16 Current Frame: 33023 ETA: 0:12:35
                                         
FPS: 16 Current Frame: 33031 ETA: 0:12:35
                                         
FPS: 16 Current Frame: 33039 ETA: 0:12:34
                                         
FPS: 16 Current Frame: 33047 ETA: 0:12:34
                                         
FPS: 16 Current Frame: 33055 ETA: 0:12:33
                                         
FPS: 16 Current Frame: 33063 ETA: 0:12:33
                                         
FPS: 16 Current Frame: 33071 ETA: 0:12:32
                                         
FPS: 16 Current Frame: 33079 ETA: 0:12:32
                                         
FPS: 16 Current Frame: 33087 ETA: 0:12:31
                                         
FPS: 16 Current Frame: 33095 ETA: 0:12:31
                                         
FPS: 16 Current Frame: 33103 ETA: 0:12:30
                                         
FPS: 16 Current Frame: 33111 ETA: 0:12:30
                                         
FPS: 16 Current Frame: 33119 ETA: 0:12:29
                                         
FPS: 16 Current Frame: 33127 ETA: 0:12:29
                                         
FPS: 16 Current Frame: 33135 ETA: 0:12:28
                                         
FPS: 16 Current Frame: 33143 ETA: 0:12:28
                                         
FPS: 16 Current Frame: 33150 ETA: 0:12:27
                                         
FPS: 16 Current Frame: 33158 ETA: 0:12:27
                                         
FPS: 16 Current Frame: 33166 ETA: 0:12:26
                                         
FPS: 16 Current Frame: 33174 ETA: 0:12:26
                                         
FPS: 16 Current Frame: 33182 ETA: 0:12:25
                                         
FPS: 16 Current Frame: 33190 ETA: 0:12:25
                                         
FPS: 16 Current Frame: 33198 ETA: 0:12:24
                                         
FPS: 16 Current Frame: 33206 ETA: 0:12:24
                                         
FPS: 16 Current Frame: 33214 ETA: 0:12:23
                                         
FPS: 16 Current Frame: 33222 ETA: 0:12:23
                                         
FPS: 16 Current Frame: 33230 ETA: 0:12:22
                                         
FPS: 16 Current Frame: 33238 ETA: 0:12:22
                                         
FPS: 16 Current Frame: 33246 ETA: 0:12:21
                                         
FPS: 16 Current Frame: 33254 ETA: 0:12:21
                                         
FPS: 16 Current Frame: 33262 ETA: 0:12:20
                                         
FPS: 16 Current Frame: 33270 ETA: 0:12:20
                                         
FPS: 16 Current Frame: 33278 ETA: 0:12:19
                                         
FPS: 16 Current Frame: 33286 ETA: 0:12:19
                                         
FPS: 16 Current Frame: 33294 ETA: 0:12:18
                                         
FPS: 16 Current Frame: 33302 ETA: 0:12:18
                                         
FPS: 16 Current Frame: 33310 ETA: 0:12:17
                                         
FPS: 16 Current Frame: 33318 ETA: 0:12:17
                                         
FPS: 16 Current Frame: 33326 ETA: 0:12:16
                                         
FPS: 16 Current Frame: 33334 ETA: 0:12:16
                                         
FPS: 16 Current Frame: 33342 ETA: 0:12:15
                                         
FPS: 16 Current Frame: 33350 ETA: 0:12:15
                                         
FPS: 16 Current Frame: 33358 ETA: 0:12:14
                                         
FPS: 16 Current Frame: 33366 ETA: 0:12:14
                                         
FPS: 16 Current Frame: 33374 ETA: 0:12:13
                                         
FPS: 16 Current Frame: 33382 ETA: 0:12:13
                                         
FPS: 16 Current Frame: 33390 ETA: 0:12:12
                                         
FPS: 16 Current Frame: 33398 ETA: 0:12:12
                                         
FPS: 16 Current Frame: 33406 ETA: 0:12:11
                                         
FPS: 16 Current Frame: 33414 ETA: 0:12:11
                                         
FPS: 16 Current Frame: 33422 ETA: 0:12:10
                                         
FPS: 16 Current Frame: 33430 ETA: 0:12:10
                                         
FPS: 16 Current Frame: 33438 ETA: 0:12:09
                                         
FPS: 16 Current Frame: 33446 ETA: 0:12:09
                                         
FPS: 16 Current Frame: 33454 ETA: 0:12:08
                                         
FPS: 16 Current Frame: 33462 ETA: 0:12:08
                                         
FPS: 16 Current Frame: 33470 ETA: 0:12:07
                                         
FPS: 16 Current Frame: 33477 ETA: 0:12:07
                                         
FPS: 16 Current Frame: 33485 ETA: 0:12:06
                                         
FPS: 16 Current Frame: 33493 ETA: 0:12:06
                                         
FPS: 16 Current Frame: 33501 ETA: 0:12:05
                                         
FPS: 16 Current Frame: 33509 ETA: 0:12:05
                                         
FPS: 16 Current Frame: 33517 ETA: 0:12:04
                                         
FPS: 16 Current Frame: 33525 ETA: 0:12:04
                                         
FPS: 16 Current Frame: 33533 ETA: 0:12:03
                                         
FPS: 16 Current Frame: 33541 ETA: 0:12:03
                                         
FPS: 16 Current Frame: 33549 ETA: 0:12:02
                                         
FPS: 16 Current Frame: 33557 ETA: 0:12:02
                                         
FPS: 16 Current Frame: 33565 ETA: 0:12:01
                                         
FPS: 16 Current Frame: 33573 ETA: 0:12:01
                                         
FPS: 16 Current Frame: 33581 ETA: 0:12:00
                                         
FPS: 16 Current Frame: 33589 ETA: 0:12:00
                                         
FPS: 16 Current Frame: 33597 ETA: 0:11:59
                                         
FPS: 16 Current Frame: 33605 ETA: 0:11:59
                                         
FPS: 16 Current Frame: 33613 ETA: 0:11:58
                                         
FPS: 16 Current Frame: 33620 ETA: 0:11:58
                                         
FPS: 16 Current Frame: 33628 ETA: 0:11:57
                                         
FPS: 16 Current Frame: 33636 ETA: 0:11:57
                                         
FPS: 16 Current Frame: 33644 ETA: 0:11:56
                                         
FPS: 16 Current Frame: 33652 ETA: 0:11:56
                                         
FPS: 16 Current Frame: 33660 ETA: 0:11:55
                                         
FPS: 16 Current Frame: 33668 ETA: 0:11:55
                                         
FPS: 16 Current Frame: 33676 ETA: 0:11:54
                                         
FPS: 16 Current Frame: 33684 ETA: 0:11:54
                                         
FPS: 16 Current Frame: 33692 ETA: 0:11:53
                                         
FPS: 16 Current Frame: 33700 ETA: 0:11:53
                                         
FPS: 16 Current Frame: 33708 ETA: 0:11:52
                                         
FPS: 16 Current Frame: 33716 ETA: 0:11:52
                                         
FPS: 16 Current Frame: 33724 ETA: 0:11:51
                                         
FPS: 16 Current Frame: 33732 ETA: 0:11:51
                                         
FPS: 16 Current Frame: 33740 ETA: 0:11:50
                                         
FPS: 16 Current Frame: 33748 ETA: 0:11:50
                                         
FPS: 16 Current Frame: 33756 ETA: 0:11:49
                                         
FPS: 16 Current Frame: 33764 ETA: 0:11:49
                                         
FPS: 16 Current Frame: 33772 ETA: 0:11:48
                                         
FPS: 16 Current Frame: 33780 ETA: 0:11:48
                                         
FPS: 16 Current Frame: 33788 ETA: 0:11:47
                                         
FPS: 16 Current Frame: 33795 ETA: 0:11:47
                                         
FPS: 16 Current Frame: 33803 ETA: 0:11:46
                                         
FPS: 16 Current Frame: 33811 ETA: 0:11:46
                                         
FPS: 16 Current Frame: 33819 ETA: 0:11:45
                                         
FPS: 16 Current Frame: 33827 ETA: 0:11:45
                                         
FPS: 16 Current Frame: 33835 ETA: 0:11:44
                                         
FPS: 16 Current Frame: 33843 ETA: 0:11:44
                                         
FPS: 16 Current Frame: 33851 ETA: 0:11:43
                                         
FPS: 16 Current Frame: 33859 ETA: 0:11:43
                                         
FPS: 16 Current Frame: 33867 ETA: 0:11:42
                                         
FPS: 16 Current Frame: 33875 ETA: 0:11:42
                                         
FPS: 16 Current Frame: 33883 ETA: 0:11:41
                                         
FPS: 16 Current Frame: 33891 ETA: 0:11:41
                                         
FPS: 16 Current Frame: 33899 ETA: 0:11:40
                                         
FPS: 16 Current Frame: 33907 ETA: 0:11:40
                                         
FPS: 16 Current Frame: 33915 ETA: 0:11:39
                                         
FPS: 16 Current Frame: 33923 ETA: 0:11:39
                                         
FPS: 16 Current Frame: 33931 ETA: 0:11:38
                                         
FPS: 16 Current Frame: 33939 ETA: 0:11:38
                                         
FPS: 16 Current Frame: 33947 ETA: 0:11:37
                                         
FPS: 16 Current Frame: 33955 ETA: 0:11:37
                                         
FPS: 16 Current Frame: 33963 ETA: 0:11:36
                                         
FPS: 16 Current Frame: 33971 ETA: 0:11:36
                                         
FPS: 16 Current Frame: 33979 ETA: 0:11:35
                                         
FPS: 16 Current Frame: 33987 ETA: 0:11:35
                                         
FPS: 16 Current Frame: 33995 ETA: 0:11:34
                                         
FPS: 16 Current Frame: 34003 ETA: 0:11:34
                                         
FPS: 16 Current Frame: 34011 ETA: 0:11:33
                                         
FPS: 16 Current Frame: 34019 ETA: 0:11:33
                                         
FPS: 16 Current Frame: 34026 ETA: 0:11:33
                                         
FPS: 16 Current Frame: 34034 ETA: 0:11:32
                                         
FPS: 16 Current Frame: 34042 ETA: 0:11:32
                                         
FPS: 16 Current Frame: 34050 ETA: 0:11:31
                                         
FPS: 16 Current Frame: 34058 ETA: 0:11:31
                                         
FPS: 16 Current Frame: 34066 ETA: 0:11:30
                                         
FPS: 16 Current Frame: 34074 ETA: 0:11:30
                                         
FPS: 16 Current Frame: 34082 ETA: 0:11:29
                                         
FPS: 16 Current Frame: 34090 ETA: 0:11:29
                                         
FPS: 16 Current Frame: 34098 ETA: 0:11:28
                                         
FPS: 16 Current Frame: 34106 ETA: 0:11:28
                                         
FPS: 16 Current Frame: 34114 ETA: 0:11:27
                                         
FPS: 16 Current Frame: 34122 ETA: 0:11:27
                                         
FPS: 16 Current Frame: 34130 ETA: 0:11:26
                                         
FPS: 16 Current Frame: 34138 ETA: 0:11:26
                                         
FPS: 16 Current Frame: 34146 ETA: 0:11:25
                                         
FPS: 16 Current Frame: 34153 ETA: 0:11:25
                                         
FPS: 16 Current Frame: 34161 ETA: 0:11:24
                                         
FPS: 16 Current Frame: 34169 ETA: 0:11:24
                                         
FPS: 16 Current Frame: 34177 ETA: 0:11:23
                                         
FPS: 16 Current Frame: 34185 ETA: 0:11:23
                                         
FPS: 16 Current Frame: 34193 ETA: 0:11:22
                                         
FPS: 16 Current Frame: 34201 ETA: 0:11:22
                                         
FPS: 16 Current Frame: 34209 ETA: 0:11:21
                                         
FPS: 16 Current Frame: 34217 ETA: 0:11:21
                                         
FPS: 16 Current Frame: 34225 ETA: 0:11:20
                                         
FPS: 16 Current Frame: 34233 ETA: 0:11:20
                                         
FPS: 16 Current Frame: 34241 ETA: 0:11:19
                                         
FPS: 16 Current Frame: 34249 ETA: 0:11:19
                                         
FPS: 16 Current Frame: 34257 ETA: 0:11:18
                                         
FPS: 16 Current Frame: 34265 ETA: 0:11:18
                                         
FPS: 16 Current Frame: 34273 ETA: 0:11:17
                                         
FPS: 16 Current Frame: 34281 ETA: 0:11:17
                                         
FPS: 16 Current Frame: 34289 ETA: 0:11:16
                                         
FPS: 16 Current Frame: 34297 ETA: 0:11:16
                                         
FPS: 16 Current Frame: 34305 ETA: 0:11:15
                                         
FPS: 16 Current Frame: 34313 ETA: 0:11:15
                                         
FPS: 16 Current Frame: 34321 ETA: 0:11:14
                                         
FPS: 16 Current Frame: 34329 ETA: 0:11:14
                                         
FPS: 16 Current Frame: 34337 ETA: 0:11:13
                                         
FPS: 16 Current Frame: 34345 ETA: 0:11:13
                                         
FPS: 16 Current Frame: 34353 ETA: 0:11:12
                                         
FPS: 16 Current Frame: 34361 ETA: 0:11:12
                                         
FPS: 16 Current Frame: 34369 ETA: 0:11:11
                                         
FPS: 16 Current Frame: 34377 ETA: 0:11:11
                                         
FPS: 16 Current Frame: 34385 ETA: 0:11:10
                                         
FPS: 16 Current Frame: 34393 ETA: 0:11:10
                                         
FPS: 16 Current Frame: 34401 ETA: 0:11:09
                                         
FPS: 16 Current Frame: 34409 ETA: 0:11:09
                                         
FPS: 16 Current Frame: 34417 ETA: 0:11:08
                                         
FPS: 16 Current Frame: 34425 ETA: 0:11:08
                                         
FPS: 16 Current Frame: 34433 ETA: 0:11:07
                                         
FPS: 16 Current Frame: 34441 ETA: 0:11:07
                                         
FPS: 16 Current Frame: 34448 ETA: 0:11:06
                                         
FPS: 16 Current Frame: 34456 ETA: 0:11:06
                                         
FPS: 16 Current Frame: 34464 ETA: 0:11:05
                                         
FPS: 16 Current Frame: 34472 ETA: 0:11:05
                                         
FPS: 16 Current Frame: 34480 ETA: 0:11:04
                                         
FPS: 16 Current Frame: 34488 ETA: 0:11:04
                                         
FPS: 16 Current Frame: 34496 ETA: 0:11:03
                                         
FPS: 16 Current Frame: 34504 ETA: 0:11:03
                                         
FPS: 16 Current Frame: 34512 ETA: 0:11:02
                                         
FPS: 16 Current Frame: 34520 ETA: 0:11:02
                                         
FPS: 16 Current Frame: 34528 ETA: 0:11:01
                                         
FPS: 16 Current Frame: 34536 ETA: 0:11:01
                                         
FPS: 16 Current Frame: 34544 ETA: 0:11:00
                                         
FPS: 16 Current Frame: 34552 ETA: 0:11:00
                                         
FPS: 16 Current Frame: 34560 ETA: 0:10:59
                                         
FPS: 16 Current Frame: 34568 ETA: 0:10:59
                                         
FPS: 16 Current Frame: 34576 ETA: 0:10:58
                                         
FPS: 16 Current Frame: 34584 ETA: 0:10:58
                                         
FPS: 16 Current Frame: 34592 ETA: 0:10:57
                                         
FPS: 16 Current Frame: 34600 ETA: 0:10:57
                                         
FPS: 16 Current Frame: 34608 ETA: 0:10:56
                                         
FPS: 16 Current Frame: 34616 ETA: 0:10:56
                                         
FPS: 16 Current Frame: 34623 ETA: 0:10:55
                                         
FPS: 16 Current Frame: 34631 ETA: 0:10:55
                                         
FPS: 16 Current Frame: 34639 ETA: 0:10:54
                                         
FPS: 16 Current Frame: 34647 ETA: 0:10:54
                                         
FPS: 16 Current Frame: 34655 ETA: 0:10:53
                                         
FPS: 16 Current Frame: 34663 ETA: 0:10:53
                                         
FPS: 16 Current Frame: 34671 ETA: 0:10:52
                                         
FPS: 16 Current Frame: 34679 ETA: 0:10:52
                                         
FPS: 16 Current Frame: 34687 ETA: 0:10:51
                                         
FPS: 16 Current Frame: 34695 ETA: 0:10:51
                                         
FPS: 16 Current Frame: 34703 ETA: 0:10:50
                                         
FPS: 16 Current Frame: 34711 ETA: 0:10:50
                                         
FPS: 16 Current Frame: 34719 ETA: 0:10:49
                                         
FPS: 16 Current Frame: 34727 ETA: 0:10:49
                                         
FPS: 16 Current Frame: 34735 ETA: 0:10:48
                                         
FPS: 16 Current Frame: 34743 ETA: 0:10:48
                                         
FPS: 16 Current Frame: 34751 ETA: 0:10:47
                                         
FPS: 16 Current Frame: 34759 ETA: 0:10:47
                                         
FPS: 16 Current Frame: 34767 ETA: 0:10:46
                                         
FPS: 16 Current Frame: 34775 ETA: 0:10:46
                                         
FPS: 16 Current Frame: 34783 ETA: 0:10:45
                                         
FPS: 16 Current Frame: 34791 ETA: 0:10:45
                                         
FPS: 16 Current Frame: 34799 ETA: 0:10:44
                                         
FPS: 16 Current Frame: 34807 ETA: 0:10:44
                                         
FPS: 16 Current Frame: 34815 ETA: 0:10:43
                                         
FPS: 16 Current Frame: 34823 ETA: 0:10:43
                                         
FPS: 16 Current Frame: 34831 ETA: 0:10:42
                                         
FPS: 16 Current Frame: 34839 ETA: 0:10:42
                                         
FPS: 16 Current Frame: 34847 ETA: 0:10:41
                                         
FPS: 16 Current Frame: 34855 ETA: 0:10:41
                                         
FPS: 16 Current Frame: 34863 ETA: 0:10:40
                                         
FPS: 16 Current Frame: 34871 ETA: 0:10:40
                                         
FPS: 16 Current Frame: 34879 ETA: 0:10:39
                                         
FPS: 16 Current Frame: 34887 ETA: 0:10:39
                                         
FPS: 16 Current Frame: 34895 ETA: 0:10:38
                                         
FPS: 16 Current Frame: 34903 ETA: 0:10:38
                                         
FPS: 16 Current Frame: 34911 ETA: 0:10:37
                                         
FPS: 16 Current Frame: 34919 ETA: 0:10:37
                                         
FPS: 16 Current Frame: 34927 ETA: 0:10:36
                                         
FPS: 16 Current Frame: 34935 ETA: 0:10:36
                                         
FPS: 16 Current Frame: 34943 ETA: 0:10:35
                                         
FPS: 16 Current Frame: 34951 ETA: 0:10:35
                                         
FPS: 16 Current Frame: 34959 ETA: 0:10:34
                                         
FPS: 16 Current Frame: 34966 ETA: 0:10:34
                                         
FPS: 16 Current Frame: 34974 ETA: 0:10:33
                                         
FPS: 16 Current Frame: 34982 ETA: 0:10:33
                                         
FPS: 16 Current Frame: 34990 ETA: 0:10:32
                                         
FPS: 16 Current Frame: 34998 ETA: 0:10:32
                                         
FPS: 16 Current Frame: 35006 ETA: 0:10:31
                                         
FPS: 16 Current Frame: 35014 ETA: 0:10:31
                                         
FPS: 16 Current Frame: 35022 ETA: 0:10:30
                                         
FPS: 16 Current Frame: 35030 ETA: 0:10:30
                                         
FPS: 16 Current Frame: 35038 ETA: 0:10:29
                                         
FPS: 16 Current Frame: 35046 ETA: 0:10:29
                                         
FPS: 16 Current Frame: 35054 ETA: 0:10:28
                                         
FPS: 16 Current Frame: 35062 ETA: 0:10:28
                                         
FPS: 16 Current Frame: 35070 ETA: 0:10:27
                                         
FPS: 16 Current Frame: 35078 ETA: 0:10:27
                                         
FPS: 16 Current Frame: 35086 ETA: 0:10:26
                                         
FPS: 16 Current Frame: 35094 ETA: 0:10:26
                                         
FPS: 16 Current Frame: 35102 ETA: 0:10:25
                                         
FPS: 16 Current Frame: 35110 ETA: 0:10:25
                                         
FPS: 16 Current Frame: 35118 ETA: 0:10:24
                                         
FPS: 16 Current Frame: 35126 ETA: 0:10:24
                                         
FPS: 16 Current Frame: 35134 ETA: 0:10:23
                                         
FPS: 16 Current Frame: 35142 ETA: 0:10:23
                                         
FPS: 16 Current Frame: 35150 ETA: 0:10:22
                                         
FPS: 16 Current Frame: 35157 ETA: 0:10:22
                                         
FPS: 16 Current Frame: 35165 ETA: 0:10:21
                                         
FPS: 16 Current Frame: 35173 ETA: 0:10:21
                                         
FPS: 16 Current Frame: 35181 ETA: 0:10:20
                                         
FPS: 16 Current Frame: 35189 ETA: 0:10:20
                                         
FPS: 16 Current Frame: 35197 ETA: 0:10:19
                                         
FPS: 16 Current Frame: 35205 ETA: 0:10:19
                                         
FPS: 16 Current Frame: 35213 ETA: 0:10:18
                                         
FPS: 16 Current Frame: 35221 ETA: 0:10:18
                                         
FPS: 16 Current Frame: 35229 ETA: 0:10:17
                                         
FPS: 16 Current Frame: 35237 ETA: 0:10:17
                                         
FPS: 16 Current Frame: 35245 ETA: 0:10:16
                                         
FPS: 16 Current Frame: 35253 ETA: 0:10:16
                                         
FPS: 16 Current Frame: 35261 ETA: 0:10:15
                                         
FPS: 16 Current Frame: 35269 ETA: 0:10:15
                                         
FPS: 16 Current Frame: 35277 ETA: 0:10:14
                                         
FPS: 16 Current Frame: 35285 ETA: 0:10:14
                                         
FPS: 16 Current Frame: 35293 ETA: 0:10:13
                                         
FPS: 16 Current Frame: 35301 ETA: 0:10:13
                                         
FPS: 16 Current Frame: 35309 ETA: 0:10:12
                                         
FPS: 16 Current Frame: 35316 ETA: 0:10:12
                                         
FPS: 16 Current Frame: 35324 ETA: 0:10:11
                                         
FPS: 16 Current Frame: 35332 ETA: 0:10:11
                                         
FPS: 16 Current Frame: 35340 ETA: 0:10:10
                                         
FPS: 16 Current Frame: 35348 ETA: 0:10:10
                                         
FPS: 16 Current Frame: 35356 ETA: 0:10:09
                                         
FPS: 16 Current Frame: 35364 ETA: 0:10:09
                                         
FPS: 16 Current Frame: 35372 ETA: 0:10:08
                                         
FPS: 16 Current Frame: 35380 ETA: 0:10:08
                                         
FPS: 16 Current Frame: 35388 ETA: 0:10:07
                                         
FPS: 16 Current Frame: 35396 ETA: 0:10:07
                                         
FPS: 16 Current Frame: 35404 ETA: 0:10:06
                                         
FPS: 16 Current Frame: 35412 ETA: 0:10:06
                                         
FPS: 16 Current Frame: 35420 ETA: 0:10:05
                                         
FPS: 16 Current Frame: 35428 ETA: 0:10:05
                                         
FPS: 16 Current Frame: 35436 ETA: 0:10:04
                                         
FPS: 16 Current Frame: 35444 ETA: 0:10:04
                                         
FPS: 16 Current Frame: 35452 ETA: 0:10:03
                                         
FPS: 16 Current Frame: 35460 ETA: 0:10:03
                                         
FPS: 16 Current Frame: 35468 ETA: 0:10:02
                                         
FPS: 16 Current Frame: 35476 ETA: 0:10:02
                                         
FPS: 16 Current Frame: 35484 ETA: 0:10:01
                                         
FPS: 16 Current Frame: 35492 ETA: 0:10:01
                                         
FPS: 16 Current Frame: 35500 ETA: 0:10:00
                                         
FPS: 16 Current Frame: 35508 ETA: 0:10:00
                                         
FPS: 16 Current Frame: 35516 ETA: 0:09:59
                                         
FPS: 16 Current Frame: 35524 ETA: 0:09:59
                                         
FPS: 16 Current Frame: 35532 ETA: 0:09:58
                                         
FPS: 16 Current Frame: 35540 ETA: 0:09:58
                                         
FPS: 16 Current Frame: 35548 ETA: 0:09:57
                                         
FPS: 16 Current Frame: 35556 ETA: 0:09:57
                                         
FPS: 16 Current Frame: 35564 ETA: 0:09:56
                                         
FPS: 16 Current Frame: 35572 ETA: 0:09:56
                                         
FPS: 16 Current Frame: 35580 ETA: 0:09:55
                                         
FPS: 16 Current Frame: 35588 ETA: 0:09:55
                                         
FPS: 16 Current Frame: 35595 ETA: 0:09:54
                                         
FPS: 16 Current Frame: 35603 ETA: 0:09:54
                                         
FPS: 16 Current Frame: 35611 ETA: 0:09:53
                                         
FPS: 16 Current Frame: 35619 ETA: 0:09:53
                                         
FPS: 16 Current Frame: 35627 ETA: 0:09:52
                                         
FPS: 16 Current Frame: 35635 ETA: 0:09:52
                                         
FPS: 16 Current Frame: 35644 ETA: 0:09:51
                                         
FPS: 16 Current Frame: 35652 ETA: 0:09:51
                                         
FPS: 16 Current Frame: 35660 ETA: 0:09:50
                                         
FPS: 16 Current Frame: 35667 ETA: 0:09:50
                                         
FPS: 16 Current Frame: 35675 ETA: 0:09:49
                                         
FPS: 16 Current Frame: 35683 ETA: 0:09:49
                                         
FPS: 16 Current Frame: 35691 ETA: 0:09:48
                                         
FPS: 16 Current Frame: 35699 ETA: 0:09:48
                                         
FPS: 16 Current Frame: 35707 ETA: 0:09:47
                                         
FPS: 16 Current Frame: 35715 ETA: 0:09:47
                                         
FPS: 16 Current Frame: 35723 ETA: 0:09:46
                                         
FPS: 16 Current Frame: 35731 ETA: 0:09:46
                                         
FPS: 16 Current Frame: 35739 ETA: 0:09:45
                                         
FPS: 16 Current Frame: 35747 ETA: 0:09:45
                                         
FPS: 16 Current Frame: 35755 ETA: 0:09:44
                                         
FPS: 16 Current Frame: 35763 ETA: 0:09:44
                                         
FPS: 16 Current Frame: 35771 ETA: 0:09:43
                                         
FPS: 16 Current Frame: 35779 ETA: 0:09:43
                                         
FPS: 16 Current Frame: 35787 ETA: 0:09:42
                                         
FPS: 16 Current Frame: 35795 ETA: 0:09:42
                                         
FPS: 16 Current Frame: 35803 ETA: 0:09:41
                                         
FPS: 16 Current Frame: 35811 ETA: 0:09:41
                                         
FPS: 16 Current Frame: 35819 ETA: 0:09:40
                                         
FPS: 16 Current Frame: 35827 ETA: 0:09:40
                                         
FPS: 16 Current Frame: 35835 ETA: 0:09:39
                                         
FPS: 16 Current Frame: 35843 ETA: 0:09:39
                                         
FPS: 16 Current Frame: 35851 ETA: 0:09:38
                                         
FPS: 16 Current Frame: 35859 ETA: 0:09:38
                                         
FPS: 16 Current Frame: 35867 ETA: 0:09:37
                                         
FPS: 16 Current Frame: 35875 ETA: 0:09:37
                                         
FPS: 16 Current Frame: 35883 ETA: 0:09:36
                                         
FPS: 16 Current Frame: 35891 ETA: 0:09:36
                                         
FPS: 16 Current Frame: 35899 ETA: 0:09:35
                                         
FPS: 16 Current Frame: 35907 ETA: 0:09:35
                                         
FPS: 16 Current Frame: 35915 ETA: 0:09:34
                                         
FPS: 16 Current Frame: 35923 ETA: 0:09:34
                                         
FPS: 16 Current Frame: 35931 ETA: 0:09:33
                                         
FPS: 16 Current Frame: 35939 ETA: 0:09:33
                                         
FPS: 16 Current Frame: 35947 ETA: 0:09:32
                                         
FPS: 16 Current Frame: 35955 ETA: 0:09:32
                                         
FPS: 16 Current Frame: 35963 ETA: 0:09:31
                                         
FPS: 16 Current Frame: 35971 ETA: 0:09:31
                                         
FPS: 16 Current Frame: 35979 ETA: 0:09:30
                                         
FPS: 16 Current Frame: 35987 ETA: 0:09:30
                                         
FPS: 16 Current Frame: 35995 ETA: 0:09:29
                                         
FPS: 16 Current Frame: 36003 ETA: 0:09:29
                                         
FPS: 16 Current Frame: 36011 ETA: 0:09:28
                                         
FPS: 16 Current Frame: 36019 ETA: 0:09:28
                                         
FPS: 16 Current Frame: 36027 ETA: 0:09:27
                                         
FPS: 16 Current Frame: 36035 ETA: 0:09:27
                                         
FPS: 16 Current Frame: 36043 ETA: 0:09:26
                                         
FPS: 16 Current Frame: 36051 ETA: 0:09:26
                                         
FPS: 16 Current Frame: 36058 ETA: 0:09:25
                                         
FPS: 16 Current Frame: 36066 ETA: 0:09:25
                                         
FPS: 16 Current Frame: 36074 ETA: 0:09:24
                                         
FPS: 16 Current Frame: 36082 ETA: 0:09:24
                                         
FPS: 16 Current Frame: 36090 ETA: 0:09:23
                                         
FPS: 16 Current Frame: 36098 ETA: 0:09:23
                                         
FPS: 16 Current Frame: 36106 ETA: 0:09:22
                                         
FPS: 16 Current Frame: 36114 ETA: 0:09:22
                                         
FPS: 16 Current Frame: 36122 ETA: 0:09:21
                                         
FPS: 16 Current Frame: 36130 ETA: 0:09:21
                                         
FPS: 16 Current Frame: 36138 ETA: 0:09:20
                                         
FPS: 16 Current Frame: 36146 ETA: 0:09:20
                                         
FPS: 16 Current Frame: 36154 ETA: 0:09:19
                                         
FPS: 16 Current Frame: 36162 ETA: 0:09:19
                                         
FPS: 16 Current Frame: 36170 ETA: 0:09:18
                                         
FPS: 16 Current Frame: 36178 ETA: 0:09:18
                                         
FPS: 16 Current Frame: 36186 ETA: 0:09:17
                                         
FPS: 16 Current Frame: 36194 ETA: 0:09:17
                                         
FPS: 16 Current Frame: 36202 ETA: 0:09:16
                                         
FPS: 16 Current Frame: 36210 ETA: 0:09:16
                                         
FPS: 16 Current Frame: 36218 ETA: 0:09:15
                                         
FPS: 16 Current Frame: 36226 ETA: 0:09:15
                                         
FPS: 16 Current Frame: 36234 ETA: 0:09:14
                                         
FPS: 16 Current Frame: 36242 ETA: 0:09:14
                                         
FPS: 16 Current Frame: 36250 ETA: 0:09:13
                                         
FPS: 16 Current Frame: 36258 ETA: 0:09:13
                                         
FPS: 16 Current Frame: 36266 ETA: 0:09:12
                                         
FPS: 16 Current Frame: 36274 ETA: 0:09:12
                                         
FPS: 16 Current Frame: 36281 ETA: 0:09:12
                                         
FPS: 16 Current Frame: 36289 ETA: 0:09:11
                                         
FPS: 16 Current Frame: 36297 ETA: 0:09:11
                                         
FPS: 16 Current Frame: 36305 ETA: 0:09:10
                                         
FPS: 16 Current Frame: 36313 ETA: 0:09:10
                                         
FPS: 16 Current Frame: 36321 ETA: 0:09:09
                                         
FPS: 16 Current Frame: 36329 ETA: 0:09:09
                                         
FPS: 16 Current Frame: 36337 ETA: 0:09:08
                                         
FPS: 16 Current Frame: 36345 ETA: 0:09:08
                                         
FPS: 16 Current Frame: 36353 ETA: 0:09:07
                                         
FPS: 16 Current Frame: 36361 ETA: 0:09:07
                                         
FPS: 16 Current Frame: 36369 ETA: 0:09:06
                                         
FPS: 16 Current Frame: 36377 ETA: 0:09:06
                                         
FPS: 16 Current Frame: 36385 ETA: 0:09:05
                                         
FPS: 16 Current Frame: 36393 ETA: 0:09:05
                                         
FPS: 16 Current Frame: 36401 ETA: 0:09:04
                                         
FPS: 16 Current Frame: 36409 ETA: 0:09:04
                                         
FPS: 16 Current Frame: 36417 ETA: 0:09:03
                                         
FPS: 16 Current Frame: 36425 ETA: 0:09:03
                                         
FPS: 16 Current Frame: 36433 ETA: 0:09:02
                                         
FPS: 16 Current Frame: 36441 ETA: 0:09:02
                                         
FPS: 16 Current Frame: 36449 ETA: 0:09:01
                                         
FPS: 16 Current Frame: 36457 ETA: 0:09:00
                                         
FPS: 16 Current Frame: 36465 ETA: 0:09:00
                                         
FPS: 16 Current Frame: 36473 ETA: 0:08:59
                                         
FPS: 16 Current Frame: 36481 ETA: 0:08:59
                                         
FPS: 16 Current Frame: 36489 ETA: 0:08:58
                                         
FPS: 16 Current Frame: 36497 ETA: 0:08:58
                                         
FPS: 16 Current Frame: 36505 ETA: 0:08:57
                                         
FPS: 16 Current Frame: 36512 ETA: 0:08:57
                                         
FPS: 16 Current Frame: 36520 ETA: 0:08:57
                                         
FPS: 16 Current Frame: 36528 ETA: 0:08:56
                                         
FPS: 16 Current Frame: 36537 ETA: 0:08:55
                                         
FPS: 16 Current Frame: 36544 ETA: 0:08:55
                                         
FPS: 16 Current Frame: 36553 ETA: 0:08:54
                                         
FPS: 16 Current Frame: 36561 ETA: 0:08:54
                                         
FPS: 16 Current Frame: 36569 ETA: 0:08:53
                                         
FPS: 16 Current Frame: 36576 ETA: 0:08:53
                                         
FPS: 16 Current Frame: 36584 ETA: 0:08:53
                                         
FPS: 16 Current Frame: 36592 ETA: 0:08:52
                                         
FPS: 16 Current Frame: 36600 ETA: 0:08:52
                                         
FPS: 16 Current Frame: 36608 ETA: 0:08:51
                                         
FPS: 16 Current Frame: 36616 ETA: 0:08:51
                                         
FPS: 16 Current Frame: 36624 ETA: 0:08:50
                                         
FPS: 16 Current Frame: 36632 ETA: 0:08:50
                                         
FPS: 16 Current Frame: 36640 ETA: 0:08:49
                                         
FPS: 16 Current Frame: 36648 ETA: 0:08:49
                                         
FPS: 16 Current Frame: 36656 ETA: 0:08:48
                                         
FPS: 16 Current Frame: 36665 ETA: 0:08:47
                                         
FPS: 16 Current Frame: 36673 ETA: 0:08:47
                                         
FPS: 16 Current Frame: 36681 ETA: 0:08:46
                                         
FPS: 16 Current Frame: 36689 ETA: 0:08:46
                                         
FPS: 16 Current Frame: 36697 ETA: 0:08:45
                                         
FPS: 16 Current Frame: 36705 ETA: 0:08:45
                                         
FPS: 16 Current Frame: 36713 ETA: 0:08:44
                                         
FPS: 16 Current Frame: 36721 ETA: 0:08:44
                                         
FPS: 16 Current Frame: 36728 ETA: 0:08:44
                                         
FPS: 16 Current Frame: 36736 ETA: 0:08:43
                                         
FPS: 16 Current Frame: 36744 ETA: 0:08:43
                                         
FPS: 16 Current Frame: 36752 ETA: 0:08:42
                                         
FPS: 16 Current Frame: 36760 ETA: 0:08:42
                                         
FPS: 16 Current Frame: 36768 ETA: 0:08:41
                                         
FPS: 16 Current Frame: 36776 ETA: 0:08:41
                                         
FPS: 16 Current Frame: 36784 ETA: 0:08:40
                                         
FPS: 16 Current Frame: 36792 ETA: 0:08:40
                                         
FPS: 16 Current Frame: 36800 ETA: 0:08:39
                                         
FPS: 16 Current Frame: 36808 ETA: 0:08:39
                                         
FPS: 16 Current Frame: 36816 ETA: 0:08:38
                                         
FPS: 16 Current Frame: 36824 ETA: 0:08:38
                                         
FPS: 16 Current Frame: 36832 ETA: 0:08:37
                                         
FPS: 16 Current Frame: 36840 ETA: 0:08:37
                                         
FPS: 16 Current Frame: 36848 ETA: 0:08:36
                                         
FPS: 16 Current Frame: 36856 ETA: 0:08:36
                                         
FPS: 16 Current Frame: 36864 ETA: 0:08:35
                                         
FPS: 16 Current Frame: 36872 ETA: 0:08:35
                                         
FPS: 16 Current Frame: 36880 ETA: 0:08:34
                                         
FPS: 16 Current Frame: 36888 ETA: 0:08:34
                                         
FPS: 16 Current Frame: 36896 ETA: 0:08:33
                                         
FPS: 16 Current Frame: 36904 ETA: 0:08:33
                                         
FPS: 16 Current Frame: 36912 ETA: 0:08:32
                                         
FPS: 16 Current Frame: 36920 ETA: 0:08:32
                                         
FPS: 16 Current Frame: 36928 ETA: 0:08:31
                                         
FPS: 16 Current Frame: 36936 ETA: 0:08:31
                                         
FPS: 16 Current Frame: 36944 ETA: 0:08:30
                                         
FPS: 16 Current Frame: 36952 ETA: 0:08:30
                                         
FPS: 16 Current Frame: 36960 ETA: 0:08:29
                                         
FPS: 16 Current Frame: 36968 ETA: 0:08:29
                                         
FPS: 16 Current Frame: 36976 ETA: 0:08:28
                                         
FPS: 16 Current Frame: 36984 ETA: 0:08:28
                                         
FPS: 16 Current Frame: 36992 ETA: 0:08:27
                                         
FPS: 16 Current Frame: 37000 ETA: 0:08:27
                                         
FPS: 16 Current Frame: 37008 ETA: 0:08:26
                                         
FPS: 16 Current Frame: 37016 ETA: 0:08:26
                                         
FPS: 16 Current Frame: 37024 ETA: 0:08:25
                                         
FPS: 16 Current Frame: 37032 ETA: 0:08:25
                                         
FPS: 16 Current Frame: 37040 ETA: 0:08:24
                                         
FPS: 16 Current Frame: 37048 ETA: 0:08:24
                                         
FPS: 16 Current Frame: 37056 ETA: 0:08:23
                                         
FPS: 16 Current Frame: 37064 ETA: 0:08:23
                                         
FPS: 16 Current Frame: 37072 ETA: 0:08:22
                                         
FPS: 16 Current Frame: 37080 ETA: 0:08:22
                                         
FPS: 16 Current Frame: 37088 ETA: 0:08:21
                                         
FPS: 16 Current Frame: 37096 ETA: 0:08:20
                                         
FPS: 16 Current Frame: 37104 ETA: 0:08:20
                                         
FPS: 16 Current Frame: 37112 ETA: 0:08:19
                                         
FPS: 16 Current Frame: 37120 ETA: 0:08:19
                                         
FPS: 16 Current Frame: 37128 ETA: 0:08:18
                                         
FPS: 16 Current Frame: 37136 ETA: 0:08:18
                                         
FPS: 16 Current Frame: 37144 ETA: 0:08:17
                                         
FPS: 16 Current Frame: 37152 ETA: 0:08:17
                                         
FPS: 16 Current Frame: 37160 ETA: 0:08:16
                                         
FPS: 16 Current Frame: 37168 ETA: 0:08:16
                                         
FPS: 16 Current Frame: 37176 ETA: 0:08:15
                                         
FPS: 16 Current Frame: 37183 ETA: 0:08:15
                                         
FPS: 16 Current Frame: 37191 ETA: 0:08:15
                                         
FPS: 16 Current Frame: 37200 ETA: 0:08:14
                                         
FPS: 16 Current Frame: 37208 ETA: 0:08:13
                                         
FPS: 16 Current Frame: 37215 ETA: 0:08:13
                                         
FPS: 16 Current Frame: 37223 ETA: 0:08:13
                                         
FPS: 16 Current Frame: 37231 ETA: 0:08:12
                                         
FPS: 16 Current Frame: 37239 ETA: 0:08:12
                                         
FPS: 16 Current Frame: 37247 ETA: 0:08:11
                                         
FPS: 16 Current Frame: 37255 ETA: 0:08:11
                                         
FPS: 16 Current Frame: 37263 ETA: 0:08:10
                                         
FPS: 16 Current Frame: 37271 ETA: 0:08:10
                                         
FPS: 16 Current Frame: 37279 ETA: 0:08:09
                                         
FPS: 16 Current Frame: 37287 ETA: 0:08:09
                                         
FPS: 16 Current Frame: 37295 ETA: 0:08:08
                                         
FPS: 16 Current Frame: 37303 ETA: 0:08:08
                                         
FPS: 16 Current Frame: 37311 ETA: 0:08:07
                                         
FPS: 16 Current Frame: 37319 ETA: 0:08:07
                                         
FPS: 16 Current Frame: 37327 ETA: 0:08:06
                                         
FPS: 16 Current Frame: 37335 ETA: 0:08:06
                                         
FPS: 16 Current Frame: 37343 ETA: 0:08:05
                                         
FPS: 16 Current Frame: 37351 ETA: 0:08:05
                                         
FPS: 16 Current Frame: 37359 ETA: 0:08:04
                                         
FPS: 16 Current Frame: 37367 ETA: 0:08:04
                                         
FPS: 16 Current Frame: 37375 ETA: 0:08:03
                                         
FPS: 16 Current Frame: 37383 ETA: 0:08:03
                                         
FPS: 16 Current Frame: 37391 ETA: 0:08:02
                                         
FPS: 16 Current Frame: 37399 ETA: 0:08:02
                                         
FPS: 16 Current Frame: 37407 ETA: 0:08:01
                                         
FPS: 16 Current Frame: 37415 ETA: 0:08:01
                                         
FPS: 16 Current Frame: 37423 ETA: 0:08:00
                                         
FPS: 16 Current Frame: 37431 ETA: 0:08:00
                                         
FPS: 16 Current Frame: 37439 ETA: 0:07:59
                                         
FPS: 16 Current Frame: 37446 ETA: 0:07:59
                                         
FPS: 16 Current Frame: 37454 ETA: 0:07:58
                                         
FPS: 16 Current Frame: 37462 ETA: 0:07:58
                                         
FPS: 16 Current Frame: 37470 ETA: 0:07:57
                                         
FPS: 16 Current Frame: 37478 ETA: 0:07:57
                                         
FPS: 16 Current Frame: 37486 ETA: 0:07:56
                                         
FPS: 16 Current Frame: 37494 ETA: 0:07:56
                                         
FPS: 16 Current Frame: 37502 ETA: 0:07:55
                                         
FPS: 16 Current Frame: 37510 ETA: 0:07:55
                                         
FPS: 16 Current Frame: 37518 ETA: 0:07:54
                                         
FPS: 16 Current Frame: 37526 ETA: 0:07:54
                                         
FPS: 16 Current Frame: 37534 ETA: 0:07:53
                                         
FPS: 16 Current Frame: 37542 ETA: 0:07:53
                                         
FPS: 16 Current Frame: 37549 ETA: 0:07:52
                                         
FPS: 16 Current Frame: 37557 ETA: 0:07:52
                                         
FPS: 16 Current Frame: 37565 ETA: 0:07:51
                                         
FPS: 16 Current Frame: 37573 ETA: 0:07:51
                                         
FPS: 16 Current Frame: 37581 ETA: 0:07:50
                                         
FPS: 16 Current Frame: 37589 ETA: 0:07:50
                                         
FPS: 16 Current Frame: 37597 ETA: 0:07:49
                                         
FPS: 16 Current Frame: 37605 ETA: 0:07:49
                                         
FPS: 16 Current Frame: 37613 ETA: 0:07:48
                                         
FPS: 16 Current Frame: 37621 ETA: 0:07:48
                                         
FPS: 16 Current Frame: 37629 ETA: 0:07:47
                                         
FPS: 16 Current Frame: 37637 ETA: 0:07:47
                                         
FPS: 16 Current Frame: 37645 ETA: 0:07:46
                                         
FPS: 16 Current Frame: 37653 ETA: 0:07:46
                                         
FPS: 16 Current Frame: 37661 ETA: 0:07:45
                                         
FPS: 16 Current Frame: 37669 ETA: 0:07:45
                                         
FPS: 16 Current Frame: 37677 ETA: 0:07:44
                                         
FPS: 16 Current Frame: 37685 ETA: 0:07:44
                                         
FPS: 16 Current Frame: 37692 ETA: 0:07:43
                                         
FPS: 16 Current Frame: 37700 ETA: 0:07:43
                                         
FPS: 16 Current Frame: 37708 ETA: 0:07:42
                                         
FPS: 16 Current Frame: 37716 ETA: 0:07:42
                                         
FPS: 16 Current Frame: 37724 ETA: 0:07:41
                                         
FPS: 16 Current Frame: 37732 ETA: 0:07:41
                                         
FPS: 16 Current Frame: 37740 ETA: 0:07:40
                                         
FPS: 16 Current Frame: 37748 ETA: 0:07:40
                                         
FPS: 16 Current Frame: 37756 ETA: 0:07:39
                                         
FPS: 16 Current Frame: 37764 ETA: 0:07:39
                                         
FPS: 16 Current Frame: 37772 ETA: 0:07:38
                                         
FPS: 16 Current Frame: 37780 ETA: 0:07:38
                                         
FPS: 16 Current Frame: 37788 ETA: 0:07:37
                                         
FPS: 16 Current Frame: 37796 ETA: 0:07:37
                                         
FPS: 16 Current Frame: 37804 ETA: 0:07:36
                                         
FPS: 16 Current Frame: 37812 ETA: 0:07:36
                                         
FPS: 16 Current Frame: 37820 ETA: 0:07:35
                                         
FPS: 16 Current Frame: 37828 ETA: 0:07:35
                                         
FPS: 16 Current Frame: 37836 ETA: 0:07:34
                                         
FPS: 16 Current Frame: 37844 ETA: 0:07:34
                                         
FPS: 16 Current Frame: 37852 ETA: 0:07:33
                                         
FPS: 16 Current Frame: 37860 ETA: 0:07:33
                                         
FPS: 16 Current Frame: 37868 ETA: 0:07:32
                                         
FPS: 16 Current Frame: 37876 ETA: 0:07:32
                                         
FPS: 16 Current Frame: 37884 ETA: 0:07:31
                                         
FPS: 16 Current Frame: 37892 ETA: 0:07:31
                                         
FPS: 16 Current Frame: 37900 ETA: 0:07:30
                                         
FPS: 16 Current Frame: 37907 ETA: 0:07:30
                                         
FPS: 16 Current Frame: 37915 ETA: 0:07:29
                                         
FPS: 16 Current Frame: 37923 ETA: 0:07:29
                                         
FPS: 16 Current Frame: 37931 ETA: 0:07:28
                                         
FPS: 16 Current Frame: 37939 ETA: 0:07:28
                                         
FPS: 16 Current Frame: 37947 ETA: 0:07:27
                                         
FPS: 16 Current Frame: 37955 ETA: 0:07:27
                                         
FPS: 16 Current Frame: 37963 ETA: 0:07:26
                                         
FPS: 16 Current Frame: 37971 ETA: 0:07:26
                                         
FPS: 16 Current Frame: 37979 ETA: 0:07:25
                                         
FPS: 16 Current Frame: 37987 ETA: 0:07:25
                                         
FPS: 16 Current Frame: 37995 ETA: 0:07:24
                                         
FPS: 16 Current Frame: 38003 ETA: 0:07:24
                                         
FPS: 16 Current Frame: 38011 ETA: 0:07:23
                                         
FPS: 16 Current Frame: 38019 ETA: 0:07:23
                                         
FPS: 16 Current Frame: 38027 ETA: 0:07:22
                                         
FPS: 16 Current Frame: 38035 ETA: 0:07:22
                                         
FPS: 16 Current Frame: 38043 ETA: 0:07:21
                                         
FPS: 16 Current Frame: 38051 ETA: 0:07:21
                                         
FPS: 16 Current Frame: 38059 ETA: 0:07:20
                                         
FPS: 16 Current Frame: 38067 ETA: 0:07:20
                                         
FPS: 16 Current Frame: 38075 ETA: 0:07:19
                                         
FPS: 16 Current Frame: 38083 ETA: 0:07:19
                                         
FPS: 16 Current Frame: 38091 ETA: 0:07:18
                                         
FPS: 16 Current Frame: 38099 ETA: 0:07:18
                                         
FPS: 16 Current Frame: 38107 ETA: 0:07:17
                                         
FPS: 16 Current Frame: 38115 ETA: 0:07:17
                                         
FPS: 16 Current Frame: 38123 ETA: 0:07:16
                                         
FPS: 16 Current Frame: 38131 ETA: 0:07:16
                                         
FPS: 16 Current Frame: 38139 ETA: 0:07:15
                                         
FPS: 16 Current Frame: 38147 ETA: 0:07:15
                                         
FPS: 16 Current Frame: 38155 ETA: 0:07:14
                                         
FPS: 16 Current Frame: 38163 ETA: 0:07:14
                                         
FPS: 16 Current Frame: 38171 ETA: 0:07:13
                                         
FPS: 16 Current Frame: 38179 ETA: 0:07:13
                                         
FPS: 16 Current Frame: 38187 ETA: 0:07:12
                                         
FPS: 16 Current Frame: 38195 ETA: 0:07:12
                                         
FPS: 16 Current Frame: 38203 ETA: 0:07:11
                                         
FPS: 16 Current Frame: 38211 ETA: 0:07:11
                                         
FPS: 16 Current Frame: 38219 ETA: 0:07:10
                                         
FPS: 16 Current Frame: 38227 ETA: 0:07:10
                                         
FPS: 16 Current Frame: 38234 ETA: 0:07:09
                                         
FPS: 16 Current Frame: 38242 ETA: 0:07:09
                                         
FPS: 16 Current Frame: 38251 ETA: 0:07:08
                                         
FPS: 16 Current Frame: 38259 ETA: 0:07:08
                                         
FPS: 16 Current Frame: 38267 ETA: 0:07:07
                                         
FPS: 16 Current Frame: 38275 ETA: 0:07:07
                                         
FPS: 16 Current Frame: 38283 ETA: 0:07:06
                                         
FPS: 16 Current Frame: 38291 ETA: 0:07:06
                                         
FPS: 16 Current Frame: 38299 ETA: 0:07:05
                                         
FPS: 16 Current Frame: 38307 ETA: 0:07:05
                                         
FPS: 16 Current Frame: 38315 ETA: 0:07:04
                                         
FPS: 16 Current Frame: 38323 ETA: 0:07:04
                                         
FPS: 16 Current Frame: 38331 ETA: 0:07:03
                                         
FPS: 16 Current Frame: 38339 ETA: 0:07:03
                                         
FPS: 16 Current Frame: 38347 ETA: 0:07:02
                                         
FPS: 16 Current Frame: 38355 ETA: 0:07:02
                                         
FPS: 16 Current Frame: 38363 ETA: 0:07:01
                                         
FPS: 16 Current Frame: 38371 ETA: 0:07:01
                                         
FPS: 16 Current Frame: 38379 ETA: 0:07:00
                                         
FPS: 16 Current Frame: 38387 ETA: 0:07:00
                                         
FPS: 16 Current Frame: 38395 ETA: 0:06:59
                                         
FPS: 16 Current Frame: 38403 ETA: 0:06:59
                                         
FPS: 16 Current Frame: 38411 ETA: 0:06:58
                                         
FPS: 16 Current Frame: 38419 ETA: 0:06:58
                                         
FPS: 16 Current Frame: 38427 ETA: 0:06:57
                                         
FPS: 16 Current Frame: 38435 ETA: 0:06:57
                                         
FPS: 16 Current Frame: 38443 ETA: 0:06:56
                                         
FPS: 16 Current Frame: 38451 ETA: 0:06:56
                                         
FPS: 16 Current Frame: 38459 ETA: 0:06:55
                                         
FPS: 16 Current Frame: 38467 ETA: 0:06:55
                                         
FPS: 16 Current Frame: 38475 ETA: 0:06:54
                                         
FPS: 16 Current Frame: 38483 ETA: 0:06:54
                                         
FPS: 16 Current Frame: 38491 ETA: 0:06:53
                                         
FPS: 16 Current Frame: 38499 ETA: 0:06:53
                                         
FPS: 16 Current Frame: 38507 ETA: 0:06:52
                                         
FPS: 16 Current Frame: 38515 ETA: 0:06:52
                                         
FPS: 16 Current Frame: 38523 ETA: 0:06:51
                                         
FPS: 16 Current Frame: 38531 ETA: 0:06:51
                                         
FPS: 16 Current Frame: 38539 ETA: 0:06:50
                                         
FPS: 16 Current Frame: 38547 ETA: 0:06:50
                                         
FPS: 16 Current Frame: 38555 ETA: 0:06:49
                                         
FPS: 16 Current Frame: 38563 ETA: 0:06:49
                                         
FPS: 16 Current Frame: 38572 ETA: 0:06:48
                                         
FPS: 16 Current Frame: 38580 ETA: 0:06:48
                                         
FPS: 16 Current Frame: 38588 ETA: 0:06:47
                                         
FPS: 16 Current Frame: 38596 ETA: 0:06:47
                                         
FPS: 16 Current Frame: 38604 ETA: 0:06:46
                                         
FPS: 16 Current Frame: 38612 ETA: 0:06:46
                                         
FPS: 16 Current Frame: 38620 ETA: 0:06:45
                                         
FPS: 16 Current Frame: 38628 ETA: 0:06:45
                                         
FPS: 16 Current Frame: 38635 ETA: 0:06:44
                                         
FPS: 16 Current Frame: 38643 ETA: 0:06:44
                                         
FPS: 16 Current Frame: 38651 ETA: 0:06:43
                                         
FPS: 16 Current Frame: 38659 ETA: 0:06:43
                                         
FPS: 16 Current Frame: 38667 ETA: 0:06:42
                                         
FPS: 16 Current Frame: 38675 ETA: 0:06:42
                                         
FPS: 16 Current Frame: 38683 ETA: 0:06:41
                                         
FPS: 16 Current Frame: 38691 ETA: 0:06:41
                                         
FPS: 16 Current Frame: 38699 ETA: 0:06:40
                                         
FPS: 16 Current Frame: 38707 ETA: 0:06:40
                                         
FPS: 16 Current Frame: 38715 ETA: 0:06:39
                                         
FPS: 16 Current Frame: 38723 ETA: 0:06:39
                                         
FPS: 16 Current Frame: 38731 ETA: 0:06:38
                                         
FPS: 16 Current Frame: 38739 ETA: 0:06:38
                                         
FPS: 16 Current Frame: 38747 ETA: 0:06:37
                                         
FPS: 16 Current Frame: 38754 ETA: 0:06:37
                                         
FPS: 16 Current Frame: 38762 ETA: 0:06:36
                                         
FPS: 16 Current Frame: 38770 ETA: 0:06:36
                                         
FPS: 16 Current Frame: 38778 ETA: 0:06:35
                                         
FPS: 16 Current Frame: 38786 ETA: 0:06:35
                                         
FPS: 16 Current Frame: 38794 ETA: 0:06:34
                                         
FPS: 16 Current Frame: 38802 ETA: 0:06:34
                                         
FPS: 16 Current Frame: 38810 ETA: 0:06:33
                                         
FPS: 16 Current Frame: 38818 ETA: 0:06:33
                                         
FPS: 16 Current Frame: 38826 ETA: 0:06:32
                                         
FPS: 16 Current Frame: 38834 ETA: 0:06:32
                                         
FPS: 16 Current Frame: 38842 ETA: 0:06:31
                                         
FPS: 16 Current Frame: 38850 ETA: 0:06:31
                                         
FPS: 16 Current Frame: 38858 ETA: 0:06:30
                                         
FPS: 16 Current Frame: 38866 ETA: 0:06:30
                                         
FPS: 16 Current Frame: 38874 ETA: 0:06:29
                                         
FPS: 16 Current Frame: 38882 ETA: 0:06:29
                                         
FPS: 16 Current Frame: 38890 ETA: 0:06:28
                                         
FPS: 16 Current Frame: 38898 ETA: 0:06:28
                                         
FPS: 16 Current Frame: 38906 ETA: 0:06:27
                                         
FPS: 16 Current Frame: 38914 ETA: 0:06:27
                                         
FPS: 16 Current Frame: 38922 ETA: 0:06:26
                                         
FPS: 16 Current Frame: 38930 ETA: 0:06:26
                                         
FPS: 16 Current Frame: 38938 ETA: 0:06:25
                                         
FPS: 16 Current Frame: 38946 ETA: 0:06:25
                                         
FPS: 16 Current Frame: 38954 ETA: 0:06:24
                                         
FPS: 16 Current Frame: 38962 ETA: 0:06:24
                                         
FPS: 16 Current Frame: 38970 ETA: 0:06:23
                                         
FPS: 16 Current Frame: 38978 ETA: 0:06:23
                                         
FPS: 16 Current Frame: 38986 ETA: 0:06:22
                                         
FPS: 16 Current Frame: 38994 ETA: 0:06:22
                                         
FPS: 16 Current Frame: 39002 ETA: 0:06:21
                                         
FPS: 16 Current Frame: 39010 ETA: 0:06:21
                                         
FPS: 16 Current Frame: 39018 ETA: 0:06:20
                                         
FPS: 16 Current Frame: 39026 ETA: 0:06:20
                                         
FPS: 16 Current Frame: 39034 ETA: 0:06:19
                                         
FPS: 16 Current Frame: 39042 ETA: 0:06:19
                                         
FPS: 16 Current Frame: 39050 ETA: 0:06:18
                                         
FPS: 16 Current Frame: 39058 ETA: 0:06:18
                                         
FPS: 16 Current Frame: 39066 ETA: 0:06:17
                                         
FPS: 16 Current Frame: 39074 ETA: 0:06:17
                                         
FPS: 16 Current Frame: 39082 ETA: 0:06:16
                                         
FPS: 16 Current Frame: 39090 ETA: 0:06:16
                                         
FPS: 16 Current Frame: 39098 ETA: 0:06:15
                                         
FPS: 16 Current Frame: 39106 ETA: 0:06:15
                                         
FPS: 16 Current Frame: 39114 ETA: 0:06:14
                                         
FPS: 16 Current Frame: 39122 ETA: 0:06:14
                                         
FPS: 16 Current Frame: 39130 ETA: 0:06:13
                                         
FPS: 16 Current Frame: 39138 ETA: 0:06:13
                                         
FPS: 16 Current Frame: 39146 ETA: 0:06:12
                                         
FPS: 16 Current Frame: 39154 ETA: 0:06:12
                                         
FPS: 16 Current Frame: 39162 ETA: 0:06:11
                                         
FPS: 16 Current Frame: 39169 ETA: 0:06:11
                                         
FPS: 16 Current Frame: 39177 ETA: 0:06:10
                                         
FPS: 16 Current Frame: 39185 ETA: 0:06:10
                                         
FPS: 16 Current Frame: 39193 ETA: 0:06:09
                                         
FPS: 16 Current Frame: 39201 ETA: 0:06:09
                                         
FPS: 16 Current Frame: 39209 ETA: 0:06:08
                                         
FPS: 16 Current Frame: 39217 ETA: 0:06:08
                                         
FPS: 16 Current Frame: 39225 ETA: 0:06:07
                                         
FPS: 16 Current Frame: 39233 ETA: 0:06:07
                                         
FPS: 16 Current Frame: 39241 ETA: 0:06:06
                                         
FPS: 16 Current Frame: 39249 ETA: 0:06:06
                                         
FPS: 16 Current Frame: 39257 ETA: 0:06:05
                                         
FPS: 16 Current Frame: 39265 ETA: 0:06:05
                                         
FPS: 16 Current Frame: 39273 ETA: 0:06:04
                                         
FPS: 16 Current Frame: 39281 ETA: 0:06:04
                                         
FPS: 16 Current Frame: 39289 ETA: 0:06:03
                                         
FPS: 16 Current Frame: 39297 ETA: 0:06:03
                                         
FPS: 16 Current Frame: 39305 ETA: 0:06:02
                                         
FPS: 16 Current Frame: 39313 ETA: 0:06:02
                                         
FPS: 16 Current Frame: 39321 ETA: 0:06:01
                                         
FPS: 16 Current Frame: 39329 ETA: 0:06:01
                                         
FPS: 16 Current Frame: 39337 ETA: 0:06:00
                                         
FPS: 16 Current Frame: 39345 ETA: 0:06:00
                                         
FPS: 16 Current Frame: 39353 ETA: 0:05:59
                                         
FPS: 16 Current Frame: 39361 ETA: 0:05:59
                                         
FPS: 16 Current Frame: 39369 ETA: 0:05:58
                                         
FPS: 16 Current Frame: 39377 ETA: 0:05:58
                                         
FPS: 16 Current Frame: 39385 ETA: 0:05:57
                                         
FPS: 16 Current Frame: 39393 ETA: 0:05:57
                                         
FPS: 16 Current Frame: 39401 ETA: 0:05:56
                                         
FPS: 16 Current Frame: 39409 ETA: 0:05:56
                                         
FPS: 16 Current Frame: 39417 ETA: 0:05:55
                                         
FPS: 16 Current Frame: 39425 ETA: 0:05:55
                                         
FPS: 16 Current Frame: 39432 ETA: 0:05:54
                                         
FPS: 16 Current Frame: 39440 ETA: 0:05:54
                                         
FPS: 16 Current Frame: 39448 ETA: 0:05:53
                                         
FPS: 16 Current Frame: 39456 ETA: 0:05:53
                                         
FPS: 16 Current Frame: 39464 ETA: 0:05:52
                                         
FPS: 16 Current Frame: 39472 ETA: 0:05:52
                                         
FPS: 16 Current Frame: 39480 ETA: 0:05:51
                                         
FPS: 16 Current Frame: 39488 ETA: 0:05:51
                                         
FPS: 16 Current Frame: 39496 ETA: 0:05:50
                                         
FPS: 16 Current Frame: 39504 ETA: 0:05:50
                                         
FPS: 16 Current Frame: 39512 ETA: 0:05:49
                                         
FPS: 16 Current Frame: 39520 ETA: 0:05:49
                                         
FPS: 16 Current Frame: 39528 ETA: 0:05:48
                                         
FPS: 16 Current Frame: 39536 ETA: 0:05:48
                                         
FPS: 16 Current Frame: 39544 ETA: 0:05:47
                                         
FPS: 16 Current Frame: 39552 ETA: 0:05:47
                                         
FPS: 16 Current Frame: 39560 ETA: 0:05:46
                                         
FPS: 16 Current Frame: 39568 ETA: 0:05:46
                                         
FPS: 16 Current Frame: 39576 ETA: 0:05:45
                                         
FPS: 16 Current Frame: 39584 ETA: 0:05:45
                                         
FPS: 16 Current Frame: 39592 ETA: 0:05:44
                                         
FPS: 16 Current Frame: 39600 ETA: 0:05:44
                                         
FPS: 16 Current Frame: 39608 ETA: 0:05:43
                                         
FPS: 16 Current Frame: 39615 ETA: 0:05:43
                                         
FPS: 16 Current Frame: 39623 ETA: 0:05:42
                                         
FPS: 16 Current Frame: 39631 ETA: 0:05:42
                                         
FPS: 16 Current Frame: 39639 ETA: 0:05:41
                                         
FPS: 16 Current Frame: 39647 ETA: 0:05:41
                                         
FPS: 16 Current Frame: 39655 ETA: 0:05:40
                                         
FPS: 16 Current Frame: 39663 ETA: 0:05:40
                                         
FPS: 16 Current Frame: 39671 ETA: 0:05:39
                                         
FPS: 16 Current Frame: 39679 ETA: 0:05:39
                                         
FPS: 16 Current Frame: 39687 ETA: 0:05:38
                                         
FPS: 16 Current Frame: 39695 ETA: 0:05:38
                                         
FPS: 16 Current Frame: 39703 ETA: 0:05:37
                                         
FPS: 16 Current Frame: 39711 ETA: 0:05:37
                                         
FPS: 16 Current Frame: 39719 ETA: 0:05:36
                                         
FPS: 16 Current Frame: 39727 ETA: 0:05:36
                                         
FPS: 16 Current Frame: 39735 ETA: 0:05:35
                                         
FPS: 16 Current Frame: 39743 ETA: 0:05:35
                                         
FPS: 16 Current Frame: 39751 ETA: 0:05:34
                                         
FPS: 16 Current Frame: 39759 ETA: 0:05:34
                                         
FPS: 16 Current Frame: 39767 ETA: 0:05:33
                                         
FPS: 16 Current Frame: 39775 ETA: 0:05:33
                                         
FPS: 16 Current Frame: 39783 ETA: 0:05:32
                                         
FPS: 16 Current Frame: 39791 ETA: 0:05:32
                                         
FPS: 16 Current Frame: 39799 ETA: 0:05:31
                                         
FPS: 16 Current Frame: 39807 ETA: 0:05:31
                                         
FPS: 16 Current Frame: 39815 ETA: 0:05:30
                                         
FPS: 16 Current Frame: 39823 ETA: 0:05:30
                                         
FPS: 16 Current Frame: 39831 ETA: 0:05:29
                                         
FPS: 16 Current Frame: 39839 ETA: 0:05:29
                                         
FPS: 16 Current Frame: 39847 ETA: 0:05:28
                                         
FPS: 16 Current Frame: 39855 ETA: 0:05:28
                                         
FPS: 16 Current Frame: 39863 ETA: 0:05:27
                                         
FPS: 16 Current Frame: 39870 ETA: 0:05:27
                                         
FPS: 16 Current Frame: 39878 ETA: 0:05:26
                                         
FPS: 16 Current Frame: 39886 ETA: 0:05:26
                                         
FPS: 16 Current Frame: 39894 ETA: 0:05:25
                                         
FPS: 16 Current Frame: 39902 ETA: 0:05:25
                                         
FPS: 16 Current Frame: 39910 ETA: 0:05:24
                                         
FPS: 16 Current Frame: 39918 ETA: 0:05:24
                                         
FPS: 16 Current Frame: 39926 ETA: 0:05:23
                                         
FPS: 16 Current Frame: 39934 ETA: 0:05:23
                                         
FPS: 16 Current Frame: 39942 ETA: 0:05:22
                                         
FPS: 16 Current Frame: 39950 ETA: 0:05:22
                                         
FPS: 16 Current Frame: 39958 ETA: 0:05:21
                                         
FPS: 16 Current Frame: 39966 ETA: 0:05:21
                                         
FPS: 16 Current Frame: 39974 ETA: 0:05:20
                                         
FPS: 16 Current Frame: 39982 ETA: 0:05:20
                                         
FPS: 16 Current Frame: 39990 ETA: 0:05:19
                                         
FPS: 16 Current Frame: 39997 ETA: 0:05:19
                                         
FPS: 16 Current Frame: 40005 ETA: 0:05:18
                                         
FPS: 16 Current Frame: 40013 ETA: 0:05:18
                                         
FPS: 16 Current Frame: 40021 ETA: 0:05:17
                                         
FPS: 16 Current Frame: 40029 ETA: 0:05:17
                                         
FPS: 16 Current Frame: 40037 ETA: 0:05:16
                                         
FPS: 16 Current Frame: 40045 ETA: 0:05:16
                                         
FPS: 16 Current Frame: 40053 ETA: 0:05:15
                                         
FPS: 16 Current Frame: 40061 ETA: 0:05:15
                                         
FPS: 16 Current Frame: 40069 ETA: 0:05:14
                                         
FPS: 16 Current Frame: 40077 ETA: 0:05:14
                                         
FPS: 16 Current Frame: 40085 ETA: 0:05:13
                                         
FPS: 16 Current Frame: 40093 ETA: 0:05:13
                                         
FPS: 16 Current Frame: 40101 ETA: 0:05:12
                                         
FPS: 16 Current Frame: 40108 ETA: 0:05:12
                                         
FPS: 16 Current Frame: 40116 ETA: 0:05:11
                                         
FPS: 16 Current Frame: 40124 ETA: 0:05:11
                                         
FPS: 16 Current Frame: 40132 ETA: 0:05:10
                                         
FPS: 16 Current Frame: 40140 ETA: 0:05:10
                                         
FPS: 16 Current Frame: 40148 ETA: 0:05:09
                                         
FPS: 16 Current Frame: 40156 ETA: 0:05:09
                                         
FPS: 16 Current Frame: 40164 ETA: 0:05:08
                                         
FPS: 16 Current Frame: 40172 ETA: 0:05:08
                                         
FPS: 16 Current Frame: 40180 ETA: 0:05:07
                                         
FPS: 16 Current Frame: 40188 ETA: 0:05:07
                                         
FPS: 16 Current Frame: 40196 ETA: 0:05:06
                                         
FPS: 16 Current Frame: 40204 ETA: 0:05:06
                                         
FPS: 16 Current Frame: 40212 ETA: 0:05:05
                                         
FPS: 16 Current Frame: 40220 ETA: 0:05:05
                                         
FPS: 16 Current Frame: 40228 ETA: 0:05:04
                                         
FPS: 16 Current Frame: 40236 ETA: 0:05:04
                                         
FPS: 16 Current Frame: 40244 ETA: 0:05:03
                                         
FPS: 16 Current Frame: 40252 ETA: 0:05:03
                                         
FPS: 16 Current Frame: 40260 ETA: 0:05:02
                                         
FPS: 16 Current Frame: 40268 ETA: 0:05:02
                                         
FPS: 16 Current Frame: 40276 ETA: 0:05:01
                                         
FPS: 16 Current Frame: 40284 ETA: 0:05:01
                                         
FPS: 16 Current Frame: 40291 ETA: 0:05:01
                                         
FPS: 16 Current Frame: 40299 ETA: 0:05:00
                                         
FPS: 16 Current Frame: 40307 ETA: 0:05:00
                                         
FPS: 16 Current Frame: 40315 ETA: 0:04:59
                                         
FPS: 16 Current Frame: 40323 ETA: 0:04:59
                                         
FPS: 16 Current Frame: 40331 ETA: 0:04:58
                                         
FPS: 16 Current Frame: 40339 ETA: 0:04:58
                                         
FPS: 16 Current Frame: 40347 ETA: 0:04:57
                                         
FPS: 16 Current Frame: 40355 ETA: 0:04:57
                                         
FPS: 16 Current Frame: 40363 ETA: 0:04:56
                                         
FPS: 16 Current Frame: 40371 ETA: 0:04:56
                                         
FPS: 16 Current Frame: 40379 ETA: 0:04:55
                                         
FPS: 16 Current Frame: 40387 ETA: 0:04:55
                                         
FPS: 16 Current Frame: 40395 ETA: 0:04:54
                                         
FPS: 16 Current Frame: 40403 ETA: 0:04:54
                                         
FPS: 16 Current Frame: 40411 ETA: 0:04:53
                                         
FPS: 16 Current Frame: 40419 ETA: 0:04:53
                                         
FPS: 16 Current Frame: 40427 ETA: 0:04:52
                                         
FPS: 16 Current Frame: 40435 ETA: 0:04:52
                                         
FPS: 16 Current Frame: 40443 ETA: 0:04:51
                                         
FPS: 16 Current Frame: 40451 ETA: 0:04:51
                                         
FPS: 16 Current Frame: 40459 ETA: 0:04:50
                                         
FPS: 16 Current Frame: 40467 ETA: 0:04:50
                                         
FPS: 16 Current Frame: 40475 ETA: 0:04:49
                                         
FPS: 16 Current Frame: 40483 ETA: 0:04:49
                                         
FPS: 16 Current Frame: 40491 ETA: 0:04:48
                                         
FPS: 16 Current Frame: 40499 ETA: 0:04:48
                                         
FPS: 16 Current Frame: 40507 ETA: 0:04:47
                                         
FPS: 16 Current Frame: 40515 ETA: 0:04:47
                                         
FPS: 16 Current Frame: 40523 ETA: 0:04:46
                                         
FPS: 16 Current Frame: 40531 ETA: 0:04:46
                                         
FPS: 16 Current Frame: 40539 ETA: 0:04:45
                                         
FPS: 16 Current Frame: 40547 ETA: 0:04:45
                                         
FPS: 16 Current Frame: 40555 ETA: 0:04:44
                                         
FPS: 16 Current Frame: 40563 ETA: 0:04:44
                                         
FPS: 16 Current Frame: 40571 ETA: 0:04:43
                                         
FPS: 16 Current Frame: 40579 ETA: 0:04:43
                                         
FPS: 16 Current Frame: 40587 ETA: 0:04:42
                                         
FPS: 16 Current Frame: 40595 ETA: 0:04:42
                                         
FPS: 16 Current Frame: 40603 ETA: 0:04:41
                                         
FPS: 16 Current Frame: 40611 ETA: 0:04:41
                                         
FPS: 16 Current Frame: 40618 ETA: 0:04:40
                                         
FPS: 16 Current Frame: 40626 ETA: 0:04:40
                                         
FPS: 16 Current Frame: 40634 ETA: 0:04:39
                                         
FPS: 16 Current Frame: 40642 ETA: 0:04:39
                                         
FPS: 16 Current Frame: 40650 ETA: 0:04:38
                                         
FPS: 16 Current Frame: 40658 ETA: 0:04:38
                                         
FPS: 16 Current Frame: 40666 ETA: 0:04:37
                                         
FPS: 16 Current Frame: 40674 ETA: 0:04:37
                                         
FPS: 16 Current Frame: 40682 ETA: 0:04:36
                                         
FPS: 16 Current Frame: 40690 ETA: 0:04:36
                                         
FPS: 16 Current Frame: 40698 ETA: 0:04:35
                                         
FPS: 16 Current Frame: 40706 ETA: 0:04:35
                                         
FPS: 16 Current Frame: 40714 ETA: 0:04:34
                                         
FPS: 16 Current Frame: 40722 ETA: 0:04:34
                                         
FPS: 16 Current Frame: 40730 ETA: 0:04:33
                                         
FPS: 16 Current Frame: 40738 ETA: 0:04:33
                                         
FPS: 16 Current Frame: 40746 ETA: 0:04:32
                                         
FPS: 16 Current Frame: 40754 ETA: 0:04:32
                                         
FPS: 16 Current Frame: 40762 ETA: 0:04:31
                                         
FPS: 16 Current Frame: 40770 ETA: 0:04:31
                                         
FPS: 16 Current Frame: 40778 ETA: 0:04:30
                                         
FPS: 16 Current Frame: 40786 ETA: 0:04:30
                                         
FPS: 16 Current Frame: 40794 ETA: 0:04:29
                                         
FPS: 16 Current Frame: 40802 ETA: 0:04:29
                                         
FPS: 16 Current Frame: 40810 ETA: 0:04:28
                                         
FPS: 16 Current Frame: 40818 ETA: 0:04:28
                                         
FPS: 16 Current Frame: 40826 ETA: 0:04:27
                                         
FPS: 16 Current Frame: 40834 ETA: 0:04:27
                                         
FPS: 16 Current Frame: 40842 ETA: 0:04:26
                                         
FPS: 16 Current Frame: 40850 ETA: 0:04:26
                                         
FPS: 16 Current Frame: 40858 ETA: 0:04:25
                                         
FPS: 16 Current Frame: 40865 ETA: 0:04:25
                                         
FPS: 16 Current Frame: 40873 ETA: 0:04:24
                                         
FPS: 16 Current Frame: 40881 ETA: 0:04:24
                                         
FPS: 16 Current Frame: 40889 ETA: 0:04:23
                                         
FPS: 16 Current Frame: 40897 ETA: 0:04:23
                                         
FPS: 16 Current Frame: 40905 ETA: 0:04:22
                                         
FPS: 16 Current Frame: 40913 ETA: 0:04:22
                                         
FPS: 16 Current Frame: 40921 ETA: 0:04:21
                                         
FPS: 16 Current Frame: 40929 ETA: 0:04:21
                                         
FPS: 16 Current Frame: 40937 ETA: 0:04:20
                                         
FPS: 16 Current Frame: 40945 ETA: 0:04:20
                                         
FPS: 16 Current Frame: 40953 ETA: 0:04:19
                                         
FPS: 16 Current Frame: 40961 ETA: 0:04:19
                                         
FPS: 16 Current Frame: 40969 ETA: 0:04:18
                                         
FPS: 16 Current Frame: 40976 ETA: 0:04:18
                                         
FPS: 16 Current Frame: 40984 ETA: 0:04:17
                                         
FPS: 16 Current Frame: 40992 ETA: 0:04:17
                                         
FPS: 16 Current Frame: 41000 ETA: 0:04:16
                                         
FPS: 16 Current Frame: 41008 ETA: 0:04:16
                                         
FPS: 16 Current Frame: 41016 ETA: 0:04:15
                                         
FPS: 16 Current Frame: 41024 ETA: 0:04:15
                                         
FPS: 16 Current Frame: 41032 ETA: 0:04:14
                                         
FPS: 16 Current Frame: 41040 ETA: 0:04:14
                                         
FPS: 16 Current Frame: 41048 ETA: 0:04:13
                                         
FPS: 16 Current Frame: 41056 ETA: 0:04:13
                                         
FPS: 16 Current Frame: 41064 ETA: 0:04:12
                                         
FPS: 16 Current Frame: 41072 ETA: 0:04:12
                                         
FPS: 16 Current Frame: 41080 ETA: 0:04:11
                                         
FPS: 16 Current Frame: 41088 ETA: 0:04:11
                                         
FPS: 16 Current Frame: 41096 ETA: 0:04:10
                                         
FPS: 16 Current Frame: 41104 ETA: 0:04:10
                                         
FPS: 16 Current Frame: 41112 ETA: 0:04:09
                                         
FPS: 16 Current Frame: 41120 ETA: 0:04:09
                                         
FPS: 16 Current Frame: 41128 ETA: 0:04:08
                                         
FPS: 16 Current Frame: 41136 ETA: 0:04:08
                                         
FPS: 16 Current Frame: 41144 ETA: 0:04:07
                                         
FPS: 16 Current Frame: 41151 ETA: 0:04:07
                                         
FPS: 16 Current Frame: 41159 ETA: 0:04:06
                                         
FPS: 16 Current Frame: 41167 ETA: 0:04:06
                                         
FPS: 16 Current Frame: 41175 ETA: 0:04:05
                                         
FPS: 16 Current Frame: 41183 ETA: 0:04:05
                                         
FPS: 16 Current Frame: 41191 ETA: 0:04:04
                                         
FPS: 16 Current Frame: 41199 ETA: 0:04:04
                                         
FPS: 16 Current Frame: 41207 ETA: 0:04:03
                                         
FPS: 16 Current Frame: 41215 ETA: 0:04:03
                                         
FPS: 16 Current Frame: 41223 ETA: 0:04:02
                                         
FPS: 16 Current Frame: 41231 ETA: 0:04:02
                                         
FPS: 16 Current Frame: 41239 ETA: 0:04:01
                                         
FPS: 16 Current Frame: 41247 ETA: 0:04:01
                                         
FPS: 16 Current Frame: 41255 ETA: 0:04:00
                                         
FPS: 16 Current Frame: 41263 ETA: 0:04:00
                                         
FPS: 16 Current Frame: 41270 ETA: 0:03:59
                                         
FPS: 16 Current Frame: 41278 ETA: 0:03:59
                                         
FPS: 16 Current Frame: 41286 ETA: 0:03:58
                                         
FPS: 16 Current Frame: 41294 ETA: 0:03:58
                                         
FPS: 16 Current Frame: 41302 ETA: 0:03:57
                                         
FPS: 16 Current Frame: 41310 ETA: 0:03:57
                                         
FPS: 16 Current Frame: 41318 ETA: 0:03:56
                                         
FPS: 16 Current Frame: 41326 ETA: 0:03:56
                                         
FPS: 16 Current Frame: 41334 ETA: 0:03:55
                                         
FPS: 16 Current Frame: 41342 ETA: 0:03:55
                                         
FPS: 16 Current Frame: 41350 ETA: 0:03:54
                                         
FPS: 16 Current Frame: 41358 ETA: 0:03:54
                                         
FPS: 16 Current Frame: 41366 ETA: 0:03:53
                                         
FPS: 16 Current Frame: 41374 ETA: 0:03:53
                                         
FPS: 16 Current Frame: 41382 ETA: 0:03:52
                                         
FPS: 16 Current Frame: 41390 ETA: 0:03:52
                                         
FPS: 16 Current Frame: 41398 ETA: 0:03:51
                                         
FPS: 16 Current Frame: 41406 ETA: 0:03:51
                                         
FPS: 16 Current Frame: 41414 ETA: 0:03:50
                                         
FPS: 16 Current Frame: 41422 ETA: 0:03:50
                                         
FPS: 16 Current Frame: 41430 ETA: 0:03:49
                                         
FPS: 16 Current Frame: 41438 ETA: 0:03:49
                                         
FPS: 16 Current Frame: 41446 ETA: 0:03:48
                                         
FPS: 16 Current Frame: 41454 ETA: 0:03:48
                                         
FPS: 16 Current Frame: 41462 ETA: 0:03:47
                                         
FPS: 16 Current Frame: 41470 ETA: 0:03:47
                                         
FPS: 16 Current Frame: 41478 ETA: 0:03:46
                                         
FPS: 16 Current Frame: 41485 ETA: 0:03:46
                                         
FPS: 16 Current Frame: 41493 ETA: 0:03:45
                                         
FPS: 16 Current Frame: 41501 ETA: 0:03:45
                                         
FPS: 16 Current Frame: 41509 ETA: 0:03:44
                                         
FPS: 16 Current Frame: 41517 ETA: 0:03:44
                                         
FPS: 16 Current Frame: 41525 ETA: 0:03:43
                                         
FPS: 16 Current Frame: 41533 ETA: 0:03:43
                                         
FPS: 16 Current Frame: 41541 ETA: 0:03:42
                                         
FPS: 16 Current Frame: 41549 ETA: 0:03:42
                                         
FPS: 16 Current Frame: 41557 ETA: 0:03:41
                                         
FPS: 16 Current Frame: 41565 ETA: 0:03:41
                                         
FPS: 16 Current Frame: 41573 ETA: 0:03:40
                                         
FPS: 16 Current Frame: 41581 ETA: 0:03:40
                                         
FPS: 16 Current Frame: 41589 ETA: 0:03:39
                                         
FPS: 16 Current Frame: 41596 ETA: 0:03:39
                                         
FPS: 16 Current Frame: 41604 ETA: 0:03:38
                                         
FPS: 16 Current Frame: 41612 ETA: 0:03:38
                                         
FPS: 16 Current Frame: 41620 ETA: 0:03:37
                                         
FPS: 16 Current Frame: 41628 ETA: 0:03:37
                                         
FPS: 16 Current Frame: 41636 ETA: 0:03:36
                                         
FPS: 16 Current Frame: 41644 ETA: 0:03:36
                                         
FPS: 16 Current Frame: 41652 ETA: 0:03:35
                                         
FPS: 16 Current Frame: 41660 ETA: 0:03:35
                                         
FPS: 16 Current Frame: 41668 ETA: 0:03:34
                                         
FPS: 16 Current Frame: 41676 ETA: 0:03:34
                                         
FPS: 16 Current Frame: 41684 ETA: 0:03:33
                                         
FPS: 16 Current Frame: 41692 ETA: 0:03:33
                                         
FPS: 16 Current Frame: 41700 ETA: 0:03:32
                                         
FPS: 16 Current Frame: 41708 ETA: 0:03:32
                                         
FPS: 16 Current Frame: 41716 ETA: 0:03:31
                                         
FPS: 16 Current Frame: 41724 ETA: 0:03:31
                                         
FPS: 16 Current Frame: 41732 ETA: 0:03:30
                                         
FPS: 16 Current Frame: 41740 ETA: 0:03:30
                                         
FPS: 16 Current Frame: 41748 ETA: 0:03:29
                                         
FPS: 16 Current Frame: 41756 ETA: 0:03:29
                                         
FPS: 16 Current Frame: 41764 ETA: 0:03:28
                                         
FPS: 16 Current Frame: 41772 ETA: 0:03:28
                                         
FPS: 16 Current Frame: 41780 ETA: 0:03:27
                                         
FPS: 16 Current Frame: 41788 ETA: 0:03:27
                                         
FPS: 16 Current Frame: 41796 ETA: 0:03:26
                                         
FPS: 16 Current Frame: 41804 ETA: 0:03:26
                                         
FPS: 16 Current Frame: 41812 ETA: 0:03:25
                                         
FPS: 16 Current Frame: 41820 ETA: 0:03:25
                                         
FPS: 16 Current Frame: 41828 ETA: 0:03:24
                                         
FPS: 16 Current Frame: 41836 ETA: 0:03:24
                                         
FPS: 16 Current Frame: 41844 ETA: 0:03:23
                                         
FPS: 16 Current Frame: 41852 ETA: 0:03:23
                                         
FPS: 16 Current Frame: 41860 ETA: 0:03:22
                                         
FPS: 16 Current Frame: 41868 ETA: 0:03:22
                                         
FPS: 16 Current Frame: 41876 ETA: 0:03:21
                                         
FPS: 16 Current Frame: 41884 ETA: 0:03:21
                                         
FPS: 16 Current Frame: 41892 ETA: 0:03:20
                                         
FPS: 16 Current Frame: 41900 ETA: 0:03:20
                                         
FPS: 16 Current Frame: 41908 ETA: 0:03:19
                                         
FPS: 16 Current Frame: 41916 ETA: 0:03:19
                                         
FPS: 16 Current Frame: 41924 ETA: 0:03:18
                                         
FPS: 16 Current Frame: 41932 ETA: 0:03:18
                                         
FPS: 16 Current Frame: 41940 ETA: 0:03:17
                                         
FPS: 16 Current Frame: 41948 ETA: 0:03:17
                                         
FPS: 16 Current Frame: 41956 ETA: 0:03:16
                                         
FPS: 16 Current Frame: 41963 ETA: 0:03:16
                                         
FPS: 16 Current Frame: 41971 ETA: 0:03:15
                                         
FPS: 16 Current Frame: 41979 ETA: 0:03:15
                                         
FPS: 16 Current Frame: 41987 ETA: 0:03:14
                                         
FPS: 16 Current Frame: 41995 ETA: 0:03:14
                                         
FPS: 16 Current Frame: 42003 ETA: 0:03:13
                                         
FPS: 16 Current Frame: 42011 ETA: 0:03:13
                                         
FPS: 16 Current Frame: 42019 ETA: 0:03:12
                                         
FPS: 16 Current Frame: 42027 ETA: 0:03:12
                                         
FPS: 16 Current Frame: 42035 ETA: 0:03:11
                                         
FPS: 16 Current Frame: 42043 ETA: 0:03:11
                                         
FPS: 16 Current Frame: 42051 ETA: 0:03:10
                                         
FPS: 16 Current Frame: 42059 ETA: 0:03:10
                                         
FPS: 16 Current Frame: 42067 ETA: 0:03:09
                                         
FPS: 16 Current Frame: 42075 ETA: 0:03:09
                                         
FPS: 16 Current Frame: 42083 ETA: 0:03:08
                                         
FPS: 16 Current Frame: 42091 ETA: 0:03:08
                                         
FPS: 16 Current Frame: 42099 ETA: 0:03:07
                                         
FPS: 16 Current Frame: 42107 ETA: 0:03:07
                                         
FPS: 16 Current Frame: 42115 ETA: 0:03:06
                                         
FPS: 16 Current Frame: 42122 ETA: 0:03:06
                                         
FPS: 16 Current Frame: 42130 ETA: 0:03:05
                                         
FPS: 16 Current Frame: 42138 ETA: 0:03:05
                                         
FPS: 16 Current Frame: 42146 ETA: 0:03:04
                                         
FPS: 16 Current Frame: 42154 ETA: 0:03:04
                                         
FPS: 16 Current Frame: 42162 ETA: 0:03:03
                                         
FPS: 16 Current Frame: 42170 ETA: 0:03:03
                                         
FPS: 16 Current Frame: 42178 ETA: 0:03:02
                                         
FPS: 16 Current Frame: 42186 ETA: 0:03:02
                                         
FPS: 16 Current Frame: 42194 ETA: 0:03:01
                                         
FPS: 16 Current Frame: 42202 ETA: 0:03:01
                                         
FPS: 16 Current Frame: 42210 ETA: 0:03:00
                                         
FPS: 16 Current Frame: 42218 ETA: 0:03:00
                                         
FPS: 16 Current Frame: 42226 ETA: 0:02:59
                                         
FPS: 16 Current Frame: 42234 ETA: 0:02:59
                                         
FPS: 16 Current Frame: 42242 ETA: 0:02:58
                                         
FPS: 16 Current Frame: 42250 ETA: 0:02:58
                                         
FPS: 16 Current Frame: 42258 ETA: 0:02:57
                                         
FPS: 16 Current Frame: 42266 ETA: 0:02:57
                                         
FPS: 16 Current Frame: 42274 ETA: 0:02:56
                                         
FPS: 16 Current Frame: 42282 ETA: 0:02:56
                                         
FPS: 16 Current Frame: 42290 ETA: 0:02:55
                                         
FPS: 16 Current Frame: 42298 ETA: 0:02:55
                                         
FPS: 16 Current Frame: 42306 ETA: 0:02:54
                                         
FPS: 16 Current Frame: 42314 ETA: 0:02:54
                                         
FPS: 16 Current Frame: 42322 ETA: 0:02:53
                                         
FPS: 16 Current Frame: 42330 ETA: 0:02:53
                                         
FPS: 16 Current Frame: 42338 ETA: 0:02:52
                                         
FPS: 16 Current Frame: 42346 ETA: 0:02:52
                                         
FPS: 16 Current Frame: 42354 ETA: 0:02:51
                                         
FPS: 16 Current Frame: 42362 ETA: 0:02:51
                                         
FPS: 16 Current Frame: 42370 ETA: 0:02:50
                                         
FPS: 16 Current Frame: 42377 ETA: 0:02:50
                                         
FPS: 16 Current Frame: 42385 ETA: 0:02:49
                                         
FPS: 16 Current Frame: 42393 ETA: 0:02:49
                                         
FPS: 16 Current Frame: 42401 ETA: 0:02:48
                                         
FPS: 16 Current Frame: 42409 ETA: 0:02:48
                                         
FPS: 16 Current Frame: 42417 ETA: 0:02:47
                                         
FPS: 16 Current Frame: 42425 ETA: 0:02:47
                                         
FPS: 16 Current Frame: 42433 ETA: 0:02:46
                                         
FPS: 16 Current Frame: 42441 ETA: 0:02:46
                                         
FPS: 16 Current Frame: 42449 ETA: 0:02:45
                                         
FPS: 16 Current Frame: 42457 ETA: 0:02:45
                                         
FPS: 16 Current Frame: 42465 ETA: 0:02:44
                                         
FPS: 16 Current Frame: 42473 ETA: 0:02:44
                                         
FPS: 16 Current Frame: 42481 ETA: 0:02:43
                                         
FPS: 16 Current Frame: 42489 ETA: 0:02:43
                                         
FPS: 16 Current Frame: 42497 ETA: 0:02:42
                                         
FPS: 16 Current Frame: 42505 ETA: 0:02:42
                                         
FPS: 16 Current Frame: 42512 ETA: 0:02:41
                                         
FPS: 16 Current Frame: 42520 ETA: 0:02:41
                                         
FPS: 16 Current Frame: 42528 ETA: 0:02:40
                                         
FPS: 16 Current Frame: 42536 ETA: 0:02:40
                                         
FPS: 16 Current Frame: 42544 ETA: 0:02:39
                                         
FPS: 16 Current Frame: 42552 ETA: 0:02:39
                                         
FPS: 16 Current Frame: 42560 ETA: 0:02:38
                                         
FPS: 16 Current Frame: 42569 ETA: 0:02:38
                                         
FPS: 16 Current Frame: 42577 ETA: 0:02:37
                                         
FPS: 16 Current Frame: 42585 ETA: 0:02:37
                                         
FPS: 16 Current Frame: 42593 ETA: 0:02:36
                                         
FPS: 16 Current Frame: 42601 ETA: 0:02:36
                                         
FPS: 16 Current Frame: 42609 ETA: 0:02:35
                                         
FPS: 16 Current Frame: 42617 ETA: 0:02:35
                                         
FPS: 16 Current Frame: 42625 ETA: 0:02:34
                                         
FPS: 16 Current Frame: 42633 ETA: 0:02:34
                                         
FPS: 16 Current Frame: 42641 ETA: 0:02:33
                                         
FPS: 16 Current Frame: 42648 ETA: 0:02:33
                                         
FPS: 16 Current Frame: 42657 ETA: 0:02:32
                                         
FPS: 16 Current Frame: 42664 ETA: 0:02:32
                                         
FPS: 16 Current Frame: 42672 ETA: 0:02:31
                                         
FPS: 16 Current Frame: 42680 ETA: 0:02:31
                                         
FPS: 16 Current Frame: 42688 ETA: 0:02:30
                                         
FPS: 16 Current Frame: 42696 ETA: 0:02:30
                                         
FPS: 16 Current Frame: 42704 ETA: 0:02:29
                                         
FPS: 16 Current Frame: 42712 ETA: 0:02:29
                                         
FPS: 16 Current Frame: 42720 ETA: 0:02:28
                                         
FPS: 16 Current Frame: 42728 ETA: 0:02:28
                                         
FPS: 16 Current Frame: 42736 ETA: 0:02:27
                                         
FPS: 16 Current Frame: 42744 ETA: 0:02:27
                                         
FPS: 16 Current Frame: 42752 ETA: 0:02:26
                                         
FPS: 16 Current Frame: 42760 ETA: 0:02:26
                                         
FPS: 16 Current Frame: 42768 ETA: 0:02:25
                                         
FPS: 16 Current Frame: 42776 ETA: 0:02:25
                                         
FPS: 16 Current Frame: 42784 ETA: 0:02:24
                                         
FPS: 16 Current Frame: 42792 ETA: 0:02:24
                                         
FPS: 16 Current Frame: 42800 ETA: 0:02:23
                                         
FPS: 16 Current Frame: 42808 ETA: 0:02:23
                                         
FPS: 16 Current Frame: 42816 ETA: 0:02:22
                                         
FPS: 16 Current Frame: 42823 ETA: 0:02:22
                                         
FPS: 16 Current Frame: 42831 ETA: 0:02:22
                                         
FPS: 16 Current Frame: 42839 ETA: 0:02:21
                                         
FPS: 16 Current Frame: 42848 ETA: 0:02:20
                                         
FPS: 16 Current Frame: 42856 ETA: 0:02:20
                                         
FPS: 16 Current Frame: 42864 ETA: 0:02:19
                                         
FPS: 16 Current Frame: 42872 ETA: 0:02:19
                                         
FPS: 16 Current Frame: 42880 ETA: 0:02:18
                                         
FPS: 16 Current Frame: 42887 ETA: 0:02:18
                                         
FPS: 16 Current Frame: 42895 ETA: 0:02:17
                                         
FPS: 16 Current Frame: 42903 ETA: 0:02:17
                                         
FPS: 16 Current Frame: 42911 ETA: 0:02:16
                                         
FPS: 16 Current Frame: 42919 ETA: 0:02:16
                                         
FPS: 16 Current Frame: 42927 ETA: 0:02:15
                                         
FPS: 16 Current Frame: 42935 ETA: 0:02:15
                                         
FPS: 16 Current Frame: 42943 ETA: 0:02:14
                                         
FPS: 16 Current Frame: 42951 ETA: 0:02:14
                                         
FPS: 16 Current Frame: 42959 ETA: 0:02:13
                                         
FPS: 16 Current Frame: 42967 ETA: 0:02:13
                                         
FPS: 16 Current Frame: 42975 ETA: 0:02:12
                                         
FPS: 16 Current Frame: 42983 ETA: 0:02:12
                                         
FPS: 16 Current Frame: 42991 ETA: 0:02:11
                                         
FPS: 16 Current Frame: 42999 ETA: 0:02:11
                                         
FPS: 16 Current Frame: 43007 ETA: 0:02:10
                                         
FPS: 16 Current Frame: 43015 ETA: 0:02:10
                                         
FPS: 16 Current Frame: 43023 ETA: 0:02:09
                                         
FPS: 16 Current Frame: 43031 ETA: 0:02:09
                                         
FPS: 16 Current Frame: 43039 ETA: 0:02:08
                                         
FPS: 16 Current Frame: 43047 ETA: 0:02:08
                                         
FPS: 16 Current Frame: 43055 ETA: 0:02:07
                                         
FPS: 16 Current Frame: 43063 ETA: 0:02:07
                                         
FPS: 16 Current Frame: 43071 ETA: 0:02:06
                                         
FPS: 16 Current Frame: 43079 ETA: 0:02:06
                                         
FPS: 16 Current Frame: 43087 ETA: 0:02:05
                                         
FPS: 16 Current Frame: 43095 ETA: 0:02:05
                                         
FPS: 16 Current Frame: 43103 ETA: 0:02:04
                                         
FPS: 16 Current Frame: 43111 ETA: 0:02:04
                                         
FPS: 16 Current Frame: 43119 ETA: 0:02:03
                                         
FPS: 16 Current Frame: 43127 ETA: 0:02:03
                                         
FPS: 16 Current Frame: 43135 ETA: 0:02:02
                                         
FPS: 16 Current Frame: 43143 ETA: 0:02:02
                                         
FPS: 16 Current Frame: 43151 ETA: 0:02:01
                                         
FPS: 16 Current Frame: 43159 ETA: 0:02:01
                                         
FPS: 16 Current Frame: 43167 ETA: 0:02:00
                                         
FPS: 16 Current Frame: 43175 ETA: 0:02:00
                                         
FPS: 16 Current Frame: 43182 ETA: 0:02:00
                                         
FPS: 16 Current Frame: 43190 ETA: 0:01:59
                                         
FPS: 16 Current Frame: 43198 ETA: 0:01:59
                                         
FPS: 16 Current Frame: 43206 ETA: 0:01:58
                                         
FPS: 16 Current Frame: 43214 ETA: 0:01:58
                                         
FPS: 16 Current Frame: 43222 ETA: 0:01:57
                                         
FPS: 16 Current Frame: 43230 ETA: 0:01:57
                                         
FPS: 16 Current Frame: 43238 ETA: 0:01:56
                                         
FPS: 16 Current Frame: 43246 ETA: 0:01:56
                                         
FPS: 16 Current Frame: 43254 ETA: 0:01:55
                                         
FPS: 16 Current Frame: 43262 ETA: 0:01:55
                                         
FPS: 16 Current Frame: 43270 ETA: 0:01:54
                                         
FPS: 16 Current Frame: 43278 ETA: 0:01:54
                                         
FPS: 16 Current Frame: 43286 ETA: 0:01:53
                                         
FPS: 16 Current Frame: 43294 ETA: 0:01:53
                                         
FPS: 16 Current Frame: 43302 ETA: 0:01:52
                                         
FPS: 16 Current Frame: 43310 ETA: 0:01:52
                                         
FPS: 16 Current Frame: 43318 ETA: 0:01:51
                                         
FPS: 16 Current Frame: 43326 ETA: 0:01:50
                                         
FPS: 16 Current Frame: 43334 ETA: 0:01:50
                                         
FPS: 16 Current Frame: 43342 ETA: 0:01:49
                                         
FPS: 16 Current Frame: 43350 ETA: 0:01:49
                                         
FPS: 16 Current Frame: 43358 ETA: 0:01:48
                                         
FPS: 16 Current Frame: 43366 ETA: 0:01:48
                                         
FPS: 16 Current Frame: 43373 ETA: 0:01:48
                                         
FPS: 16 Current Frame: 43381 ETA: 0:01:47
                                         
FPS: 16 Current Frame: 43389 ETA: 0:01:47
                                         
FPS: 16 Current Frame: 43397 ETA: 0:01:46
                                         
FPS: 16 Current Frame: 43405 ETA: 0:01:46
                                         
FPS: 16 Current Frame: 43413 ETA: 0:01:45
                                         
FPS: 16 Current Frame: 43421 ETA: 0:01:45
                                         
FPS: 16 Current Frame: 43429 ETA: 0:01:44
                                         
FPS: 16 Current Frame: 43437 ETA: 0:01:44
                                         
FPS: 16 Current Frame: 43445 ETA: 0:01:43
                                         
FPS: 16 Current Frame: 43453 ETA: 0:01:43
                                         
FPS: 16 Current Frame: 43461 ETA: 0:01:42
                                         
FPS: 16 Current Frame: 43469 ETA: 0:01:42
                                         
FPS: 16 Current Frame: 43477 ETA: 0:01:41
                                         
FPS: 16 Current Frame: 43485 ETA: 0:01:41
                                         
FPS: 16 Current Frame: 43493 ETA: 0:01:40
                                         
FPS: 16 Current Frame: 43501 ETA: 0:01:40
                                         
FPS: 16 Current Frame: 43509 ETA: 0:01:39
                                         
FPS: 16 Current Frame: 43517 ETA: 0:01:39
                                         
FPS: 16 Current Frame: 43525 ETA: 0:01:38
                                         
FPS: 16 Current Frame: 43533 ETA: 0:01:38
                                         
FPS: 16 Current Frame: 43541 ETA: 0:01:37
                                         
FPS: 16 Current Frame: 43549 ETA: 0:01:37
                                         
FPS: 16 Current Frame: 43557 ETA: 0:01:36
                                         
FPS: 16 Current Frame: 43565 ETA: 0:01:36
                                         
FPS: 16 Current Frame: 43573 ETA: 0:01:35
                                         
FPS: 16 Current Frame: 43581 ETA: 0:01:35
                                         
FPS: 16 Current Frame: 43589 ETA: 0:01:34
                                         
FPS: 16 Current Frame: 43597 ETA: 0:01:34
                                         
FPS: 16 Current Frame: 43605 ETA: 0:01:33
                                         
FPS: 16 Current Frame: 43613 ETA: 0:01:33
                                         
FPS: 16 Current Frame: 43621 ETA: 0:01:32
                                         
FPS: 16 Current Frame: 43629 ETA: 0:01:32
                                         
FPS: 16 Current Frame: 43637 ETA: 0:01:31
                                         
FPS: 16 Current Frame: 43644 ETA: 0:01:31
                                         
FPS: 16 Current Frame: 43653 ETA: 0:01:30
                                         
FPS: 16 Current Frame: 43660 ETA: 0:01:30
                                         
FPS: 16 Current Frame: 43668 ETA: 0:01:29
                                         
FPS: 16 Current Frame: 43676 ETA: 0:01:29
                                         
FPS: 16 Current Frame: 43684 ETA: 0:01:28
                                         
FPS: 16 Current Frame: 43692 ETA: 0:01:28
                                         
FPS: 16 Current Frame: 43700 ETA: 0:01:27
                                         
FPS: 16 Current Frame: 43708 ETA: 0:01:27
                                         
FPS: 16 Current Frame: 43716 ETA: 0:01:26
                                         
FPS: 16 Current Frame: 43724 ETA: 0:01:26
                                         
FPS: 16 Current Frame: 43732 ETA: 0:01:25
                                         
FPS: 16 Current Frame: 43740 ETA: 0:01:25
                                         
FPS: 16 Current Frame: 43748 ETA: 0:01:24
                                         
FPS: 16 Current Frame: 43756 ETA: 0:01:24
                                         
FPS: 16 Current Frame: 43764 ETA: 0:01:23
                                         
FPS: 16 Current Frame: 43772 ETA: 0:01:23
                                         
FPS: 16 Current Frame: 43780 ETA: 0:01:22
                                         
FPS: 16 Current Frame: 43788 ETA: 0:01:22
                                         
FPS: 16 Current Frame: 43796 ETA: 0:01:21
                                         
FPS: 16 Current Frame: 43803 ETA: 0:01:21
                                         
FPS: 16 Current Frame: 43811 ETA: 0:01:20
                                         
FPS: 16 Current Frame: 43819 ETA: 0:01:20
                                         
FPS: 16 Current Frame: 43827 ETA: 0:01:19
                                         
FPS: 16 Current Frame: 43835 ETA: 0:01:19
                                         
FPS: 16 Current Frame: 43843 ETA: 0:01:18
                                         
FPS: 16 Current Frame: 43851 ETA: 0:01:18
                                         
FPS: 16 Current Frame: 43859 ETA: 0:01:17
                                         
FPS: 16 Current Frame: 43867 ETA: 0:01:17
                                         
FPS: 16 Current Frame: 43875 ETA: 0:01:16
                                         
FPS: 16 Current Frame: 43883 ETA: 0:01:16
                                         
FPS: 16 Current Frame: 43891 ETA: 0:01:15
                                         
FPS: 16 Current Frame: 43899 ETA: 0:01:15
                                         
FPS: 16 Current Frame: 43907 ETA: 0:01:14
                                         
FPS: 16 Current Frame: 43915 ETA: 0:01:14
                                         
FPS: 16 Current Frame: 43923 ETA: 0:01:13
                                         
FPS: 16 Current Frame: 43931 ETA: 0:01:13
                                         
FPS: 16 Current Frame: 43939 ETA: 0:01:12
                                         
FPS: 16 Current Frame: 43947 ETA: 0:01:12
                                         
FPS: 16 Current Frame: 43955 ETA: 0:01:11
                                         
FPS: 16 Current Frame: 43962 ETA: 0:01:11
                                         
FPS: 16 Current Frame: 43971 ETA: 0:01:10
                                         
FPS: 16 Current Frame: 43979 ETA: 0:01:10
                                         
FPS: 16 Current Frame: 43987 ETA: 0:01:09
                                         
FPS: 16 Current Frame: 43995 ETA: 0:01:09
                                         
FPS: 16 Current Frame: 44002 ETA: 0:01:08
                                         
FPS: 16 Current Frame: 44010 ETA: 0:01:08
                                         
FPS: 16 Current Frame: 44018 ETA: 0:01:07
                                         
FPS: 16 Current Frame: 44026 ETA: 0:01:07
                                         
FPS: 16 Current Frame: 44034 ETA: 0:01:06
                                         
FPS: 16 Current Frame: 44042 ETA: 0:01:06
                                         
FPS: 16 Current Frame: 44050 ETA: 0:01:05
                                         
FPS: 16 Current Frame: 44058 ETA: 0:01:05
                                         
FPS: 16 Current Frame: 44066 ETA: 0:01:04
                                         
FPS: 16 Current Frame: 44074 ETA: 0:01:04
                                         
FPS: 16 Current Frame: 44082 ETA: 0:01:03
                                         
FPS: 16 Current Frame: 44090 ETA: 0:01:03
                                         
FPS: 16 Current Frame: 44098 ETA: 0:01:02
                                         
FPS: 16 Current Frame: 44106 ETA: 0:01:02
                                         
FPS: 16 Current Frame: 44114 ETA: 0:01:01
                                         
FPS: 16 Current Frame: 44122 ETA: 0:01:01
                                         
FPS: 16 Current Frame: 44130 ETA: 0:01:00
                                         
FPS: 16 Current Frame: 44138 ETA: 0:01:00
                                         
FPS: 16 Current Frame: 44146 ETA: 0:00:59
                                         
FPS: 16 Current Frame: 44154 ETA: 0:00:59
                                         
FPS: 16 Current Frame: 44162 ETA: 0:00:58
                                         
FPS: 16 Current Frame: 44170 ETA: 0:00:58
                                         
FPS: 16 Current Frame: 44178 ETA: 0:00:57
                                         
FPS: 16 Current Frame: 44186 ETA: 0:00:57
                                         
FPS: 16 Current Frame: 44194 ETA: 0:00:56
                                         
FPS: 16 Current Frame: 44202 ETA: 0:00:56
                                         
FPS: 16 Current Frame: 44210 ETA: 0:00:55
                                         
FPS: 16 Current Frame: 44218 ETA: 0:00:55
                                         
FPS: 16 Current Frame: 44226 ETA: 0:00:54
                                         
FPS: 16 Current Frame: 44234 ETA: 0:00:54
                                         
FPS: 16 Current Frame: 44242 ETA: 0:00:53
                                         
FPS: 16 Current Frame: 44250 ETA: 0:00:53
                                         
FPS: 16 Current Frame: 44258 ETA: 0:00:52
                                         
FPS: 16 Current Frame: 44266 ETA: 0:00:52
                                         
FPS: 16 Current Frame: 44273 ETA: 0:00:51
                                         
FPS: 16 Current Frame: 44281 ETA: 0:00:51
                                         
FPS: 16 Current Frame: 44289 ETA: 0:00:50
                                         
FPS: 16 Current Frame: 44297 ETA: 0:00:50
                                         
FPS: 16 Current Frame: 44305 ETA: 0:00:49
                                         
FPS: 16 Current Frame: 44313 ETA: 0:00:49
                                         
FPS: 16 Current Frame: 44321 ETA: 0:00:48
                                         
FPS: 16 Current Frame: 44329 ETA: 0:00:48
                                         
FPS: 16 Current Frame: 44337 ETA: 0:00:47
                                         
FPS: 16 Current Frame: 44345 ETA: 0:00:47
                                         
FPS: 16 Current Frame: 44353 ETA: 0:00:46
                                         
FPS: 16 Current Frame: 44361 ETA: 0:00:46
                                         
FPS: 16 Current Frame: 44369 ETA: 0:00:45
                                         
FPS: 16 Current Frame: 44377 ETA: 0:00:45
                                         
FPS: 16 Current Frame: 44385 ETA: 0:00:44
                                         
FPS: 16 Current Frame: 44393 ETA: 0:00:44
                                         
FPS: 16 Current Frame: 44401 ETA: 0:00:43
                                         
FPS: 16 Current Frame: 44409 ETA: 0:00:43
                                         
FPS: 16 Current Frame: 44416 ETA: 0:00:42
                                         
FPS: 16 Current Frame: 44424 ETA: 0:00:42
                                         
FPS: 16 Current Frame: 44432 ETA: 0:00:41
                                         
FPS: 16 Current Frame: 44440 ETA: 0:00:41
                                         
FPS: 16 Current Frame: 44448 ETA: 0:00:40
                                         
FPS: 16 Current Frame: 44456 ETA: 0:00:40
                                         
FPS: 16 Current Frame: 44464 ETA: 0:00:39
                                         
FPS: 16 Current Frame: 44472 ETA: 0:00:39
                                         
FPS: 16 Current Frame: 44480 ETA: 0:00:38
                                         
FPS: 16 Current Frame: 44488 ETA: 0:00:38
                                         
FPS: 16 Current Frame: 44496 ETA: 0:00:37
                                         
FPS: 16 Current Frame: 44504 ETA: 0:00:37
                                         
FPS: 16 Current Frame: 44512 ETA: 0:00:36
                                         
FPS: 16 Current Frame: 44520 ETA: 0:00:36
                                         
FPS: 16 Current Frame: 44528 ETA: 0:00:35
                                         
FPS: 16 Current Frame: 44536 ETA: 0:00:35
                                         
FPS: 16 Current Frame: 44544 ETA: 0:00:34
                                         
FPS: 16 Current Frame: 44552 ETA: 0:00:34
                                         
FPS: 16 Current Frame: 44560 ETA: 0:00:33
                                         
FPS: 16 Current Frame: 44568 ETA: 0:00:33
                                         
FPS: 16 Current Frame: 44576 ETA: 0:00:32
                                         
FPS: 16 Current Frame: 44584 ETA: 0:00:32
                                         
FPS: 16 Current Frame: 44592 ETA: 0:00:31
                                         
FPS: 16 Current Frame: 44600 ETA: 0:00:31
                                         
FPS: 16 Current Frame: 44608 ETA: 0:00:30
                                         
FPS: 16 Current Frame: 44616 ETA: 0:00:30
                                         
FPS: 16 Current Frame: 44624 ETA: 0:00:29
                                         
FPS: 16 Current Frame: 44632 ETA: 0:00:29
                                         
FPS: 16 Current Frame: 44640 ETA: 0:00:28
                                         
FPS: 16 Current Frame: 44647 ETA: 0:00:28
                                         
FPS: 16 Current Frame: 44655 ETA: 0:00:27
                                         
FPS: 16 Current Frame: 44663 ETA: 0:00:27
                                         
FPS: 16 Current Frame: 44671 ETA: 0:00:26
                                         
FPS: 16 Current Frame: 44679 ETA: 0:00:26
                                         
FPS: 16 Current Frame: 44687 ETA: 0:00:25
                                         
FPS: 16 Current Frame: 44695 ETA: 0:00:25
                                         
FPS: 16 Current Frame: 44703 ETA: 0:00:24
                                         
FPS: 16 Current Frame: 44711 ETA: 0:00:24
                                         
FPS: 16 Current Frame: 44719 ETA: 0:00:23
                                         
FPS: 16 Current Frame: 44727 ETA: 0:00:23
                                         
FPS: 16 Current Frame: 44735 ETA: 0:00:22
                                         
FPS: 16 Current Frame: 44743 ETA: 0:00:22
                                         
FPS: 16 Current Frame: 44751 ETA: 0:00:21
                                         
FPS: 16 Current Frame: 44759 ETA: 0:00:21
                                         
FPS: 16 Current Frame: 44767 ETA: 0:00:20
                                         
FPS: 16 Current Frame: 44775 ETA: 0:00:20
                                         
FPS: 16 Current Frame: 44783 ETA: 0:00:19
                                         
FPS: 16 Current Frame: 44790 ETA: 0:00:19
                                         
FPS: 16 Current Frame: 44798 ETA: 0:00:18
                                         
FPS: 16 Current Frame: 44806 ETA: 0:00:18
                                         
FPS: 16 Current Frame: 44814 ETA: 0:00:17
                                         
FPS: 16 Current Frame: 44822 ETA: 0:00:17
                                         
FPS: 16 Current Frame: 44830 ETA: 0:00:16
                                         
FPS: 16 Current Frame: 44838 ETA: 0:00:16
                                         
FPS: 16 Current Frame: 44846 ETA: 0:00:15
                                         
FPS: 16 Current Frame: 44854 ETA: 0:00:15
                                         
FPS: 16 Current Frame: 44862 ETA: 0:00:14
                                         
FPS: 16 Current Frame: 44870 ETA: 0:00:14
                                         
FPS: 16 Current Frame: 44878 ETA: 0:00:13
                                         
FPS: 16 Current Frame: 44886 ETA: 0:00:13
                                         
FPS: 16 Current Frame: 44894 ETA: 0:00:12
                                         
FPS: 16 Current Frame: 44902 ETA: 0:00:12
                                         
FPS: 16 Current Frame: 44910 ETA: 0:00:11
                                         
FPS: 16 Current Frame: 44918 ETA: 0:00:11
                                         
FPS: 16 Current Frame: 44926 ETA: 0:00:10
                                         
FPS: 16 Current Frame: 44933 ETA: 0:00:10
                                         
FPS: 16 Current Frame: 44941 ETA: 0:00:09
                                         
FPS: 16 Current Frame: 44949 ETA: 0:00:09
                                         
FPS: 16 Current Frame: 44957 ETA: 0:00:08
                                         
FPS: 16 Current Frame: 44965 ETA: 0:00:08
                                         
FPS: 16 Current Frame: 44973 ETA: 0:00:07
                                         
FPS: 16 Current Frame: 44981 ETA: 0:00:07
                                         
FPS: 16 Current Frame: 44989 ETA: 0:00:06
                                         
FPS: 16 Current Frame: 44997 ETA: 0:00:06
                                         
FPS: 16 Current Frame: 45005 ETA: 0:00:05
                                         
FPS: 16 Current Frame: 45013 ETA: 0:00:05
                                         
FPS: 16 Current Frame: 45021 ETA: 0:00:04
                                         
FPS: 16 Current Frame: 45029 ETA: 0:00:04
                                         
FPS: 16 Current Frame: 45037 ETA: 0:00:03
                                         
FPS: 16 Current Frame: 45045 ETA: 0:00:03
                                         
FPS: 16 Current Frame: 45053 ETA: 0:00:02
                                         
FPS: 16 Current Frame: 45061 ETA: 0:00:02
                                         
FPS: 16 Current Frame: 45069 ETA: 0:00:01
                                         
FPS: 16 Current Frame: 45077 ETA: 0:00:01
                                         
FPS: 16 Current Frame: 45085 ETA: 0:00:00
                                         
FPS: 16 Current Frame: 45093 ETA: 0:00:00BACKEND: Getting Input Video Properties
=============================================================================
RVE Backend Version: 2.4.1-dev16
=============================================================================
CLI Arguments: 
['E:\\WorkBuddy\\video-transfer-tools\\video_pipeline\\tools\\backend\\rve-backend.py', '-i', 'E:\\WorkBuddy\\video-transfer-tools\\video_pipeline\\input\\剧集\\S01E04_seg30min.mp4', '-o', 'E:\\WorkBuddy\\video-transfer-tools\\video_pipeline\\work\\current\\video_ai.mp4', '--upscale_model', 'E:\\WorkBuddy\\video-transfer-tools\\video_pipeline\\tools\\models\\2x_OpenProteus_Compact_i2_70K.pth', '--device', 'cuda', '--backend', 'pytorch', '--precision', 'auto', '--pytorch_gpu_id', '0', '--tilesize', '512', '--ffmpeg_path', 'E:\\WorkBuddy\\video-transfer-tools\\video_pipeline\\.tools\\ffmpeg\\ffmpeg.exe', '--overwrite', '--crf', '16', '--video_encoder_preset', 'libx264', '--audio_encoder_preset', 'aac', '--custom_encoder', '-c:v libx264 -threads 6 -crf 16 -b:a 192k -c:a aac -c:s copy']
=============================================================================
BACKEND: No Working Directory specified, using current directory: E:\WorkBuddy\video-transfer-tools\video_pipeline
BACKEND: Getting Input Video Properties
BACKEND: Using backend: pytorch
BACKEND: Setting up Upscale
BACKEND: Handling device: cuda, GPU ID: 0
Using Device: NVIDIA GeForce RTX 4060 Laptop GPU
BACKEND: Handling precision: auto
BACKEND: Initializing stream for device cuda (GPU ID: 0)
BACKEND: Handling device: cuda, GPU ID: 0
Using Device: NVIDIA GeForce RTX 4060 Laptop GPU
BACKEND: Initializing stream for device cuda (GPU ID: 0)
BACKEND: Handling device: cuda, GPU ID: 0
Using Device: NVIDIA GeForce RTX 4060 Laptop GPU
BACKEND: Initializing stream for device cuda (GPU ID: 0)
BACKEND: Handling device: cuda, GPU ID: 0
Using Device: NVIDIA GeForce RTX 4060 Laptop GPU
BACKEND: Initializing stream for device cuda (GPU ID: 0)
BACKEND: Handling device: cuda, GPU ID: 0
Using Device: NVIDIA GeForce RTX 4060 Laptop GPU
E:\WorkBuddy\video-transfer-tools\video_pipeline\.venv-rve\Lib\site-packages\torch\cuda\memory.py:489: FutureWarning: torch.cuda.reset_max_memory_allocated now calls torch.cuda.reset_peak_memory_stats, which resets /all/ peak memory stats.
  warnings.warn(
E:\WorkBuddy\video-transfer-tools\video_pipeline\.venv-rve\Lib\site-packages\torch\cuda\memory.py:515: FutureWarning: torch.cuda.reset_max_memory_cached now calls torch.cuda.reset_peak_memory_stats, which resets /all/ peak memory stats.
  warnings.warn(
BACKEND: Using Upscaling Model: E:\WorkBuddy\video-transfer-tools\video_pipeline\tools\models\2x_OpenProteus_Compact_i2_70K.pth
BACKEND: Upscale Times: 2
BACKEND: Interpolate Factor: 1.0
BACKEND: Total Output Frames: 45098
BACKEND: Model Scale: 2
BACKEND: HDR Mode: False
BACKEND: FFMPEG READ COMMAND: ['E:\\WorkBuddy\\video-transfer-tools\\video_pipeline\\.tools\\ffmpeg\\ffmpeg.exe', '-i', 'E:\\WorkBuddy\\video-transfer-tools\\video_pipeline\\input\\剧集\\S01E04_seg30min.mp4', '-vf', 'crop=712:400:0:0,scale=w=iw*sar:h=ih', '-f', 'image2pipe', '-pix_fmt', 'yuv420p', '-vcodec', 'rawvideo', '-s', '712x400', '-']
BACKEND: FFMPEG READ COMMAND: ['E:\\WorkBuddy\\video-transfer-tools\\video_pipeline\\.tools\\ffmpeg\\ffmpeg.exe', '-i', 'E:\\WorkBuddy\\video-transfer-tools\\video_pipeline\\input\\剧集\\S01E04_seg30min.mp4', '-vf', 'crop=712:400:0:0,scale=w=iw*sar:h=ih', '-f', 'image2pipe', '-pix_fmt', 'yuv420p', '-vcodec', 'rawvideo', '-s', '712x400', '-']
BACKEND: FFMPEG READ COMMAND: ['E:\\WorkBuddy\\video-transfer-tools\\video_pipeline\\.tools\\ffmpeg\\ffmpeg.exe', '-i', 'E:\\WorkBuddy\\video-transfer-tools\\video_pipeline\\input\\剧集\\S01E04_seg30min.mp4', '-vf', 'crop=712:400:0:0,scale=w=iw*sar:h=ih', '-f', 'image2pipe', '-pix_fmt', 'yuv420p', '-vcodec', 'rawvideo', '-s', '712x400', '-']
BACKEND: 
FFMPEG WRITE COMMAND: ['E:\\WorkBuddy\\video-transfer-tools\\video_pipeline\\.tools\\ffmpeg\\ffmpeg.exe', '-loglevel', 'error', '-framerate', '25.0', '-f', 'rawvideo', '-pix_fmt', 'rgb24', '-vcodec', 'rawvideo', '-s', '1424x800', '-i', '-', '-r', '25.0', '-fflags', '+genpts', '-i', 'E:\\WorkBuddy\\video-transfer-tools\\video_pipeline\\input\\剧集\\S01E04_seg30min.mp4', '-map', '0:v', '-map', '1:a?', '-map', '1:s?', '-avoid_negative_ts', 'make_zero', '-max_interleave_delta', '0', '-muxpreload', '0', '-muxdelay', '0', '-c:v', 'libx264', '-threads', '6', '-crf', '16', '-b:a', '192k', '-c:a', 'aac', '-c:s', 'copy', 'E:\\WorkBuddy\\video-transfer-tools\\video_pipeline\\work\\current\\video_ai.mp4', '-y']

BACKEND: Rendering
BACKEND: Initializing stream for device cuda (GPU ID: 0)
BACKEND: Handling device: cuda, GPU ID: 0
Using Device: NVIDIA GeForce RTX 4060 Laptop GPU
BACKEND: Handling device: cuda, GPU ID: 0
Using Device: NVIDIA GeForce RTX 4060 Laptop GPU
BACKEND: Handling precision: auto
E:\WorkBuddy\video-transfer-tools\video_pipeline\tools\backend\src\pytorch\TorchUtils.py:176: UserWarning: The given buffer is not writable, and PyTorch does not support non-writable tensors. This means you can write to the underlying (supposedly non-writable) buffer using the tensor. You may want to copy the buffer to protect its data or make it writable before converting it to a tensor. This type of warning will be suppressed for the rest of this program. (Triggered internally at C:\actions-runner\_work\pytorch\pytorch\pytorch\torch\csrc\utils\tensor_new.cpp:1583.)
  frame = torch.frombuffer(


BACKEND: 
Time to complete render: 2827.3
2026-09-29 08:18:28,244 [INFO] pipeline.job.45: REPAIR_VIDEO 完成 → video_ai.mp4 (0.78 GB)

===== 2026-09-29 08:18:31 rc=0 (3.4s) =====
$ E:\WorkBuddy\video-transfer-tools\video_pipeline\.tools\ffmpeg\ffmpeg.EXE -y -i E:\WorkBuddy\video-transfer-tools\video_pipeline\input\剧集\S01E04_seg30min.mp4 -vn -acodec pcm_s16le -ar 48000 E:\WorkBuddy\video-transfer-tools\video_pipeline\work\current\audio_clean.wav
ffmpeg version 6.1.1-essentials_build-www.gyan.dev Copyright (c) 2000-2023 the FFmpeg developers
  built with gcc 12.2.0 (Rev10, Built by MSYS2 project)
  configuration: --enable-gpl --enable-version3 --enable-static --pkg-config=pkgconf --disable-w32threads --disable-autodetect --enable-fontconfig --enable-iconv --enable-gnutls --enable-libxml2 --enable-gmp --enable-bzlib --enable-lzma --enable-zlib --enable-libsrt --enable-libssh --enable-libzmq --enable-avisynth --enable-sdl2 --enable-libwebp --enable-libx264 --enable-libx265 --enable-libxvid --enable-libaom --enable-libopenjpeg --enable-libvpx --enable-mediafoundation --enable-libass --enable-libfreetype --enable-libfribidi --enable-libharfbuzz --enable-libvidstab --enable-libvmaf --enable-libzimg --enable-amf --enable-cuda-llvm --enable-cuvid --enable-ffnvcodec --enable-nvdec --enable-nvenc --enable-dxva2 --enable-d3d11va --enable-libvpl --enable-libgme --enable-libopenmpt --enable-libopencore-amrwb --enable-libmp3lame --enable-libtheora --enable-libvo-amrwbenc --enable-libgsm --enable-libopencore-amrnb --enable-libopus --enable-libspeex --enable-libvorbis --enable-librubberband
  libavutil      58. 29.100 / 58. 29.100
  libavcodec     60. 31.102 / 60. 31.102
  libavformat    60. 16.100 / 60. 16.100
  libavdevice    60.  3.100 / 60.  3.100
  libavfilter     9. 12.100 /  9. 12.100
  libswscale      7.  5.100 /  7.  5.100
  libswresample   4. 12.100 /  4. 12.100
  libpostproc    57.  3.100 / 57.  3.100
Input #0, mov,mp4,m4a,3gp,3g2,mj2, from 'E:\WorkBuddy\video-transfer-tools\video_pipeline\input\剧集\S01E04_seg30min.mp4':
  Metadata:
    major_brand     : isom
    minor_version   : 512
    compatible_brands: isomiso2avc1mp41
    encoder         : Lavf60.16.100
  Duration: 00:30:04.03, start: 0.000000, bitrate: 703 kb/s
  Stream #0:0[0x1](und): Video: h264 (High) (avc1 / 0x31637661), yuv420p(progressive), 712x400 [SAR 1:1 DAR 89:50], 650 kb/s, 25 fps, 25 tbr, 25k tbn (default)
    Metadata:
      handler_name    : mp4.264#trackID=1:fps=25.0@GPAC0.5.1-DEV-rev4929
      vendor_id       : [0][0][0][0]
  Stream #0:1[0x2](und): Audio: aac (HE-AAC) (mp4a / 0x6134706D), 48000 Hz, stereo, fltp, 48 kb/s (default)
    Metadata:
      handler_name    : Sound Media Handler
      vendor_id       : [0][0][0][0]
Stream mapping:
  Stream #0:1 -> #0:0 (aac (native) -> pcm_s16le (native))
Press [q] to stop, [?] for help
Output #0, wav, to 'E:\WorkBuddy\video-transfer-tools\video_pipeline\work\current\audio_clean.wav':
  Metadata:
    major_brand     : isom
    minor_version   : 512
    compatible_brands: isomiso2avc1mp41
    ISFT            : Lavf60.16.100
  Stream #0:0(und): Audio: pcm_s16le ([1][0][0][0] / 0x0001), 48000 Hz, stereo, s16, 1536 kb/s (default)
    Metadata:
      handler_name    : Sound Media Handler
      vendor_id       : [0][0][0][0]
      encoder         : Lavc60.31.102 pcm_s16le
size=       0kB time=00:00:00.00 bitrate=N/A speed=N/A    
[aac @ 0000023778602380] Reserved SBR extensions is not implemented. Update your FFmpeg version to the newest one from Git. If the problem still occurs, it means that your file has a feature which has not been implemented.
[aac @ 0000023778602380] If you want to help, upload a sample of this file to https://streams.videolan.org/upload/ and contact the ffmpeg-devel mailing list. (ffmpeg-devel@ffmpeg.org)
[aac @ 0000023778602380] Reserved SBR extensions is not implemented. Update your FFmpeg version to the newest one from Git. If the problem still occurs, it means that your file has a feature which has not been implemented.
[aac @ 0000023778602380] If you want to help, upload a sample of this file to https://streams.videolan.org/upload/ and contact the ffmpeg-devel mailing list. (ffmpeg-devel@ffmpeg.org)
[aac @ 0000023778602380] border_position non monotone.
[aac @ 0000023778602380] illegal icc
[aac @ 0000023778602380] Reserved SBR extensions is not implemented. Update your FFmpeg version to the newest one from Git. If the problem still occurs, it means that your file has a feature which has not been implemented.
[aac @ 0000023778602380] If you want to help, upload a sample of this file to https://streams.videolan.org/upload/ and contact the ffmpeg-devel mailing list. (ffmpeg-devel@ffmpeg.org)
[aac @ 0000023778602380] illegal icc
    Last message repeated 2 times
[aac @ 0000023778602380] Reserved SBR extensions is not implemented. Update your FFmpeg version to the newest one from Git. If the problem still occurs, it means that your file has a feature which has not been implemented.
[aac @ 0000023778602380] If you want to help, upload a sample of this file to https://streams.videolan.org/upload/ and contact the ffmpeg-devel mailing list. (ffmpeg-devel@ffmpeg.org)
[aac @ 0000023778602380] illegal icc
size=   75776kB time=00:06:44.86 bitrate=1533.2kbits/s speed= 809x    
size=  145920kB time=00:12:58.53 bitrate=1535.4kbits/s speed= 778x    
size=  220416kB time=00:19:36.70 bitrate=1534.5kbits/s speed= 784x    
size=  289792kB time=00:25:46.02 bitrate=1535.5kbits/s speed= 773x    
[out#0/wav @ 0000023778663fc0] video:0kB audio:338240kB subtitle:0kB other streams:0kB global headers:0kB muxing overhead: 0.000023%
size=  338240kB time=00:30:03.90 bitrate=1536.0kbits/s speed= 768x    

===== 2026-09-29 08:25:11 rc=0 (398.7s) =====
$ E:\WorkBuddy\video-transfer-tools\video_pipeline\.tools\ffmpeg\ffmpeg.EXE -y -i E:\WorkBuddy\video-transfer-tools\video_pipeline\work\current\video_ai.mp4 -c:v hevc_qsv -preset medium -global_quality 23 -c:a aac -b:a 320k -ar 48000 -movflags +faststart E:\WorkBuddy\video-transfer-tools\video_pipeline\work\current\transcoded.mp4
ffmpeg version 6.1.1-essentials_build-www.gyan.dev Copyright (c) 2000-2023 the FFmpeg developers
  built with gcc 12.2.0 (Rev10, Built by MSYS2 project)
  configuration: --enable-gpl --enable-version3 --enable-static --pkg-config=pkgconf --disable-w32threads --disable-autodetect --enable-fontconfig --enable-iconv --enable-gnutls --enable-libxml2 --enable-gmp --enable-bzlib --enable-lzma --enable-zlib --enable-libsrt --enable-libssh --enable-libzmq --enable-avisynth --enable-sdl2 --enable-libwebp --enable-libx264 --enable-libx265 --enable-libxvid --enable-libaom --enable-libopenjpeg --enable-libvpx --enable-mediafoundation --enable-libass --enable-libfreetype --enable-libfribidi --enable-libharfbuzz --enable-libvidstab --enable-libvmaf --enable-libzimg --enable-amf --enable-cuda-llvm --enable-cuvid --enable-ffnvcodec --enable-nvdec --enable-nvenc --enable-dxva2 --enable-d3d11va --enable-libvpl --enable-libgme --enable-libopenmpt --enable-libopencore-amrwb --enable-libmp3lame --enable-libtheora --enable-libvo-amrwbenc --enable-libgsm --enable-libopencore-amrnb --enable-libopus --enable-libspeex --enable-libvorbis --enable-librubberband
  libavutil      58. 29.100 / 58. 29.100
  libavcodec     60. 31.102 / 60. 31.102
  libavformat    60. 16.100 / 60. 16.100
  libavdevice    60.  3.100 / 60.  3.100
  libavfilter     9. 12.100 /  9. 12.100
  libswscale      7.  5.100 /  7.  5.100
  libswresample   4. 12.100 /  4. 12.100
  libpostproc    57.  3.100 / 57.  3.100
Input #0, mov,mp4,m4a,3gp,3g2,mj2, from 'E:\WorkBuddy\video-transfer-tools\video_pipeline\work\current\video_ai.mp4':
  Metadata:
    major_brand     : isom
    minor_version   : 512
    compatible_brands: isomiso2avc1mp41
    encoder         : Lavf60.16.100
  Duration: 00:30:04.06, start: 0.058000, bitrate: 3710 kb/s
  Stream #0:0[0x1](und): Video: h264 (High 4:4:4 Predictive) (avc1 / 0x31637661), yuv444p(progressive), 1424x800, 3510 kb/s, 25 fps, 25 tbr, 12800 tbn (default)
    Metadata:
      handler_name    : VideoHandler
      vendor_id       : [0][0][0][0]
      encoder         : Lavc60.31.102 libx264
  Stream #0:1[0x2](und): Audio: aac (LC) (mp4a / 0x6134706D), 48000 Hz, stereo, fltp, 193 kb/s (default)
    Metadata:
      handler_name    : Sound Media Handler
      vendor_id       : [0][0][0][0]
Stream mapping:
  Stream #0:0 -> #0:0 (h264 (native) -> hevc (hevc_qsv))
  Stream #0:1 -> #0:1 (aac (native) -> aac (native))
Press [q] to stop, [?] for help
Output #0, mp4, to 'E:\WorkBuddy\video-transfer-tools\video_pipeline\work\current\transcoded.mp4':
  Metadata:
    major_brand     : isom
    minor_version   : 512
    compatible_brands: isomiso2avc1mp41
    encoder         : Lavf60.16.100
  Stream #0:0(und): Video: hevc (hev1 / 0x31766568), vuyx(tv, progressive), 1424x800, q=2-31, 1000 kb/s, 25 fps, 12800 tbn (default)
    Metadata:
      handler_name    : VideoHandler
      vendor_id       : [0][0][0][0]
      encoder         : Lavc60.31.102 hevc_qsv
    Side data:
      cpb: bitrate max/min/avg: 0/0/1000000 buffer size: 0 vbv_delay: N/A
  Stream #0:1(und): Audio: aac (LC) (mp4a / 0x6134706D), 48000 Hz, stereo, fltp, 320 kb/s (default)
    Metadata:
      handler_name    : Sound Media Handler
      vendor_id       : [0][0][0][0]
      encoder         : Lavc60.31.102 aac
frame=    0 fps=0.0 q=0.0 size=       0kB time=00:00:00.57 bitrate=   0.6kbits/s dup=1 drop=0 speed=9.97x    
frame=    0 fps=0.0 q=0.0 size=       0kB time=00:00:00.59 bitrate=   0.6kbits/s dup=1 drop=0 speed=0.335x    
frame=  105 fps= 46 q=-0.0 size=     256kB time=00:00:05.16 bitrate= 406.3kbits/s dup=1 drop=0 speed=2.26x    
frame=  202 fps= 73 q=-0.0 size=     768kB time=00:00:09.04 bitrate= 695.6kbits/s dup=1 drop=0 speed=3.25x    
frame=  269 fps= 82 q=-0.0 size=    1280kB time=00:00:11.71 bitrate= 895.3kbits/s dup=1 drop=0 speed=3.57x    
frame=  325 fps= 86 q=-0.0 size=    1792kB time=00:00:13.97 bitrate=1050.6kbits/s dup=1 drop=0 speed=3.69x    
frame=  380 fps= 89 q=-0.0 size=    2048kB time=00:00:16.17 bitrate=1037.5kbits/s dup=1 drop=0 speed=3.77x    
frame=  438 fps= 91 q=-0.0 size=    2304kB time=00:00:18.49 bitrate=1020.5kbits/s dup=1 drop=0 speed=3.86x    
frame=  497 fps= 94 q=-0.0 size=    2560kB time=00:00:20.84 bitrate=1006.2kbits/s dup=1 drop=0 speed=3.94x    
frame=  557 fps= 96 q=-0.0 size=    2816kB time=00:00:23.25 bitrate= 992.1kbits/s dup=1 drop=0 speed=4.01x    
frame=  616 fps= 98 q=-0.0 size=    3072kB time=00:00:25.57 bitrate= 983.9kbits/s dup=1 drop=0 speed=4.06x    
frame=  675 fps= 99 q=-0.0 size=    3328kB time=00:00:27.96 bitrate= 974.8kbits/s dup=1 drop=0 speed=4.12x    
frame=  732 fps=100 q=-0.0 size=    3840kB time=00:00:30.25 bitrate=1039.9kbits/s dup=1 drop=0 speed=4.15x    
frame=  793 fps=102 q=-0.0 size=    4096kB time=00:00:32.66 bitrate=1027.4kbits/s dup=1 drop=0 speed=4.19x    
frame=  853 fps=103 q=-0.0 size=    4608kB time=00:00:35.09 bitrate=1075.7kbits/s dup=1 drop=0 speed=4.23x    
frame=  908 fps=103 q=-0.0 size=    4608kB time=00:00:37.29 bitrate=1012.3kbits/s dup=1 drop=0 speed=4.24x    
frame=  963 fps=104 q=-0.0 size=    4864kB time=00:00:39.48 bitrate=1009.1kbits/s dup=1 drop=0 speed=4.25x    
frame= 1021 fps=104 q=-0.0 size=    5376kB time=00:00:41.81 bitrate=1053.3kbits/s dup=1 drop=0 speed=4.27x    
frame= 1074 fps=104 q=-0.0 size=    5632kB time=00:00:43.92 bitrate=1050.4kbits/s dup=1 drop=0 speed=4.26x    
frame= 1126 fps=104 q=-0.0 size=    5632kB time=00:00:46.01 bitrate=1002.6kbits/s dup=1 drop=0 speed=4.26x    
frame= 1184 fps=105 q=-0.0 size=    5888kB time=00:00:48.32 bitrate= 998.2kbits/s dup=1 drop=0 speed=4.27x    
frame= 1240 fps=105 q=-0.0 size=    6144kB time=00:00:50.56 bitrate= 995.5kbits/s dup=1 drop=0 speed=4.28x    
frame= 1297 fps=105 q=-0.0 size=    6400kB time=00:00:52.84 bitrate= 992.2kbits/s dup=1 drop=0 speed=4.29x    
frame= 1351 fps=105 q=-0.0 size=    6912kB time=00:00:54.99 bitrate=1029.6kbits/s dup=1 drop=0 speed=4.29x    
frame= 1404 fps=105 q=-0.0 size=    7168kB time=00:00:57.13 bitrate=1027.8kbits/s dup=1 drop=0 speed=4.29x    
frame= 1460 fps=106 q=-0.0 size=    7424kB time=00:00:59.37 bitrate=1024.4kbits/s dup=1 drop=0 speed=4.29x    
frame= 1518 fps=106 q=-0.0 size=    7680kB time=00:01:01.67 bitrate=1020.1kbits/s dup=1 drop=0 speed= 4.3x    
frame= 1574 fps=106 q=-0.0 size=    7936kB time=00:01:03.93 bitrate=1016.8kbits/s dup=1 drop=0 speed=4.31x    
frame= 1630 fps=106 q=-0.0 size=    8192kB time=00:01:06.17 bitrate=1014.1kbits/s dup=1 drop=0 speed=4.32x    
frame= 1687 fps=107 q=-0.0 size=    8448kB time=00:01:08.43 bitrate=1011.2kbits/s dup=1 drop=0 speed=4.32x    
frame= 1753 fps=107 q=-0.0 size=    8960kB time=00:01:11.06 bitrate=1032.9kbits/s dup=1 drop=0 speed=4.35x    
frame= 1816 fps=108 q=-0.0 size=    9216kB time=00:01:13.57 bitrate=1026.1kbits/s dup=1 drop=0 speed=4.37x    
frame= 1872 fps=108 q=-0.0 size=    9472kB time=00:01:15.84 bitrate=1023.1kbits/s dup=1 drop=0 speed=4.37x    
frame= 1932 fps=108 q=-0.0 size=    9728kB time=00:01:18.22 bitrate=1018.7kbits/s dup=1 drop=0 speed=4.39x    
frame= 1988 fps=108 q=-0.0 size=    9984kB time=00:01:20.49 bitrate=1016.1kbits/s dup=1 drop=0 speed=4.39x    
frame= 2051 fps=109 q=-0.0 size=   10240kB time=00:01:23.00 bitrate=1010.6kbits/s dup=1 drop=0 speed=4.41x    
frame= 2109 fps=109 q=-0.0 size=   10496kB time=00:01:25.33 bitrate=1007.6kbits/s dup=1 drop=0 speed=4.41x    
frame= 2171 fps=109 q=-0.0 size=   11008kB time=00:01:27.80 bitrate=1027.0kbits/s dup=1 drop=0 speed=4.42x    
frame= 2233 fps=110 q=-0.0 size=   11264kB time=00:01:30.26 bitrate=1022.3kbits/s dup=1 drop=0 speed=4.44x    
frame= 2297 fps=110 q=-0.0 size=   11776kB time=00:01:32.84 bitrate=1039.1kbits/s dup=1 drop=0 speed=4.45x    
frame= 2358 fps=110 q=-0.0 size=   12288kB time=00:01:35.29 bitrate=1056.3kbits/s dup=1 drop=0 speed=4.46x    
frame= 2420 fps=111 q=-0.0 size=   12544kB time=00:01:37.77 bitrate=1051.0kbits/s dup=1 drop=0 speed=4.47x    
frame= 2479 fps=111 q=-0.0 size=   12800kB time=00:01:40.11 bitrate=1047.4kbits/s dup=1 drop=0 speed=4.48x    
frame= 2535 fps=111 q=-0.0 size=   13056kB time=00:01:42.35 bitrate=1044.9kbits/s dup=1 drop=0 speed=4.48x    
frame= 2590 fps=111 q=-0.0 size=   13312kB time=00:01:44.57 bitrate=1042.8kbits/s dup=1 drop=0 speed=4.48x    
frame= 2647 fps=111 q=-0.0 size=   13568kB time=00:01:46.83 bitrate=1040.4kbits/s dup=1 drop=0 speed=4.48x    
frame= 2705 fps=111 q=-0.0 size=   13824kB time=00:01:49.16 bitrate=1037.4kbits/s dup=1 drop=0 speed=4.48x    
frame= 2762 fps=111 q=-0.0 size=   14080kB time=00:01:51.44 bitrate=1035.0kbits/s dup=1 drop=0 speed=4.48x    
frame= 2817 fps=111 q=-0.0 size=   14336kB time=00:01:53.64 bitrate=1033.4kbits/s dup=1 drop=0 speed=4.48x    
frame= 2875 fps=111 q=-0.0 size=   14592kB time=00:01:55.96 bitrate=1030.8kbits/s dup=1 drop=0 speed=4.48x    
frame= 2939 fps=111 q=-0.0 size=   14848kB time=00:01:58.52 bitrate=1026.2kbits/s dup=1 drop=0 speed= 4.5x    
frame= 2995 fps=111 q=-0.0 size=   15104kB time=00:02:00.76 bitrate=1024.5kbits/s dup=1 drop=0 speed=4.49x    
frame= 3057 fps=112 q=-0.0 size=   15104kB time=00:02:03.24 bitrate=1004.0kbits/s dup=1 drop=0 speed= 4.5x    
frame= 3113 fps=112 q=-0.0 size=   15360kB time=00:02:05.48 bitrate=1002.8kbits/s dup=1 drop=0 speed= 4.5x    
frame= 3170 fps=112 q=-0.0 size=   15616kB time=00:02:07.76 bitrate=1001.3kbits/s dup=1 drop=0 speed= 4.5x    
frame= 3220 fps=112 q=-0.0 size=   15872kB time=00:02:09.77 bitrate=1002.0kbits/s dup=1 drop=0 speed=4.49x    
frame= 3272 fps=111 q=-0.0 size=   15872kB time=00:02:11.84 bitrate= 986.2kbits/s dup=1 drop=0 speed=4.49x    
frame= 3326 fps=111 q=-0.0 size=   16128kB time=00:02:14.01 bitrate= 985.9kbits/s dup=1 drop=0 speed=4.48x    
frame= 3379 fps=111 q=-0.0 size=   16384kB time=00:02:16.12 bitrate= 986.0kbits/s dup=1 drop=0 speed=4.48x    
frame= 3427 fps=111 q=-0.0 size=   16384kB time=00:02:18.04 bitrate= 972.3kbits/s dup=1 drop=0 speed=4.47x    
frame= 3479 fps=111 q=-0.0 size=   16640kB time=00:02:20.11 bitrate= 972.9kbits/s dup=1 drop=0 speed=4.46x    
frame= 3536 fps=111 q=-0.0 size=   16896kB time=00:02:22.40 bitrate= 972.0kbits/s dup=1 drop=0 speed=4.47x    
frame= 3598 fps=111 q=-0.0 size=   17152kB time=00:02:24.87 bitrate= 969.9kbits/s dup=1 drop=0 speed=4.47x    
frame= 3658 fps=111 q=-0.0 size=   17408kB time=00:02:27.26 bitrate= 968.4kbits/s dup=1 drop=0 speed=4.48x    
frame= 3709 fps=111 q=-0.0 size=   17408kB time=00:02:29.33 bitrate= 955.0kbits/s dup=1 drop=0 speed=4.47x    
frame= 3765 fps=111 q=-0.0 size=   17920kB time=00:02:31.55 bitrate= 968.7kbits/s dup=1 drop=0 speed=4.47x    
frame= 3829 fps=111 q=-0.0 size=   18176kB time=00:02:34.13 bitrate= 966.0kbits/s dup=1 drop=0 speed=4.48x    
frame= 3891 fps=111 q=-0.0 size=   18688kB time=00:02:36.60 bitrate= 977.6kbits/s dup=1 drop=0 speed=4.49x    
frame= 3949 fps=112 q=-0.0 size=   18944kB time=00:02:38.93 bitrate= 976.4kbits/s dup=1 drop=0 speed=4.49x    
frame= 4004 fps=112 q=-0.0 size=   19200kB time=00:02:41.13 bitrate= 976.1kbits/s dup=1 drop=0 speed=4.49x    
frame= 4066 fps=112 q=-0.0 size=   19456kB time=00:02:43.60 bitrate= 974.2kbits/s dup=1 drop=0 speed=4.49x    
frame= 4128 fps=112 q=-0.0 size=   19968kB time=00:02:46.08 bitrate= 984.9kbits/s dup=1 drop=0 speed= 4.5x    
frame= 4190 fps=112 q=-0.0 size=   20224kB time=00:02:48.57 bitrate= 982.8kbits/s dup=1 drop=0 speed=4.51x    
frame= 4253 fps=112 q=-0.0 size=   20480kB time=00:02:51.07 bitrate= 980.7kbits/s dup=1 drop=0 speed=4.51x    
frame= 4302 fps=112 q=-0.0 size=   20736kB time=00:02:53.05 bitrate= 981.6kbits/s dup=1 drop=0 speed=4.51x    
frame= 4355 fps=112 q=-0.0 size=   20992kB time=00:02:55.16 bitrate= 981.7kbits/s dup=1 drop=0 speed= 4.5x    
frame= 4401 fps=112 q=-0.0 size=   20992kB time=00:02:57.00 bitrate= 971.5kbits/s dup=1 drop=0 speed=4.49x    
frame= 4451 fps=112 q=-0.0 size=   21248kB time=00:02:59.00 bitrate= 972.4kbits/s dup=1 drop=0 speed=4.48x    
frame= 4505 fps=111 q=-0.0 size=   21504kB time=00:03:01.16 bitrate= 972.4kbits/s dup=1 drop=0 speed=4.48x    
frame= 4552 fps=111 q=-0.0 size=   21760kB time=00:03:03.04 bitrate= 973.9kbits/s dup=1 drop=0 speed=4.47x    
frame= 4600 fps=111 q=-0.0 size=   22016kB time=00:03:04.96 bitrate= 975.1kbits/s dup=1 drop=0 speed=4.47x    
frame= 4644 fps=111 q=-0.0 size=   22272kB time=00:03:06.70 bitrate= 977.2kbits/s dup=1 drop=0 speed=4.45x    
frame= 4696 fps=111 q=-0.0 size=   22528kB time=00:03:08.80 bitrate= 977.5kbits/s dup=1 drop=0 speed=4.45x    
frame= 4749 fps=111 q=-0.0 size=   22528kB time=00:03:10.93 bitrate= 966.6kbits/s dup=1 drop=0 speed=4.45x    
frame= 4801 fps=111 q=-0.0 size=   22784kB time=00:03:12.98 bitrate= 967.2kbits/s dup=1 drop=0 speed=4.44x    
frame= 4854 fps=110 q=-0.0 size=   23040kB time=00:03:15.13 bitrate= 967.2kbits/s dup=1 drop=0 speed=4.44x    
frame= 4899 fps=110 q=-0.0 size=   23296kB time=00:03:16.92 bitrate= 969.1kbits/s dup=1 drop=0 speed=4.43x    
frame= 4951 fps=110 q=-0.0 size=   23296kB time=00:03:18.99 bitrate= 959.0kbits/s dup=1 drop=0 speed=4.43x    
frame= 4998 fps=110 q=-0.0 size=   23552kB time=00:03:20.89 bitrate= 960.4kbits/s dup=1 drop=0 speed=4.42x    
frame= 5048 fps=110 q=-0.0 size=   23808kB time=00:03:22.88 bitrate= 961.3kbits/s dup=1 drop=0 speed=4.42x    
frame= 5099 fps=110 q=-0.0 size=   24064kB time=00:03:24.92 bitrate= 962.0kbits/s dup=1 drop=0 speed=4.41x    
frame= 5156 fps=110 q=-0.0 size=   24320kB time=00:03:27.21 bitrate= 961.5kbits/s dup=1 drop=0 speed=4.41x    
frame= 5219 fps=110 q=-0.0 size=   24576kB time=00:03:29.72 bitrate= 959.9kbits/s dup=1 drop=0 speed=4.42x    
frame= 5277 fps=110 q=-0.0 size=   24832kB time=00:03:32.03 bitrate= 959.4kbits/s dup=1 drop=0 speed=4.42x    
frame= 5334 fps=110 q=-0.0 size=   25088kB time=00:03:34.33 bitrate= 958.9kbits/s dup=1 drop=0 speed=4.42x    
frame= 5390 fps=110 q=-0.0 size=   25344kB time=00:03:36.57 bitrate= 958.6kbits/s dup=1 drop=0 speed=4.42x    
frame= 5449 fps=110 q=-0.0 size=   25600kB time=00:03:38.92 bitrate= 957.9kbits/s dup=1 drop=0 speed=4.43x    
frame= 5506 fps=110 q=-0.0 size=   25856kB time=00:03:41.20 bitrate= 957.5kbits/s dup=1 drop=0 speed=4.43x    
frame= 5553 fps=110 q=-0.0 size=   26112kB time=00:03:43.08 bitrate= 958.9kbits/s dup=1 drop=0 speed=4.42x    
frame= 5606 fps=110 q=-0.0 size=   26112kB time=00:03:45.21 bitrate= 949.8kbits/s dup=1 drop=0 speed=4.42x    
frame= 5662 fps=110 q=-0.0 size=   26368kB time=00:03:47.45 bitrate= 949.7kbits/s dup=1 drop=0 speed=4.42x    
frame= 5724 fps=110 q=-0.0 size=   26624kB time=00:03:49.93 bitrate= 948.6kbits/s dup=1 drop=0 speed=4.42x    
frame= 5782 fps=110 q=-0.0 size=   26880kB time=00:03:52.25 bitrate= 948.1kbits/s dup=1 drop=0 speed=4.43x    
frame= 5838 fps=110 q=-0.0 size=   27136kB time=00:03:54.49 bitrate= 948.0kbits/s dup=1 drop=0 speed=4.43x    
frame= 5892 fps=110 q=-0.0 size=   27392kB time=00:03:56.65 bitrate= 948.2kbits/s dup=1 drop=0 speed=4.42x    
frame= 5940 fps=110 q=-0.0 size=   27648kB time=00:03:58.57 bitrate= 949.4kbits/s dup=1 drop=0 speed=4.42x    
frame= 5986 fps=110 q=-0.0 size=   27648kB time=00:04:00.40 bitrate= 942.1kbits/s dup=1 drop=0 speed=4.41x    
frame= 6035 fps=110 q=-0.0 size=   27904kB time=00:04:02.34 bitrate= 943.2kbits/s dup=1 drop=0 speed=4.41x    
frame= 6086 fps=110 q=-0.0 size=   28160kB time=00:04:04.39 bitrate= 943.9kbits/s dup=1 drop=0 speed= 4.4x    
frame= 6143 fps=110 q=-0.0 size=   28416kB time=00:04:06.67 bitrate= 943.7kbits/s dup=1 drop=0 speed=4.41x    
frame= 6187 fps=109 q=-0.0 size=   28416kB time=00:04:08.44 bitrate= 937.0kbits/s dup=1 drop=0 speed= 4.4x    
frame= 6243 fps=110 q=-0.0 size=   28672kB time=00:04:10.68 bitrate= 936.9kbits/s dup=1 drop=0 speed= 4.4x    
frame= 6317 fps=110 q=-0.0 size=   28928kB time=00:04:13.65 bitrate= 934.3kbits/s dup=1 drop=0 speed=4.41x    
frame= 6371 fps=110 q=-0.0 size=   29184kB time=00:04:15.78 bitrate= 934.7kbits/s dup=1 drop=0 speed=4.41x    
frame= 6423 fps=110 q=-0.0 size=   29440kB time=00:04:17.87 bitrate= 935.2kbits/s dup=1 drop=0 speed=4.41x    
frame= 6480 fps=110 q=-0.0 size=   29696kB time=00:04:20.16 bitrate= 935.1kbits/s dup=1 drop=0 speed=4.41x    
frame= 6540 fps=110 q=-0.0 size=   29952kB time=00:04:22.57 bitrate= 934.5kbits/s dup=1 drop=0 speed=4.41x    
frame= 6598 fps=110 q=-0.0 size=   29952kB time=00:04:24.89 bitrate= 926.3kbits/s dup=1 drop=0 speed=4.41x    
frame= 6655 fps=110 q=-0.0 size=   30208kB time=00:04:27.15 bitrate= 926.3kbits/s dup=1 drop=0 speed=4.41x    
frame= 6715 fps=110 q=-0.0 size=   30464kB time=00:04:29.56 bitrate= 925.8kbits/s dup=1 drop=0 speed=4.42x    
frame= 6776 fps=110 q=-0.0 size=   30720kB time=00:04:32.00 bitrate= 925.2kbits/s dup=1 drop=0 speed=4.42x    
frame= 6835 fps=110 q=-0.0 size=   30976kB time=00:04:34.36 bitrate= 924.9kbits/s dup=1 drop=0 speed=4.42x    
frame= 6894 fps=110 q=-0.0 size=   31232kB time=00:04:36.71 bitrate= 924.6kbits/s dup=1 drop=0 speed=4.43x    
frame= 6950 fps=110 q=-0.0 size=   31488kB time=00:04:38.97 bitrate= 924.6kbits/s dup=1 drop=0 speed=4.43x    
frame= 7002 fps=110 q=-0.0 size=   31488kB time=00:04:41.02 bitrate= 917.9kbits/s dup=1 drop=0 speed=4.42x    
frame= 7055 fps=110 q=-0.0 size=   31744kB time=00:04:43.15 bitrate= 918.4kbits/s dup=1 drop=0 speed=4.42x    
frame= 7111 fps=110 q=-0.0 size=   32000kB time=00:04:45.39 bitrate= 918.5kbits/s dup=1 drop=0 speed=4.42x    
frame= 7172 fps=110 q=-0.0 size=   32256kB time=00:04:47.85 bitrate= 918.0kbits/s dup=1 drop=0 speed=4.43x    
frame= 7229 fps=110 q=-0.0 size=   32512kB time=00:04:50.13 bitrate= 918.0kbits/s dup=1 drop=0 speed=4.43x    
frame= 7284 fps=110 q=-0.0 size=   32768kB time=00:04:52.33 bitrate= 918.3kbits/s dup=1 drop=0 speed=4.43x    
frame= 7343 fps=110 q=-0.0 size=   33024kB time=00:04:54.67 bitrate= 918.1kbits/s dup=1 drop=0 speed=4.43x    
frame= 7402 fps=110 q=-0.0 size=   33280kB time=00:04:57.04 bitrate= 917.8kbits/s dup=1 drop=0 speed=4.43x    
frame= 7459 fps=110 q=-0.0 size=   33536kB time=00:04:59.32 bitrate= 917.8kbits/s dup=1 drop=0 speed=4.43x    
frame= 7516 fps=110 q=-0.0 size=   33536kB time=00:05:01.61 bitrate= 910.9kbits/s dup=1 drop=0 speed=4.43x    
frame= 7573 fps=110 q=-0.0 size=   33792kB time=00:05:03.89 bitrate= 910.9kbits/s dup=1 drop=0 speed=4.43x    
frame= 7632 fps=111 q=-0.0 size=   34048kB time=00:05:06.24 bitrate= 910.8kbits/s dup=1 drop=0 speed=4.43x    
frame= 7680 fps=110 q=-0.0 size=   34304kB time=00:05:08.13 bitrate= 912.0kbits/s dup=1 drop=0 speed=4.43x    
frame= 7734 fps=110 q=-0.0 size=   34560kB time=00:05:10.33 bitrate= 912.3kbits/s dup=1 drop=0 speed=4.43x    
frame= 7790 fps=110 q=-0.0 size=   34560kB time=00:05:12.57 bitrate= 905.8kbits/s dup=1 drop=0 speed=4.43x    
frame= 7844 fps=110 q=-0.0 size=   34816kB time=00:05:14.70 bitrate= 906.3kbits/s dup=1 drop=0 speed=4.43x    
frame= 7898 fps=110 q=-0.0 size=   35072kB time=00:05:16.88 bitrate= 906.7kbits/s dup=1 drop=0 speed=4.43x    
frame= 7948 fps=110 q=-0.0 size=   35072kB time=00:05:18.89 bitrate= 901.0kbits/s dup=1 drop=0 speed=4.43x    
frame= 7992 fps=110 q=-0.0 size=   35328kB time=00:05:20.61 bitrate= 902.7kbits/s dup=1 drop=0 speed=4.42x    
frame= 8036 fps=110 q=-0.0 size=   35584kB time=00:05:22.41 bitrate= 904.1kbits/s dup=1 drop=0 speed=4.41x    
frame= 8084 fps=110 q=-0.0 size=   35584kB time=00:05:24.33 bitrate= 898.8kbits/s dup=1 drop=0 speed=4.41x    
frame= 8136 fps=110 q=-0.0 size=   35840kB time=00:05:26.40 bitrate= 899.5kbits/s dup=1 drop=0 speed=4.41x    
frame= 8186 fps=110 q=-0.0 size=   36096kB time=00:05:28.40 bitrate= 900.4kbits/s dup=1 drop=0 speed= 4.4x    
frame= 8234 fps=110 q=-0.0 size=   36096kB time=00:05:30.32 bitrate= 895.2kbits/s dup=1 drop=0 speed= 4.4x    
frame= 8286 fps=110 q=-0.0 size=   36352kB time=00:05:32.41 bitrate= 895.9kbits/s dup=1 drop=0 speed= 4.4x    
frame= 8336 fps=110 q=-0.0 size=   36608kB time=00:05:34.37 bitrate= 896.9kbits/s dup=1 drop=0 speed=4.39x    
frame= 8384 fps=109 q=-0.0 size=   36608kB time=00:05:36.32 bitrate= 891.7kbits/s dup=1 drop=0 speed=4.39x    
frame= 8435 fps=109 q=-0.0 size=   36864kB time=00:05:38.34 bitrate= 892.5kbits/s dup=1 drop=0 speed=4.39x    
frame= 8482 fps=109 q=-0.0 size=   37120kB time=00:05:40.24 bitrate= 893.7kbits/s dup=1 drop=0 speed=4.39x    
frame= 8536 fps=109 q=-0.0 size=   37120kB time=00:05:42.40 bitrate= 888.1kbits/s dup=1 drop=0 speed=4.38x    
frame= 8591 fps=109 q=-0.0 size=   37376kB time=00:05:44.59 bitrate= 888.5kbits/s dup=1 drop=0 speed=4.38x    
frame= 8638 fps=109 q=-0.0 size=   37632kB time=00:05:46.47 bitrate= 889.8kbits/s dup=1 drop=0 speed=4.38x    
frame= 8684 fps=109 q=-0.0 size=   37632kB time=00:05:48.33 bitrate= 885.0kbits/s dup=1 drop=0 speed=4.38x    
frame= 8735 fps=109 q=-0.0 size=   37888kB time=00:05:50.35 bitrate= 885.9kbits/s dup=1 drop=0 speed=4.37x    
frame= 8793 fps=109 q=-0.0 size=   38144kB time=00:05:52.68 bitrate= 886.0kbits/s dup=1 drop=0 speed=4.38x    
frame= 8850 fps=109 q=-0.0 size=   38400kB time=00:05:54.94 bitrate= 886.3kbits/s dup=1 drop=0 speed=4.38x    
frame= 8901 fps=109 q=-0.0 size=   38400kB time=00:05:57.01 bitrate= 881.1kbits/s dup=1 drop=0 speed=4.38x    
frame= 8947 fps=109 q=-0.0 size=   38656kB time=00:05:58.84 bitrate= 882.5kbits/s dup=1 drop=0 speed=4.37x    
frame= 9002 fps=109 q=-0.0 size=   38912kB time=00:06:01.04 bitrate= 882.9kbits/s dup=1 drop=0 speed=4.37x    
frame= 9060 fps=109 q=-0.0 size=   39168kB time=00:06:03.34 bitrate= 883.1kbits/s dup=1 drop=0 speed=4.37x    
frame= 9110 fps=109 q=-0.0 size=   39424kB time=00:06:05.37 bitrate= 883.9kbits/s dup=1 drop=0 speed=4.37x    
frame= 9159 fps=109 q=-0.0 size=   39424kB time=00:06:07.31 bitrate= 879.2kbits/s dup=1 drop=0 speed=4.37x    
frame= 9214 fps=109 q=-0.0 size=   39680kB time=00:06:09.53 bitrate= 879.6kbits/s dup=1 drop=0 speed=4.37x    
frame= 9273 fps=109 q=-0.0 size=   39936kB time=00:06:11.88 bitrate= 879.7kbits/s dup=1 drop=0 speed=4.37x    
frame= 9323 fps=109 q=-0.0 size=   40192kB time=00:06:13.86 bitrate= 880.7kbits/s dup=1 drop=0 speed=4.37x    
frame= 9379 fps=109 q=-0.0 size=   40448kB time=00:06:16.12 bitrate= 881.0kbits/s dup=1 drop=0 speed=4.37x    
frame= 9437 fps=109 q=-0.0 size=   40704kB time=00:06:18.43 bitrate= 881.1kbits/s dup=1 drop=0 speed=4.37x    
frame= 9497 fps=109 q=-0.0 size=   40960kB time=00:06:20.82 bitrate= 881.1kbits/s dup=1 drop=0 speed=4.37x    
frame= 9550 fps=109 q=-0.0 size=   41216kB time=00:06:22.97 bitrate= 881.6kbits/s dup=1 drop=0 speed=4.37x    
frame= 9628 fps=109 q=-0.0 size=   41472kB time=00:06:26.09 bitrate= 879.9kbits/s dup=1 drop=0 speed=4.38x    
frame= 9700 fps=109 q=-0.0 size=   41984kB time=00:06:28.97 bitrate= 884.2kbits/s dup=1 drop=0 speed=4.39x    
frame= 9777 fps=110 q=-0.0 size=   42496kB time=00:06:32.02 bitrate= 888.0kbits/s dup=1 drop=0 speed= 4.4x    
frame= 9850 fps=110 q=-0.0 size=   42752kB time=00:06:34.94 bitrate= 886.8kbits/s dup=1 drop=0 speed=4.41x    
frame= 9915 fps=110 q=-0.0 size=   43264kB time=00:06:37.56 bitrate= 891.5kbits/s dup=1 drop=0 speed=4.41x    
frame= 9980 fps=110 q=-0.0 size=   43520kB time=00:06:40.17 bitrate= 890.9kbits/s dup=1 drop=0 speed=4.42x    
frame=10040 fps=110 q=-0.0 size=   44032kB time=00:06:42.56 bitrate= 896.0kbits/s dup=1 drop=0 speed=4.42x    
frame=10100 fps=110 q=-0.0 size=   44288kB time=00:06:44.97 bitrate= 895.9kbits/s dup=1 drop=0 speed=4.42x    
frame=10164 fps=110 q=-0.0 size=   44544kB time=00:06:47.53 bitrate= 895.4kbits/s dup=1 drop=0 speed=4.42x    
frame=10226 fps=110 q=-0.0 size=   44800kB time=00:06:50.00 bitrate= 895.1kbits/s dup=1 drop=0 speed=4.43x    
frame=10289 fps=110 q=-0.0 size=   45056kB time=00:06:52.50 bitrate= 894.8kbits/s dup=1 drop=0 speed=4.43x    
frame=10347 fps=110 q=-0.0 size=   45568kB time=00:06:54.84 bitrate= 899.8kbits/s dup=1 drop=0 speed=4.43x    
frame=10411 fps=111 q=-0.0 size=   45824kB time=00:06:57.40 bitrate= 899.3kbits/s dup=1 drop=0 speed=4.43x    
frame=10472 fps=111 q=-0.0 size=   46080kB time=00:06:59.84 bitrate= 899.1kbits/s dup=1 drop=0 speed=4.44x    
frame=10532 fps=111 q=-0.0 size=   46336kB time=00:07:02.25 bitrate= 899.0kbits/s dup=1 drop=0 speed=4.44x    
frame=10592 fps=111 q=-0.0 size=   46592kB time=00:07:04.64 bitrate= 898.8kbits/s dup=1 drop=0 speed=4.44x    
frame=10651 fps=111 q=-0.0 size=   46848kB time=00:07:07.00 bitrate= 898.8kbits/s dup=1 drop=0 speed=4.44x    
frame=10715 fps=111 q=-0.0 size=   47104kB time=00:07:09.56 bitrate= 898.3kbits/s dup=1 drop=0 speed=4.44x    
frame=10772 fps=111 q=-0.0 size=   47360kB time=00:07:11.85 bitrate= 898.4kbits/s dup=1 drop=0 speed=4.44x    
frame=10829 fps=111 q=-0.0 size=   47616kB time=00:07:14.11 bitrate= 898.5kbits/s dup=1 drop=0 speed=4.45x    
frame=10891 fps=111 q=-0.0 size=   47872kB time=00:07:16.60 bitrate= 898.2kbits/s dup=1 drop=0 speed=4.45x    
frame=10954 fps=111 q=-0.0 size=   48128kB time=00:07:19.10 bitrate= 897.9kbits/s dup=1 drop=0 speed=4.45x    
frame=11009 fps=111 q=-0.0 size=   48640kB time=00:07:21.32 bitrate= 902.9kbits/s dup=1 drop=0 speed=4.45x    
frame=11068 fps=111 q=-0.0 size=   48896kB time=00:07:23.69 bitrate= 902.8kbits/s dup=1 drop=0 speed=4.45x    
frame=11126 fps=111 q=-0.0 size=   48896kB time=00:07:26.01 bitrate= 898.1kbits/s dup=1 drop=0 speed=4.45x    
frame=11181 fps=111 q=-0.0 size=   49408kB time=00:07:28.19 bitrate= 903.1kbits/s dup=1 drop=0 speed=4.45x    
frame=11238 fps=111 q=-0.0 size=   49408kB time=00:07:30.47 bitrate= 898.5kbits/s dup=1 drop=0 speed=4.45x    
frame=11296 fps=111 q=-0.0 size=   49664kB time=00:07:32.80 bitrate= 898.5kbits/s dup=1 drop=0 speed=4.45x    
frame=11358 fps=111 q=-0.0 size=   49920kB time=00:07:35.29 bitrate= 898.2kbits/s dup=1 drop=0 speed=4.46x    
frame=11417 fps=111 q=-0.0 size=   50176kB time=00:07:37.64 bitrate= 898.2kbits/s dup=1 drop=0 speed=4.46x    
frame=11475 fps=111 q=-0.0 size=   50688kB time=00:07:39.96 bitrate= 902.8kbits/s dup=1 drop=0 speed=4.46x    
frame=11538 fps=111 q=-0.0 size=   50944kB time=00:07:42.48 bitrate= 902.4kbits/s dup=1 drop=0 speed=4.46x    
frame=11595 fps=111 q=-0.0 size=   51200kB time=00:07:44.76 bitrate= 902.5kbits/s dup=1 drop=0 speed=4.46x    
frame=11654 fps=111 q=-0.0 size=   51456kB time=00:07:47.13 bitrate= 902.4kbits/s dup=1 drop=0 speed=4.46x    
frame=11712 fps=111 q=-0.0 size=   51712kB time=00:07:49.44 bitrate= 902.4kbits/s dup=1 drop=0 speed=4.46x    
frame=11770 fps=111 q=-0.0 size=   51968kB time=00:07:51.72 bitrate= 902.5kbits/s dup=1 drop=0 speed=4.46x    
frame=11822 fps=111 q=-0.0 size=   52224kB time=00:07:53.85 bitrate= 902.8kbits/s dup=1 drop=0 speed=4.46x    
frame=11881 fps=111 q=-0.0 size=   52480kB time=00:07:56.18 bitrate= 902.8kbits/s dup=1 drop=0 speed=4.46x    
frame=11941 fps=111 q=-0.0 size=   52736kB time=00:07:58.61 bitrate= 902.6kbits/s dup=1 drop=0 speed=4.46x    
frame=11995 fps=111 q=-0.0 size=   52992kB time=00:08:00.76 bitrate= 903.0kbits/s dup=1 drop=0 speed=4.46x    
frame=12052 fps=111 q=-0.0 size=   53248kB time=00:08:03.05 bitrate= 903.0kbits/s dup=1 drop=0 speed=4.46x    
frame=12111 fps=111 q=-0.0 size=   53504kB time=00:08:05.39 bitrate= 903.0kbits/s dup=1 drop=0 speed=4.47x    
frame=12170 fps=111 q=-0.0 size=   53760kB time=00:08:07.76 bitrate= 902.9kbits/s dup=1 drop=0 speed=4.47x    
frame=12228 fps=111 q=-0.0 size=   54016kB time=00:08:10.09 bitrate= 902.9kbits/s dup=1 drop=0 speed=4.47x    
frame=12282 fps=111 q=-0.0 size=   54016kB time=00:08:12.22 bitrate= 899.0kbits/s dup=1 drop=0 speed=4.47x    
frame=12337 fps=111 q=-0.0 size=   54272kB time=00:08:14.42 bitrate= 899.2kbits/s dup=1 drop=0 speed=4.47x    
frame=12398 fps=111 q=-0.0 size=   54528kB time=00:08:16.87 bitrate= 899.0kbits/s dup=1 drop=0 speed=4.47x    
frame=12452 fps=111 q=-0.0 size=   54784kB time=00:08:19.05 bitrate= 899.3kbits/s dup=1 drop=0 speed=4.47x    
frame=12500 fps=111 q=-0.0 size=   55040kB time=00:08:20.97 bitrate= 900.0kbits/s dup=1 drop=0 speed=4.46x    
frame=12558 fps=111 q=-0.0 size=   55296kB time=00:08:23.29 bitrate= 900.0kbits/s dup=1 drop=0 speed=4.46x    
frame=12618 fps=111 q=-0.0 size=   55552kB time=00:08:25.68 bitrate= 899.9kbits/s dup=1 drop=0 speed=4.47x    
frame=12677 fps=111 q=-0.0 size=   55808kB time=00:08:28.03 bitrate= 899.9kbits/s dup=1 drop=0 speed=4.47x    
frame=12734 fps=111 q=-0.0 size=   56064kB time=00:08:30.33 bitrate= 899.9kbits/s dup=1 drop=0 speed=4.47x    
frame=12795 fps=112 q=-0.0 size=   56320kB time=00:08:32.76 bitrate= 899.8kbits/s dup=1 drop=0 speed=4.47x    
frame=12854 fps=112 q=-0.0 size=   56576kB time=00:08:35.13 bitrate= 899.7kbits/s dup=1 drop=0 speed=4.47x    
frame=12917 fps=112 q=-0.0 size=   57088kB time=00:08:37.63 bitrate= 903.5kbits/s dup=1 drop=0 speed=4.47x    
frame=12973 fps=112 q=-0.0 size=   57088kB time=00:08:39.89 bitrate= 899.5kbits/s dup=1 drop=0 speed=4.47x    
frame=13028 fps=112 q=-0.0 size=   57344kB time=00:08:42.06 bitrate= 899.8kbits/s dup=1 drop=0 speed=4.47x    
frame=13084 fps=112 q=-0.0 size=   57600kB time=00:08:44.33 bitrate= 899.9kbits/s dup=1 drop=0 speed=4.47x    
frame=13138 fps=112 q=-0.0 size=   57856kB time=00:08:46.48 bitrate= 900.2kbits/s dup=1 drop=0 speed=4.47x    
frame=13193 fps=112 q=-0.0 size=   58624kB time=00:08:48.68 bitrate= 908.4kbits/s dup=1 drop=0 speed=4.47x    
frame=13246 fps=112 q=-0.0 size=   59136kB time=00:08:50.81 bitrate= 912.6kbits/s dup=1 drop=0 speed=4.47x    
frame=13301 fps=112 q=-0.0 size=   59648kB time=00:08:53.01 bitrate= 916.7kbits/s dup=1 drop=0 speed=4.47x    
frame=13357 fps=112 q=-0.0 size=   60160kB time=00:08:55.25 bitrate= 920.7kbits/s dup=1 drop=0 speed=4.47x    
frame=13410 fps=112 q=-0.0 size=   60672kB time=00:08:57.36 bitrate= 924.9kbits/s dup=1 drop=0 speed=4.47x    
frame=13467 fps=112 q=-0.0 size=   61184kB time=00:08:59.64 bitrate= 928.8kbits/s dup=1 drop=0 speed=4.47x    
frame=13524 fps=112 q=-0.0 size=   61440kB time=00:09:01.93 bitrate= 928.7kbits/s dup=1 drop=0 speed=4.47x    
frame=13584 fps=112 q=-0.0 size=   61952kB time=00:09:04.32 bitrate= 932.4kbits/s dup=1 drop=0 speed=4.47x    
frame=13645 fps=112 q=-0.0 size=   62720kB time=00:09:06.77 bitrate= 939.7kbits/s dup=1 drop=0 speed=4.47x    
frame=13705 fps=112 q=-0.0 size=   63232kB time=00:09:09.16 bitrate= 943.2kbits/s dup=1 drop=0 speed=4.47x    
frame=13762 fps=112 q=-0.0 size=   63744kB time=00:09:11.44 bitrate= 947.0kbits/s dup=1 drop=0 speed=4.47x    
frame=13820 fps=112 q=-0.0 size=   64000kB time=00:09:13.77 bitrate= 946.8kbits/s dup=1 drop=0 speed=4.47x    
frame=13870 fps=112 q=-0.0 size=   64256kB time=00:09:15.77 bitrate= 947.1kbits/s dup=1 drop=0 speed=4.47x    
frame=13926 fps=112 q=-0.0 size=   64512kB time=00:09:18.01 bitrate= 947.1kbits/s dup=1 drop=0 speed=4.47x    
frame=13986 fps=112 q=-0.0 size=   64768kB time=00:09:20.40 bitrate= 946.8kbits/s dup=1 drop=0 speed=4.47x    
frame=14045 fps=112 q=-0.0 size=   65024kB time=00:09:22.77 bitrate= 946.5kbits/s dup=1 drop=0 speed=4.47x    
frame=14097 fps=112 q=-0.0 size=   65280kB time=00:09:24.84 bitrate= 946.8kbits/s dup=1 drop=0 speed=4.47x    
frame=14152 fps=112 q=-0.0 size=   65536kB time=00:09:27.01 bitrate= 946.8kbits/s dup=1 drop=0 speed=4.47x    
frame=14209 fps=112 q=-0.0 size=   65536kB time=00:09:29.32 bitrate= 943.0kbits/s dup=1 drop=0 speed=4.47x    
frame=14262 fps=112 q=-0.0 size=   65792kB time=00:09:31.45 bitrate= 943.1kbits/s dup=1 drop=0 speed=4.47x    
frame=14316 fps=112 q=-0.0 size=   66048kB time=00:09:33.61 bitrate= 943.3kbits/s dup=1 drop=0 speed=4.47x    
frame=14370 fps=112 q=-0.0 size=   66304kB time=00:09:35.76 bitrate= 943.4kbits/s dup=1 drop=0 speed=4.47x    
frame=14429 fps=112 q=-0.0 size=   66304kB time=00:09:38.13 bitrate= 939.5kbits/s dup=1 drop=0 speed=4.47x    
frame=14484 fps=112 q=-0.0 size=   66560kB time=00:09:40.33 bitrate= 939.6kbits/s dup=1 drop=0 speed=4.47x    
frame=14538 fps=112 q=-0.0 size=   66816kB time=00:09:42.46 bitrate= 939.7kbits/s dup=1 drop=0 speed=4.47x    
frame=14596 fps=112 q=-0.0 size=   67072kB time=00:09:44.81 bitrate= 939.5kbits/s dup=1 drop=0 speed=4.47x    
frame=14648 fps=112 q=-0.0 size=   67328kB time=00:09:46.88 bitrate= 939.8kbits/s dup=1 drop=0 speed=4.47x    
frame=14698 fps=112 q=-0.0 size=   67328kB time=00:09:48.86 bitrate= 936.6kbits/s dup=1 drop=0 speed=4.47x    
frame=14750 fps=111 q=-0.0 size=   67584kB time=00:09:50.95 bitrate= 936.9kbits/s dup=1 drop=0 speed=4.47x    
frame=14810 fps=112 q=-0.0 size=   67840kB time=00:09:53.34 bitrate= 936.6kbits/s dup=1 drop=0 speed=4.47x    
frame=14862 fps=111 q=-0.0 size=   68096kB time=00:09:55.45 bitrate= 936.8kbits/s dup=1 drop=0 speed=4.47x    
frame=14921 fps=112 q=-0.0 size=   68352kB time=00:09:57.80 bitrate= 936.7kbits/s dup=1 drop=0 speed=4.47x    
frame=14974 fps=111 q=-0.0 size=   68608kB time=00:09:59.91 bitrate= 936.9kbits/s dup=1 drop=0 speed=4.47x    
frame=15032 fps=111 q=-0.0 size=   68864kB time=00:10:02.24 bitrate= 936.7kbits/s dup=1 drop=0 speed=4.47x    
frame=15092 fps=112 q=-0.0 size=   69120kB time=00:10:04.65 bitrate= 936.5kbits/s dup=1 drop=0 speed=4.47x    
frame=15154 fps=112 q=-0.0 size=   69376kB time=00:10:07.12 bitrate= 936.1kbits/s dup=1 drop=0 speed=4.47x    
frame=15208 fps=112 q=-0.0 size=   69632kB time=00:10:09.28 bitrate= 936.2kbits/s dup=1 drop=0 speed=4.47x    
frame=15268 fps=112 q=-0.0 size=   69888kB time=00:10:11.66 bitrate= 936.0kbits/s dup=1 drop=0 speed=4.47x    
frame=15323 fps=112 q=-0.0 size=   70400kB time=00:10:13.88 bitrate= 939.5kbits/s dup=1 drop=0 speed=4.47x    
frame=15389 fps=112 q=-0.0 size=   70656kB time=00:10:16.53 bitrate= 938.8kbits/s dup=1 drop=0 speed=4.47x    
frame=15451 fps=112 q=-0.0 size=   70912kB time=00:10:19.00 bitrate= 938.5kbits/s dup=1 drop=0 speed=4.47x    
frame=15507 fps=112 q=-0.0 size=   71168kB time=00:10:21.24 bitrate= 938.4kbits/s dup=1 drop=0 speed=4.47x    
frame=15561 fps=112 q=-0.0 size=   71424kB time=00:10:23.40 bitrate= 938.6kbits/s dup=1 drop=0 speed=4.47x    
frame=15614 fps=112 q=-0.0 size=   71680kB time=00:10:25.51 bitrate= 938.8kbits/s dup=1 drop=0 speed=4.47x    
frame=15679 fps=112 q=-0.0 size=   71936kB time=00:10:28.11 bitrate= 938.2kbits/s dup=1 drop=0 speed=4.47x    
frame=15741 fps=112 q=-0.0 size=   72448kB time=00:10:30.59 bitrate= 941.2kbits/s dup=1 drop=0 speed=4.48x    
frame=15796 fps=112 q=-0.0 size=   72704kB time=00:10:32.81 bitrate= 941.2kbits/s dup=1 drop=0 speed=4.48x    
frame=15862 fps=112 q=-0.0 size=   72960kB time=00:10:35.45 bitrate= 940.6kbits/s dup=1 drop=0 speed=4.48x    
frame=15924 fps=112 q=-0.0 size=   73216kB time=00:10:37.93 bitrate= 940.2kbits/s dup=1 drop=0 speed=4.48x    
frame=15980 fps=112 q=-0.0 size=   73472kB time=00:10:40.17 bitrate= 940.2kbits/s dup=1 drop=0 speed=4.48x    
frame=16036 fps=112 q=-0.0 size=   73728kB time=00:10:42.38 bitrate= 940.2kbits/s dup=1 drop=0 speed=4.48x    
frame=16102 fps=112 q=-0.0 size=   73984kB time=00:10:45.05 bitrate= 939.6kbits/s dup=1 drop=0 speed=4.48x    
frame=16162 fps=112 q=-0.0 size=   74240kB time=00:10:47.44 bitrate= 939.3kbits/s dup=1 drop=0 speed=4.48x    
frame=16220 fps=112 q=-0.0 size=   74752kB time=00:10:49.77 bitrate= 942.4kbits/s dup=1 drop=0 speed=4.48x    
frame=16274 fps=112 q=-0.0 size=   75008kB time=00:10:51.92 bitrate= 942.5kbits/s dup=1 drop=0 speed=4.48x    
frame=16325 fps=112 q=-0.0 size=   75008kB time=00:10:53.97 bitrate= 939.6kbits/s dup=1 drop=0 speed=4.48x    
frame=16380 fps=112 q=-0.0 size=   75520kB time=00:10:56.17 bitrate= 942.8kbits/s dup=1 drop=0 speed=4.48x    
frame=16435 fps=112 q=-0.0 size=   75776kB time=00:10:58.36 bitrate= 942.9kbits/s dup=1 drop=0 speed=4.48x    
frame=16488 fps=112 q=-0.0 size=   75776kB time=00:11:00.48 bitrate= 939.9kbits/s dup=1 drop=0 speed=4.48x    
frame=16539 fps=112 q=-0.0 size=   76032kB time=00:11:02.52 bitrate= 940.1kbits/s dup=1 drop=0 speed=4.48x    
frame=16594 fps=112 q=-0.0 size=   76288kB time=00:11:04.70 bitrate= 940.2kbits/s dup=1 drop=0 speed=4.48x    
frame=16661 fps=112 q=-0.0 size=   76544kB time=00:11:07.41 bitrate= 939.5kbits/s dup=1 drop=0 speed=4.48x    
frame=16724 fps=112 q=-0.0 size=   76800kB time=00:11:09.90 bitrate= 939.2kbits/s dup=1 drop=0 speed=4.48x    
frame=16778 fps=112 q=-0.0 size=   77056kB time=00:11:12.08 bitrate= 939.2kbits/s dup=1 drop=0 speed=4.48x    
frame=16832 fps=112 q=-0.0 size=   77312kB time=00:11:14.21 bitrate= 939.4kbits/s dup=1 drop=0 speed=4.48x    
frame=16915 fps=112 q=-0.0 size=   77568kB time=00:11:17.56 bitrate= 937.8kbits/s dup=1 drop=0 speed=4.49x    
frame=16997 fps=112 q=-0.0 size=   78080kB time=00:11:20.85 bitrate= 939.5kbits/s dup=1 drop=0 speed= 4.5x    
frame=17089 fps=112 q=-0.0 size=   78848kB time=00:11:24.52 bitrate= 943.6kbits/s dup=1 drop=0 speed=4.51x    
frame=17142 fps=112 q=-0.0 size=   79104kB time=00:11:26.65 bitrate= 943.7kbits/s dup=1 drop=0 speed=4.51x    
frame=17198 fps=112 q=-0.0 size=   79360kB time=00:11:28.89 bitrate= 943.7kbits/s dup=1 drop=0 speed=4.51x    
frame=17259 fps=112 q=-0.0 size=   79872kB time=00:11:31.32 bitrate= 946.5kbits/s dup=1 drop=0 speed=4.51x    
frame=17313 fps=112 q=-0.0 size=   80384kB time=00:11:33.48 bitrate= 949.6kbits/s dup=1 drop=0 speed=4.51x    
frame=17371 fps=112 q=-0.0 size=   81152kB time=00:11:35.78 bitrate= 955.5kbits/s dup=1 drop=0 speed=4.51x    
frame=17425 fps=112 q=-0.0 size=   81408kB time=00:11:37.96 bitrate= 955.5kbits/s dup=1 drop=0 speed=4.51x    
frame=17483 fps=112 q=-0.0 size=   81920kB time=00:11:40.28 bitrate= 958.3kbits/s dup=1 drop=0 speed=4.51x    
frame=17542 fps=113 q=-0.0 size=   81920kB time=00:11:42.65 bitrate= 955.1kbits/s dup=1 drop=0 speed=4.51x    
frame=17603 fps=113 q=-0.0 size=   82432kB time=00:11:45.08 bitrate= 957.7kbits/s dup=1 drop=0 speed=4.51x    
frame=17659 fps=113 q=-0.0 size=   82688kB time=00:11:47.30 bitrate= 957.7kbits/s dup=1 drop=0 speed=4.51x    
frame=17721 fps=113 q=-0.0 size=   82944kB time=00:11:49.78 bitrate= 957.3kbits/s dup=1 drop=0 speed=4.51x    
frame=17779 fps=113 q=-0.0 size=   83200kB time=00:11:52.12 bitrate= 957.1kbits/s dup=1 drop=0 speed=4.51x    
frame=17837 fps=113 q=-0.0 size=   83712kB time=00:11:54.45 bitrate= 959.9kbits/s dup=1 drop=0 speed=4.51x    
frame=17899 fps=113 q=-0.0 size=   83968kB time=00:11:56.90 bitrate= 959.5kbits/s dup=1 drop=0 speed=4.51x    
frame=17951 fps=113 q=-0.0 size=   84224kB time=00:11:58.99 bitrate= 959.6kbits/s dup=1 drop=0 speed=4.51x    
frame=18005 fps=113 q=-0.0 size=   84480kB time=00:12:01.15 bitrate= 959.7kbits/s dup=1 drop=0 speed=4.51x    
frame=18067 fps=113 q=-0.0 size=   84736kB time=00:12:03.62 bitrate= 959.3kbits/s dup=1 drop=0 speed=4.51x    
frame=18126 fps=113 q=-0.0 size=   85248kB time=00:12:06.01 bitrate= 961.9kbits/s dup=1 drop=0 speed=4.51x    
frame=18190 fps=113 q=-0.0 size=   85504kB time=00:12:08.57 bitrate= 961.4kbits/s dup=1 drop=0 speed=4.51x    
frame=18252 fps=113 q=-0.0 size=   85760kB time=00:12:11.02 bitrate= 961.0kbits/s dup=1 drop=0 speed=4.51x    
frame=18311 fps=113 q=-0.0 size=   86016kB time=00:12:13.39 bitrate= 960.8kbits/s dup=1 drop=0 speed=4.51x    
frame=18371 fps=113 q=-0.0 size=   86528kB time=00:12:15.80 bitrate= 963.3kbits/s dup=1 drop=0 speed=4.52x    
frame=18428 fps=113 q=-0.0 size=   86528kB time=00:12:18.09 bitrate= 960.4kbits/s dup=1 drop=0 speed=4.52x    
frame=18491 fps=113 q=-0.0 size=   87040kB time=00:12:20.60 bitrate= 962.8kbits/s dup=1 drop=0 speed=4.52x    
frame=18548 fps=113 q=-0.0 size=   87296kB time=00:12:22.89 bitrate= 962.6kbits/s dup=1 drop=0 speed=4.52x    
frame=18609 fps=113 q=-0.0 size=   87552kB time=00:12:25.32 bitrate= 962.3kbits/s dup=1 drop=0 speed=4.52x    
frame=18668 fps=113 q=-0.0 size=   87808kB time=00:12:27.66 bitrate= 962.1kbits/s dup=1 drop=0 speed=4.52x    
frame=18721 fps=113 q=-0.0 size=   88064kB time=00:12:29.78 bitrate= 962.2kbits/s dup=1 drop=0 speed=4.52x    
frame=18778 fps=113 q=-0.0 size=   88320kB time=00:12:32.08 bitrate= 962.0kbits/s dup=1 drop=0 speed=4.52x    
frame=18841 fps=113 q=-0.0 size=   88576kB time=00:12:34.60 bitrate= 961.6kbits/s dup=1 drop=0 speed=4.52x    
frame=18900 fps=113 q=-0.0 size=   88832kB time=00:12:36.97 bitrate= 961.3kbits/s dup=1 drop=0 speed=4.52x    
frame=18962 fps=113 q=-0.0 size=   89088kB time=00:12:39.44 bitrate= 961.0kbits/s dup=1 drop=0 speed=4.52x    
frame=19019 fps=113 q=-0.0 size=   89600kB time=00:12:41.70 bitrate= 963.6kbits/s dup=1 drop=0 speed=4.52x    
frame=19081 fps=113 q=-0.0 size=   90112kB time=00:12:44.20 bitrate= 966.0kbits/s dup=1 drop=0 speed=4.52x    
frame=19144 fps=113 q=-0.0 size=   90624kB time=00:12:46.72 bitrate= 968.3kbits/s dup=1 drop=0 speed=4.52x    
frame=19210 fps=113 q=-0.0 size=   91136kB time=00:12:49.36 bitrate= 970.4kbits/s dup=1 drop=0 speed=4.53x    
frame=19272 fps=113 q=-0.0 size=   91648kB time=00:12:51.81 bitrate= 972.7kbits/s dup=1 drop=0 speed=4.53x    
frame=19326 fps=113 q=-0.0 size=   91904kB time=00:12:54.01 bitrate= 972.7kbits/s dup=1 drop=0 speed=4.53x    
frame=19389 fps=113 q=-0.0 size=   92160kB time=00:12:56.53 bitrate= 972.2kbits/s dup=1 drop=0 speed=4.53x    
frame=19446 fps=113 q=-0.0 size=   92672kB time=00:12:58.81 bitrate= 974.8kbits/s dup=1 drop=0 speed=4.53x    
frame=19506 fps=113 q=-0.0 size=   92928kB time=00:13:01.18 bitrate= 974.5kbits/s dup=1 drop=0 speed=4.53x    
frame=19561 fps=113 q=-0.0 size=   93184kB time=00:13:03.40 bitrate= 974.4kbits/s dup=1 drop=0 speed=4.53x    
frame=19616 fps=113 q=-0.0 size=   93440kB time=00:13:05.60 bitrate= 974.4kbits/s dup=1 drop=0 speed=4.53x    
frame=19674 fps=113 q=-0.0 size=   93696kB time=00:13:07.92 bitrate= 974.2kbits/s dup=1 drop=0 speed=4.53x    
frame=19732 fps=113 q=-0.0 size=   93952kB time=00:13:10.25 bitrate= 973.9kbits/s dup=1 drop=0 speed=4.53x    
frame=19789 fps=113 q=-0.0 size=   94208kB time=00:13:12.53 bitrate= 973.8kbits/s dup=1 drop=0 speed=4.53x    
frame=19850 fps=113 q=-0.0 size=   94464kB time=00:13:14.96 bitrate= 973.4kbits/s dup=1 drop=0 speed=4.53x    
frame=19907 fps=113 q=-0.0 size=   94720kB time=00:13:17.24 bitrate= 973.3kbits/s dup=1 drop=0 speed=4.53x    
frame=19966 fps=113 q=-0.0 size=   94976kB time=00:13:19.61 bitrate= 973.0kbits/s dup=1 drop=0 speed=4.53x    
frame=20025 fps=113 q=-0.0 size=   95232kB time=00:13:21.96 bitrate= 972.8kbits/s dup=1 drop=0 speed=4.53x    
frame=20083 fps=113 q=-0.0 size=   95488kB time=00:13:24.28 bitrate= 972.6kbits/s dup=1 drop=0 speed=4.53x    
frame=20140 fps=113 q=-0.0 size=   95744kB time=00:13:26.57 bitrate= 972.4kbits/s dup=1 drop=0 speed=4.53x    
frame=20202 fps=113 q=-0.0 size=   96000kB time=00:13:29.04 bitrate= 972.0kbits/s dup=1 drop=0 speed=4.53x    
frame=20261 fps=113 q=-0.0 size=   96256kB time=00:13:31.41 bitrate= 971.8kbits/s dup=1 drop=0 speed=4.53x    
frame=20321 fps=113 q=-0.0 size=   96512kB time=00:13:33.80 bitrate= 971.5kbits/s dup=1 drop=0 speed=4.53x    
frame=20378 fps=113 q=-0.0 size=   96768kB time=00:13:36.08 bitrate= 971.4kbits/s dup=1 drop=0 speed=4.53x    
frame=20440 fps=113 q=-0.0 size=   97280kB time=00:13:38.56 bitrate= 973.6kbits/s dup=1 drop=0 speed=4.53x    
frame=20500 fps=113 q=-0.0 size=   97280kB time=00:13:40.97 bitrate= 970.7kbits/s dup=1 drop=0 speed=4.54x    
frame=20563 fps=113 q=-0.0 size=   97536kB time=00:13:43.48 bitrate= 970.3kbits/s dup=1 drop=0 speed=4.54x    
frame=20625 fps=113 q=-0.0 size=   97792kB time=00:13:45.96 bitrate= 969.9kbits/s dup=1 drop=0 speed=4.54x    
frame=20685 fps=113 q=-0.0 size=   98048kB time=00:13:48.37 bitrate= 969.6kbits/s dup=1 drop=0 speed=4.54x    
frame=20745 fps=113 q=-0.0 size=   98304kB time=00:13:50.76 bitrate= 969.4kbits/s dup=1 drop=0 speed=4.54x    
frame=20810 fps=113 q=-0.0 size=   98560kB time=00:13:53.36 bitrate= 968.8kbits/s dup=1 drop=0 speed=4.54x    
frame=20865 fps=113 q=-0.0 size=   98816kB time=00:13:55.56 bitrate= 968.8kbits/s dup=1 drop=0 speed=4.54x    
frame=20923 fps=113 q=-0.0 size=   99072kB time=00:13:57.88 bitrate= 968.6kbits/s dup=1 drop=0 speed=4.54x    
frame=20975 fps=113 q=-0.0 size=   99328kB time=00:13:59.95 bitrate= 968.7kbits/s dup=1 drop=0 speed=4.54x    
frame=21032 fps=113 q=-0.0 size=   99584kB time=00:14:02.21 bitrate= 968.6kbits/s dup=1 drop=0 speed=4.54x    
frame=21092 fps=113 q=-0.0 size=  100096kB time=00:14:04.65 bitrate= 970.8kbits/s dup=1 drop=0 speed=4.54x    
frame=21150 fps=113 q=-0.0 size=  100608kB time=00:14:06.95 bitrate= 973.1kbits/s dup=1 drop=0 speed=4.54x    
frame=21206 fps=113 q=-0.0 size=  100864kB time=00:14:09.21 bitrate= 973.0kbits/s dup=1 drop=0 speed=4.54x    
frame=21260 fps=113 q=-0.0 size=  101120kB time=00:14:11.37 bitrate= 973.0kbits/s dup=1 drop=0 speed=4.54x    
frame=21317 fps=113 q=-0.0 size=  101376kB time=00:14:13.63 bitrate= 972.9kbits/s dup=1 drop=0 speed=4.54x    
frame=21375 fps=113 q=-0.0 size=  101632kB time=00:14:15.95 bitrate= 972.7kbits/s dup=1 drop=0 speed=4.54x    
frame=21430 fps=113 q=-0.0 size=  101888kB time=00:14:18.17 bitrate= 972.6kbits/s dup=1 drop=0 speed=4.54x    
frame=21488 fps=113 q=-0.0 size=  102144kB time=00:14:20.48 bitrate= 972.4kbits/s dup=1 drop=0 speed=4.54x    
frame=21551 fps=113 q=-0.0 size=  102400kB time=00:14:22.97 bitrate= 972.1kbits/s dup=1 drop=0 speed=4.54x    
frame=21611 fps=113 q=-0.0 size=  102656kB time=00:14:25.40 bitrate= 971.7kbits/s dup=1 drop=0 speed=4.54x    
frame=21666 fps=113 q=-0.0 size=  102912kB time=00:14:27.60 bitrate= 971.7kbits/s dup=1 drop=0 speed=4.54x    
frame=21723 fps=113 q=-0.0 size=  103168kB time=00:14:29.88 bitrate= 971.6kbits/s dup=1 drop=0 speed=4.54x    
frame=21782 fps=113 q=-0.0 size=  103424kB time=00:14:32.25 bitrate= 971.3kbits/s dup=1 drop=0 speed=4.54x    
frame=21841 fps=113 q=-0.0 size=  103680kB time=00:14:34.58 bitrate= 971.1kbits/s dup=1 drop=0 speed=4.54x    
frame=21890 fps=113 q=-0.0 size=  103680kB time=00:14:36.56 bitrate= 968.9kbits/s dup=1 drop=0 speed=4.54x    
frame=21940 fps=113 q=-0.0 size=  103936kB time=00:14:38.57 bitrate= 969.1kbits/s dup=1 drop=0 speed=4.54x    
frame=22002 fps=113 q=-0.0 size=  104192kB time=00:14:41.02 bitrate= 968.8kbits/s dup=1 drop=0 speed=4.54x    
frame=22064 fps=113 q=-0.0 size=  104448kB time=00:14:43.52 bitrate= 968.4kbits/s dup=1 drop=0 speed=4.54x    
frame=22125 fps=113 q=-0.0 size=  104704kB time=00:14:45.97 bitrate= 968.1kbits/s dup=1 drop=0 speed=4.54x    
frame=22186 fps=113 q=-0.0 size=  104960kB time=00:14:48.38 bitrate= 967.9kbits/s dup=1 drop=0 speed=4.54x    
frame=22249 fps=113 q=-0.0 size=  105216kB time=00:14:50.92 bitrate= 967.5kbits/s dup=1 drop=0 speed=4.54x    
frame=22302 fps=113 q=-0.0 size=  105472kB time=00:14:53.05 bitrate= 967.5kbits/s dup=1 drop=0 speed=4.54x    
frame=22361 fps=113 q=-0.0 size=  105728kB time=00:14:55.38 bitrate= 967.3kbits/s dup=1 drop=0 speed=4.54x    
frame=22417 fps=113 q=-0.0 size=  105984kB time=00:14:57.62 bitrate= 967.2kbits/s dup=1 drop=0 speed=4.54x    
frame=22477 fps=113 q=-0.0 size=  106240kB time=00:15:00.03 bitrate= 967.0kbits/s dup=1 drop=0 speed=4.54x    
frame=22536 fps=113 q=-0.0 size=  106496kB time=00:15:02.40 bitrate= 966.8kbits/s dup=1 drop=0 speed=4.54x    
frame=22592 fps=113 q=-0.0 size=  106496kB time=00:15:04.64 bitrate= 964.4kbits/s dup=1 drop=0 speed=4.54x    
frame=22649 fps=113 q=-0.0 size=  106752kB time=00:15:06.92 bitrate= 964.3kbits/s dup=1 drop=0 speed=4.54x    
frame=22705 fps=113 q=-0.0 size=  107008kB time=00:15:09.14 bitrate= 964.2kbits/s dup=1 drop=0 speed=4.54x    
frame=22756 fps=113 q=-0.0 size=  107264kB time=00:15:11.21 bitrate= 964.3kbits/s dup=1 drop=0 speed=4.54x    
frame=22814 fps=113 q=-0.0 size=  107520kB time=00:15:13.53 bitrate= 964.2kbits/s dup=1 drop=0 speed=4.54x    
frame=22866 fps=113 q=-0.0 size=  107776kB time=00:15:15.60 bitrate= 964.3kbits/s dup=1 drop=0 speed=4.54x    
frame=22918 fps=113 q=-0.0 size=  107776kB time=00:15:17.69 bitrate= 962.1kbits/s dup=1 drop=0 speed=4.54x    
frame=22981 fps=113 q=-0.0 size=  108032kB time=00:15:20.19 bitrate= 961.8kbits/s dup=1 drop=0 speed=4.54x    
frame=23040 fps=113 q=-0.0 size=  108288kB time=00:15:22.56 bitrate= 961.6kbits/s dup=1 drop=0 speed=4.54x    
frame=23096 fps=113 q=-0.0 size=  108544kB time=00:15:24.80 bitrate= 961.5kbits/s dup=1 drop=0 speed=4.54x    
frame=23148 fps=113 q=-0.0 size=  109056kB time=00:15:26.89 bitrate= 963.9kbits/s dup=1 drop=0 speed=4.54x    
frame=23200 fps=113 q=-0.0 size=  109056kB time=00:15:28.93 bitrate= 961.7kbits/s dup=1 drop=0 speed=4.54x    
frame=23259 fps=113 q=-0.0 size=  109568kB time=00:15:31.32 bitrate= 963.8kbits/s dup=1 drop=0 speed=4.54x    
frame=23315 fps=113 q=-0.0 size=  109824kB time=00:15:33.56 bitrate= 963.7kbits/s dup=1 drop=0 speed=4.54x    
frame=23376 fps=113 q=-0.0 size=  110080kB time=00:15:36.00 bitrate= 963.4kbits/s dup=1 drop=0 speed=4.54x    
frame=23434 fps=113 q=-0.0 size=  110336kB time=00:15:38.32 bitrate= 963.3kbits/s dup=1 drop=0 speed=4.54x    
frame=23492 fps=113 q=-0.0 size=  110592kB time=00:15:40.62 bitrate= 963.2kbits/s dup=1 drop=0 speed=4.54x    
frame=23546 fps=113 q=-0.0 size=  110848kB time=00:15:42.80 bitrate= 963.2kbits/s dup=1 drop=0 speed=4.54x    
frame=23596 fps=113 q=-0.0 size=  111104kB time=00:15:44.81 bitrate= 963.3kbits/s dup=1 drop=0 speed=4.54x    
frame=23648 fps=113 q=-0.0 size=  111360kB time=00:15:46.88 bitrate= 963.4kbits/s dup=1 drop=0 speed=4.54x    
frame=23704 fps=113 q=-0.0 size=  111360kB time=00:15:49.12 bitrate= 961.2kbits/s dup=1 drop=0 speed=4.54x    
frame=23754 fps=113 q=-0.0 size=  111616kB time=00:15:51.12 bitrate= 961.3kbits/s dup=1 drop=0 speed=4.54x    
frame=23808 fps=113 q=-0.0 size=  111872kB time=00:15:53.25 bitrate= 961.4kbits/s dup=1 drop=0 speed=4.54x    
frame=23867 fps=113 q=-0.0 size=  112128kB time=00:15:55.64 bitrate= 961.2kbits/s dup=1 drop=0 speed=4.54x    
frame=23926 fps=113 q=-0.0 size=  112384kB time=00:15:58.01 bitrate= 961.0kbits/s dup=1 drop=0 speed=4.54x    
frame=23982 fps=113 q=-0.0 size=  112640kB time=00:16:00.25 bitrate= 960.9kbits/s dup=1 drop=0 speed=4.54x    
frame=24045 fps=113 q=-0.0 size=  112896kB time=00:16:02.77 bitrate= 960.6kbits/s dup=1 drop=0 speed=4.54x    
frame=24098 fps=113 q=-0.0 size=  113152kB time=00:16:04.88 bitrate= 960.7kbits/s dup=1 drop=0 speed=4.54x    
frame=24154 fps=113 q=-0.0 size=  113408kB time=00:16:07.10 bitrate= 960.6kbits/s dup=1 drop=0 speed=4.54x    
frame=24206 fps=113 q=-0.0 size=  113664kB time=00:16:09.21 bitrate= 960.7kbits/s dup=1 drop=0 speed=4.54x    
frame=24258 fps=113 q=-0.0 size=  113920kB time=00:16:11.28 bitrate= 960.8kbits/s dup=1 drop=0 speed=4.54x    
frame=24321 fps=113 q=-0.0 size=  114176kB time=00:16:13.80 bitrate= 960.5kbits/s dup=1 drop=0 speed=4.54x    
frame=24379 fps=113 q=-0.0 size=  114688kB time=00:16:16.12 bitrate= 962.5kbits/s dup=1 drop=0 speed=4.54x    
frame=24440 fps=113 q=-0.0 size=  114944kB time=00:16:18.56 bitrate= 962.3kbits/s dup=1 drop=0 speed=4.54x    
frame=24509 fps=113 q=-0.0 size=  115200kB time=00:16:21.33 bitrate= 961.7kbits/s dup=1 drop=0 speed=4.54x    
frame=24570 fps=113 q=-0.0 size=  115456kB time=00:16:23.74 bitrate= 961.4kbits/s dup=1 drop=0 speed=4.54x    
frame=24628 fps=113 q=-0.0 size=  115712kB time=00:16:26.09 bitrate= 961.3kbits/s dup=1 drop=0 speed=4.54x    
frame=24686 fps=113 q=-0.0 size=  115968kB time=00:16:28.41 bitrate= 961.1kbits/s dup=1 drop=0 speed=4.54x    
frame=24750 fps=113 q=-0.0 size=  116224kB time=00:16:30.95 bitrate= 960.8kbits/s dup=1 drop=0 speed=4.54x    
frame=24811 fps=113 q=-0.0 size=  116480kB time=00:16:33.40 bitrate= 960.5kbits/s dup=1 drop=0 speed=4.54x    
frame=24870 fps=113 q=-0.0 size=  116736kB time=00:16:35.77 bitrate= 960.4kbits/s dup=1 drop=0 speed=4.54x    
frame=24934 fps=114 q=-0.0 size=  116992kB time=00:16:38.33 bitrate= 960.0kbits/s dup=1 drop=0 speed=4.54x    
frame=24995 fps=114 q=-0.0 size=  117248kB time=00:16:40.76 bitrate= 959.8kbits/s dup=1 drop=0 speed=4.55x    
frame=25046 fps=114 q=-0.0 size=  117504kB time=00:16:42.81 bitrate= 959.9kbits/s dup=1 drop=0 speed=4.54x    
frame=25096 fps=113 q=-0.0 size=  117760kB time=00:16:44.80 bitrate= 960.1kbits/s dup=1 drop=0 speed=4.54x    
frame=25151 fps=113 q=-0.0 size=  118272kB time=00:16:46.99 bitrate= 962.2kbits/s dup=1 drop=0 speed=4.54x    
frame=25204 fps=113 q=-0.0 size=  118528kB time=00:16:49.13 bitrate= 962.2kbits/s dup=1 drop=0 speed=4.54x    
frame=25258 fps=113 q=-0.0 size=  118784kB time=00:16:51.28 bitrate= 962.2kbits/s dup=1 drop=0 speed=4.54x    
frame=25315 fps=113 q=-0.0 size=  119296kB time=00:16:53.56 bitrate= 964.2kbits/s dup=1 drop=0 speed=4.54x    
frame=25365 fps=113 q=-0.0 size=  119552kB time=00:16:55.57 bitrate= 964.4kbits/s dup=1 drop=0 speed=4.54x    
frame=25417 fps=113 q=-0.0 size=  119808kB time=00:16:57.64 bitrate= 964.5kbits/s dup=1 drop=0 speed=4.54x    
frame=25468 fps=113 q=-0.0 size=  120064kB time=00:16:59.69 bitrate= 964.6kbits/s dup=1 drop=0 speed=4.54x    
frame=25523 fps=113 q=-0.0 size=  120576kB time=00:17:01.86 bitrate= 966.6kbits/s dup=1 drop=0 speed=4.54x    
frame=25573 fps=113 q=-0.0 size=  120832kB time=00:17:03.89 bitrate= 966.8kbits/s dup=1 drop=0 speed=4.54x    
frame=25622 fps=113 q=-0.0 size=  120832kB time=00:17:05.85 bitrate= 964.9kbits/s dup=1 drop=0 speed=4.54x    
frame=25681 fps=113 q=-0.0 size=  121088kB time=00:17:08.20 bitrate= 964.7kbits/s dup=1 drop=0 speed=4.54x    
frame=25738 fps=113 q=-0.0 size=  121344kB time=00:17:10.48 bitrate= 964.6kbits/s dup=1 drop=0 speed=4.54x    
frame=25794 fps=113 q=-0.0 size=  121600kB time=00:17:12.72 bitrate= 964.6kbits/s dup=1 drop=0 speed=4.54x    
frame=25848 fps=113 q=-0.0 size=  121600kB time=00:17:14.88 bitrate= 962.6kbits/s dup=1 drop=0 speed=4.53x    
frame=25898 fps=113 q=-0.0 size=  121856kB time=00:17:16.88 bitrate= 962.7kbits/s dup=1 drop=0 speed=4.53x    
frame=25952 fps=113 q=-0.0 size=  122112kB time=00:17:19.04 bitrate= 962.8kbits/s dup=1 drop=0 speed=4.53x    
frame=26003 fps=113 q=-0.0 size=  122368kB time=00:17:21.08 bitrate= 962.9kbits/s dup=1 drop=0 speed=4.53x    
frame=26053 fps=113 q=-0.0 size=  122624kB time=00:17:23.07 bitrate= 963.1kbits/s dup=1 drop=0 speed=4.53x    
frame=26109 fps=113 q=-0.0 size=  122880kB time=00:17:25.31 bitrate= 963.0kbits/s dup=1 drop=0 speed=4.53x    
frame=26162 fps=113 q=-0.0 size=  122880kB time=00:17:27.44 bitrate= 961.0kbits/s dup=1 drop=0 speed=4.53x    
frame=26218 fps=113 q=-0.0 size=  123136kB time=00:17:29.68 bitrate= 961.0kbits/s dup=1 drop=0 speed=4.53x    
frame=26269 fps=113 q=-0.0 size=  123392kB time=00:17:31.73 bitrate= 961.1kbits/s dup=1 drop=0 speed=4.53x    
frame=26318 fps=113 q=-0.0 size=  123648kB time=00:17:33.69 bitrate= 961.3kbits/s dup=1 drop=0 speed=4.53x    
frame=26370 fps=113 q=-0.0 size=  123904kB time=00:17:35.76 bitrate= 961.4kbits/s dup=1 drop=0 speed=4.53x    
frame=26424 fps=113 q=-0.0 size=  123904kB time=00:17:37.89 bitrate= 959.5kbits/s dup=1 drop=0 speed=4.53x    
frame=26477 fps=113 q=-0.0 size=  124160kB time=00:17:40.05 bitrate= 959.5kbits/s dup=1 drop=0 speed=4.53x    
frame=26529 fps=113 q=-0.0 size=  124160kB time=00:17:42.12 bitrate= 957.6kbits/s dup=1 drop=0 speed=4.52x    
frame=26579 fps=113 q=-0.0 size=  124416kB time=00:17:44.12 bitrate= 957.8kbits/s dup=1 drop=0 speed=4.52x    
frame=26635 fps=113 q=-0.0 size=  124672kB time=00:17:46.36 bitrate= 957.7kbits/s dup=1 drop=0 speed=4.52x    
frame=26691 fps=113 q=-0.0 size=  124928kB time=00:17:48.58 bitrate= 957.7kbits/s dup=1 drop=0 speed=4.52x    
frame=26740 fps=113 q=-0.0 size=  124928kB time=00:17:50.57 bitrate= 955.9kbits/s dup=1 drop=0 speed=4.52x    
frame=26788 fps=113 q=-0.0 size=  125184kB time=00:17:52.49 bitrate= 956.2kbits/s dup=1 drop=0 speed=4.52x    
frame=26838 fps=113 q=-0.0 size=  125440kB time=00:17:54.49 bitrate= 956.4kbits/s dup=1 drop=0 speed=4.52x    
frame=26899 fps=113 q=-0.0 size=  125696kB time=00:17:56.92 bitrate= 956.1kbits/s dup=1 drop=0 speed=4.52x    
frame=26946 fps=113 q=-0.0 size=  125952kB time=00:17:58.78 bitrate= 956.4kbits/s dup=1 drop=0 speed=4.52x    
frame=26997 fps=113 q=-0.0 size=  126208kB time=00:18:00.85 bitrate= 956.6kbits/s dup=1 drop=0 speed=4.52x    
frame=27049 fps=113 q=-0.0 size=  126464kB time=00:18:02.92 bitrate= 956.7kbits/s dup=1 drop=0 speed=4.52x    
frame=27099 fps=113 q=-0.0 size=  126464kB time=00:18:04.90 bitrate= 954.9kbits/s dup=1 drop=0 speed=4.52x    
frame=27142 fps=113 q=-0.0 size=  126720kB time=00:18:06.65 bitrate= 955.3kbits/s dup=1 drop=0 speed=4.51x    
frame=27196 fps=113 q=-0.0 size=  126720kB time=00:18:08.81 bitrate= 953.4kbits/s dup=1 drop=0 speed=4.51x    
frame=27246 fps=113 q=-0.0 size=  126976kB time=00:18:10.81 bitrate= 953.6kbits/s dup=1 drop=0 speed=4.51x    
frame=27303 fps=113 q=-0.0 size=  127232kB time=00:18:13.07 bitrate= 953.5kbits/s dup=1 drop=0 speed=4.51x    
frame=27356 fps=113 q=-0.0 size=  127232kB time=00:18:15.18 bitrate= 951.7kbits/s dup=1 drop=0 speed=4.51x    
frame=27399 fps=113 q=-0.0 size=  127488kB time=00:18:16.91 bitrate= 952.1kbits/s dup=1 drop=0 speed=4.51x    
frame=27445 fps=113 q=-0.0 size=  127744kB time=00:18:18.77 bitrate= 952.4kbits/s dup=1 drop=0 speed=4.51x    
frame=27505 fps=113 q=-0.0 size=  128000kB time=00:18:21.16 bitrate= 952.2kbits/s dup=1 drop=0 speed=4.51x    
frame=27561 fps=113 q=-0.0 size=  128256kB time=00:18:23.40 bitrate= 952.2kbits/s dup=1 drop=0 speed=4.51x    
frame=27613 fps=113 q=-0.0 size=  128256kB time=00:18:25.49 bitrate= 950.4kbits/s dup=1 drop=0 speed=4.51x    
frame=27667 fps=113 q=-0.0 size=  128512kB time=00:18:27.64 bitrate= 950.5kbits/s dup=1 drop=0 speed=4.51x    
frame=27714 fps=113 q=-0.0 size=  128768kB time=00:18:29.50 bitrate= 950.8kbits/s dup=1 drop=0 speed=4.51x    
frame=27762 fps=113 q=-0.0 size=  129024kB time=00:18:31.44 bitrate= 951.0kbits/s dup=1 drop=0 speed= 4.5x    
frame=27817 fps=112 q=-0.0 size=  129280kB time=00:18:33.64 bitrate= 951.0kbits/s dup=1 drop=0 speed= 4.5x    
frame=27870 fps=112 q=-0.0 size=  129792kB time=00:18:35.75 bitrate= 952.9kbits/s dup=1 drop=0 speed= 4.5x    
frame=27938 fps=113 q=-0.0 size=  130560kB time=00:18:38.48 bitrate= 956.2kbits/s dup=1 drop=0 speed=4.51x    
frame=28003 fps=113 q=-0.0 size=  131072kB time=00:18:41.06 bitrate= 957.8kbits/s dup=1 drop=0 speed=4.51x    
frame=28067 fps=113 q=-0.0 size=  131584kB time=00:18:43.64 bitrate= 959.3kbits/s dup=1 drop=0 speed=4.51x    
frame=28130 fps=113 q=-0.0 size=  131840kB time=00:18:46.14 bitrate= 959.1kbits/s dup=1 drop=0 speed=4.51x    
frame=28188 fps=113 q=-0.0 size=  132352kB time=00:18:48.49 bitrate= 960.8kbits/s dup=1 drop=0 speed=4.51x    
frame=28246 fps=113 q=-0.0 size=  132608kB time=00:18:50.79 bitrate= 960.7kbits/s dup=1 drop=0 speed=4.51x    
frame=28309 fps=113 q=-0.0 size=  132864kB time=00:18:53.33 bitrate= 960.4kbits/s dup=1 drop=0 speed=4.51x    
frame=28370 fps=113 q=-0.0 size=  133376kB time=00:18:55.76 bitrate= 962.0kbits/s dup=1 drop=0 speed=4.51x    
frame=28437 fps=113 q=-0.0 size=  133632kB time=00:18:58.45 bitrate= 961.6kbits/s dup=1 drop=0 speed=4.51x    
frame=28507 fps=113 q=-0.0 size=  133888kB time=00:19:01.24 bitrate= 961.1kbits/s dup=1 drop=0 speed=4.51x    
frame=28568 fps=113 q=-0.0 size=  134400kB time=00:19:03.65 bitrate= 962.7kbits/s dup=1 drop=0 speed=4.52x    
frame=28626 fps=113 q=-0.0 size=  134656kB time=00:19:06.00 bitrate= 962.6kbits/s dup=1 drop=0 speed=4.52x    
frame=28684 fps=113 q=-0.0 size=  134912kB time=00:19:08.30 bitrate= 962.5kbits/s dup=1 drop=0 speed=4.52x    
frame=28738 fps=113 q=-0.0 size=  135168kB time=00:19:10.48 bitrate= 962.5kbits/s dup=1 drop=0 speed=4.52x    
frame=28788 fps=113 q=-0.0 size=  135424kB time=00:19:12.49 bitrate= 962.6kbits/s dup=1 drop=0 speed=4.51x    
frame=28846 fps=113 q=-0.0 size=  135680kB time=00:19:14.81 bitrate= 962.5kbits/s dup=1 drop=0 speed=4.51x    
frame=28899 fps=113 q=-0.0 size=  135936kB time=00:19:16.92 bitrate= 962.5kbits/s dup=1 drop=0 speed=4.51x    
frame=28966 fps=113 q=-0.0 size=  136448kB time=00:19:19.59 bitrate= 963.9kbits/s dup=1 drop=0 speed=4.52x    
frame=29028 fps=113 q=-0.0 size=  137216kB time=00:19:22.09 bitrate= 967.3kbits/s dup=1 drop=0 speed=4.52x    
frame=29078 fps=113 q=-0.0 size=  137472kB time=00:19:24.09 bitrate= 967.4kbits/s dup=1 drop=0 speed=4.52x    
frame=29134 fps=113 q=-0.0 size=  137728kB time=00:19:26.33 bitrate= 967.4kbits/s dup=1 drop=0 speed=4.52x    
frame=29185 fps=113 q=-0.0 size=  137984kB time=00:19:28.36 bitrate= 967.5kbits/s dup=1 drop=0 speed=4.51x    
frame=29239 fps=113 q=-0.0 size=  138240kB time=00:19:30.51 bitrate= 967.5kbits/s dup=1 drop=0 speed=4.51x    
frame=29297 fps=113 q=-0.0 size=  138496kB time=00:19:32.84 bitrate= 967.4kbits/s dup=1 drop=0 speed=4.51x    
frame=29355 fps=113 q=-0.0 size=  138752kB time=00:19:35.16 bitrate= 967.2kbits/s dup=1 drop=0 speed=4.51x    
frame=29412 fps=113 q=-0.0 size=  138752kB time=00:19:37.42 bitrate= 965.4kbits/s dup=1 drop=0 speed=4.51x    
frame=29470 fps=113 q=-0.0 size=  139008kB time=00:19:39.77 bitrate= 965.2kbits/s dup=1 drop=0 speed=4.51x    
frame=29529 fps=113 q=-0.0 size=  139264kB time=00:19:42.10 bitrate= 965.1kbits/s dup=1 drop=0 speed=4.51x    
frame=29589 fps=113 q=-0.0 size=  139520kB time=00:19:44.51 bitrate= 964.9kbits/s dup=1 drop=0 speed=4.52x    
frame=29644 fps=113 q=-0.0 size=  139520kB time=00:19:46.73 bitrate= 963.1kbits/s dup=1 drop=0 speed=4.52x    
frame=29700 fps=113 q=-0.0 size=  139776kB time=00:19:48.97 bitrate= 963.1kbits/s dup=1 drop=0 speed=4.52x    
frame=29761 fps=113 q=-0.0 size=  140032kB time=00:19:51.40 bitrate= 962.9kbits/s dup=1 drop=0 speed=4.52x    
frame=29816 fps=113 q=-0.0 size=  140032kB time=00:19:53.60 bitrate= 961.1kbits/s dup=1 drop=0 speed=4.52x    
frame=29872 fps=113 q=-0.0 size=  140288kB time=00:19:55.84 bitrate= 961.0kbits/s dup=1 drop=0 speed=4.52x    
frame=29930 fps=113 q=-0.0 size=  140288kB time=00:19:58.14 bitrate= 959.2kbits/s dup=1 drop=0 speed=4.52x    
frame=29981 fps=113 q=-0.0 size=  140544kB time=00:20:00.21 bitrate= 959.3kbits/s dup=1 drop=0 speed=4.51x    
frame=30040 fps=113 q=-0.0 size=  140800kB time=00:20:02.56 bitrate= 959.1kbits/s dup=1 drop=0 speed=4.52x    
frame=30131 fps=113 q=-0.0 size=  141056kB time=00:20:06.18 bitrate= 958.0kbits/s dup=1 drop=0 speed=4.52x    
frame=30199 fps=113 q=-0.0 size=  141568kB time=00:20:08.91 bitrate= 959.3kbits/s dup=1 drop=0 speed=4.52x    
frame=30272 fps=113 q=-0.0 size=  142080kB time=00:20:11.84 bitrate= 960.5kbits/s dup=1 drop=0 speed=4.52x    
frame=30329 fps=113 q=-0.0 size=  142592kB time=00:20:14.12 bitrate= 962.1kbits/s dup=1 drop=0 speed=4.52x    
frame=30397 fps=113 q=-0.0 size=  142848kB time=00:20:16.85 bitrate= 961.7kbits/s dup=1 drop=0 speed=4.53x    
frame=30455 fps=113 q=-0.0 size=  143104kB time=00:20:19.15 bitrate= 961.6kbits/s dup=1 drop=0 speed=4.53x    
frame=30511 fps=113 q=-0.0 size=  143616kB time=00:20:21.39 bitrate= 963.2kbits/s dup=1 drop=0 speed=4.53x    
frame=30571 fps=113 q=-0.0 size=  144128kB time=00:20:23.80 bitrate= 964.8kbits/s dup=1 drop=0 speed=4.53x    
frame=30625 fps=113 q=-0.0 size=  144384kB time=00:20:25.94 bitrate= 964.8kbits/s dup=1 drop=0 speed=4.53x    
frame=30675 fps=113 q=-0.0 size=  144640kB time=00:20:27.96 bitrate= 964.9kbits/s dup=1 drop=0 speed=4.53x    
frame=30729 fps=113 q=-0.0 size=  144896kB time=00:20:30.12 bitrate= 964.9kbits/s dup=1 drop=0 speed=4.53x    
frame=30794 fps=113 q=-0.0 size=  145152kB time=00:20:32.72 bitrate= 964.6kbits/s dup=1 drop=0 speed=4.53x    
frame=30842 fps=113 q=-0.0 size=  145408kB time=00:20:34.64 bitrate= 964.8kbits/s dup=1 drop=0 speed=4.52x    
frame=30915 fps=113 q=-0.0 size=  145664kB time=00:20:37.54 bitrate= 964.2kbits/s dup=1 drop=0 speed=4.53x    
frame=30993 fps=113 q=-0.0 size=  145920kB time=00:20:40.68 bitrate= 963.5kbits/s dup=1 drop=0 speed=4.53x    
frame=31090 fps=113 q=-0.0 size=  146688kB time=00:20:44.54 bitrate= 965.5kbits/s dup=1 drop=0 speed=4.54x    
frame=31219 fps=114 q=-0.0 size=  147200kB time=00:20:49.72 bitrate= 964.9kbits/s dup=1 drop=0 speed=4.55x    
frame=31273 fps=114 q=-0.0 size=  147456kB time=00:20:51.88 bitrate= 964.9kbits/s dup=1 drop=0 speed=4.55x    
frame=31323 fps=114 q=-0.0 size=  147712kB time=00:20:53.86 bitrate= 965.1kbits/s dup=1 drop=0 speed=4.55x    
frame=31373 fps=114 q=-0.0 size=  147968kB time=00:20:55.89 bitrate= 965.2kbits/s dup=1 drop=0 speed=4.54x    
frame=31432 fps=114 q=-0.0 size=  148480kB time=00:20:58.24 bitrate= 966.7kbits/s dup=1 drop=0 speed=4.54x    
frame=31492 fps=114 q=-0.0 size=  148736kB time=00:21:00.65 bitrate= 966.5kbits/s dup=1 drop=0 speed=4.54x    
frame=31545 fps=114 q=-0.0 size=  148992kB time=00:21:02.74 bitrate= 966.6kbits/s dup=1 drop=0 speed=4.54x    
frame=31598 fps=114 q=-0.0 size=  149248kB time=00:21:04.89 bitrate= 966.6kbits/s dup=1 drop=0 speed=4.54x    
frame=31653 fps=114 q=-0.0 size=  149504kB time=00:21:07.07 bitrate= 966.6kbits/s dup=1 drop=0 speed=4.54x    
frame=31702 fps=113 q=-0.0 size=  149760kB time=00:21:09.05 bitrate= 966.7kbits/s dup=1 drop=0 speed=4.54x    
frame=31751 fps=113 q=-0.0 size=  150016kB time=00:21:10.99 bitrate= 966.9kbits/s dup=1 drop=0 speed=4.54x    
frame=31800 fps=113 q=-0.0 size=  150272kB time=00:21:12.96 bitrate= 967.1kbits/s dup=1 drop=0 speed=4.54x    
frame=31856 fps=113 q=-0.0 size=  150272kB time=00:21:15.20 bitrate= 965.4kbits/s dup=1 drop=0 speed=4.54x    
frame=31907 fps=113 q=-0.0 size=  150784kB time=00:21:17.24 bitrate= 967.1kbits/s dup=1 drop=0 speed=4.54x    
frame=31960 fps=113 q=-0.0 size=  150784kB time=00:21:19.36 bitrate= 965.5kbits/s dup=1 drop=0 speed=4.54x    
frame=32012 fps=113 q=-0.0 size=  151296kB time=00:21:21.45 bitrate= 967.2kbits/s dup=1 drop=0 speed=4.54x    
frame=32068 fps=113 q=-0.0 size=  151552kB time=00:21:23.69 bitrate= 967.1kbits/s dup=1 drop=0 speed=4.54x    
frame=32123 fps=113 q=-0.0 size=  151808kB time=00:21:25.88 bitrate= 967.1kbits/s dup=1 drop=0 speed=4.54x    
frame=32178 fps=113 q=-0.0 size=  152064kB time=00:21:28.08 bitrate= 967.1kbits/s dup=1 drop=0 speed=4.54x    
frame=32224 fps=113 q=-0.0 size=  152064kB time=00:21:29.92 bitrate= 965.7kbits/s dup=1 drop=0 speed=4.54x    
frame=32278 fps=113 q=-0.0 size=  152320kB time=00:21:32.09 bitrate= 965.7kbits/s dup=1 drop=0 speed=4.54x    
frame=32339 fps=113 q=-0.0 size=  152832kB time=00:21:34.50 bitrate= 967.2kbits/s dup=1 drop=0 speed=4.54x    
frame=32397 fps=113 q=-0.0 size=  153088kB time=00:21:36.85 bitrate= 967.0kbits/s dup=1 drop=0 speed=4.54x    
frame=32453 fps=113 q=-0.0 size=  153344kB time=00:21:39.09 bitrate= 967.0kbits/s dup=1 drop=0 speed=4.54x    
frame=32507 fps=113 q=-0.0 size=  153600kB time=00:21:41.24 bitrate= 967.0kbits/s dup=1 drop=0 speed=4.54x    
frame=32558 fps=113 q=-0.0 size=  153856kB time=00:21:43.29 bitrate= 967.1kbits/s dup=1 drop=0 speed=4.53x    
frame=32612 fps=113 q=-0.0 size=  154112kB time=00:21:45.45 bitrate= 967.1kbits/s dup=1 drop=0 speed=4.53x    
frame=32662 fps=113 q=-0.0 size=  154368kB time=00:21:47.45 bitrate= 967.2kbits/s dup=1 drop=0 speed=4.53x    
frame=32712 fps=113 q=-0.0 size=  154624kB time=00:21:49.44 bitrate= 967.3kbits/s dup=1 drop=0 speed=4.53x    
frame=32764 fps=113 q=-0.0 size=  154880kB time=00:21:51.53 bitrate= 967.4kbits/s dup=1 drop=0 speed=4.53x    
frame=32827 fps=113 q=-0.0 size=  155136kB time=00:21:54.02 bitrate= 967.2kbits/s dup=1 drop=0 speed=4.53x    
frame=32887 fps=113 q=-0.0 size=  155392kB time=00:21:56.43 bitrate= 967.0kbits/s dup=1 drop=0 speed=4.53x    
frame=32941 fps=113 q=-0.0 size=  155904kB time=00:21:58.61 bitrate= 968.6kbits/s dup=1 drop=0 speed=4.53x    
frame=33003 fps=113 q=-0.0 size=  156160kB time=00:22:01.08 bitrate= 968.3kbits/s dup=1 drop=0 speed=4.53x    
frame=33056 fps=113 q=-0.0 size=  156416kB time=00:22:03.20 bitrate= 968.4kbits/s dup=1 drop=0 speed=4.53x    
frame=33110 fps=113 q=-0.0 size=  156672kB time=00:22:05.35 bitrate= 968.4kbits/s dup=1 drop=0 speed=4.53x    
frame=33168 fps=113 q=-0.0 size=  156928kB time=00:22:07.68 bitrate= 968.3kbits/s dup=1 drop=0 speed=4.53x    
frame=33238 fps=113 q=-0.0 size=  157184kB time=00:22:10.49 bitrate= 967.8kbits/s dup=1 drop=0 speed=4.53x    
frame=33291 fps=113 q=-0.0 size=  157184kB time=00:22:12.60 bitrate= 966.3kbits/s dup=1 drop=0 speed=4.53x    
frame=33349 fps=113 q=-0.0 size=  157440kB time=00:22:14.93 bitrate= 966.2kbits/s dup=1 drop=0 speed=4.53x    
frame=33406 fps=113 q=-0.0 size=  157696kB time=00:22:17.21 bitrate= 966.1kbits/s dup=1 drop=0 speed=4.53x    
frame=33474 fps=113 q=-0.0 size=  158464kB time=00:22:19.90 bitrate= 968.8kbits/s dup=1 drop=0 speed=4.54x    
frame=33530 fps=113 q=-0.0 size=  158720kB time=00:22:22.16 bitrate= 968.8kbits/s dup=1 drop=0 speed=4.54x    
frame=33582 fps=113 q=-0.0 size=  159232kB time=00:22:24.25 bitrate= 970.4kbits/s dup=1 drop=0 speed=4.53x    
frame=33635 fps=113 q=-0.0 size=  159488kB time=00:22:26.36 bitrate= 970.4kbits/s dup=1 drop=0 speed=4.53x    
frame=33689 fps=113 q=-0.0 size=  159744kB time=00:22:28.50 bitrate= 970.4kbits/s dup=1 drop=0 speed=4.53x    
frame=33775 fps=113 q=-0.0 size=  160256kB time=00:22:31.95 bitrate= 971.0kbits/s dup=1 drop=0 speed=4.54x    
frame=33829 fps=113 q=-0.0 size=  160512kB time=00:22:34.13 bitrate= 971.0kbits/s dup=1 drop=0 speed=4.54x    
frame=33884 fps=113 q=-0.0 size=  160768kB time=00:22:36.33 bitrate= 971.0kbits/s dup=1 drop=0 speed=4.54x    
frame=33944 fps=113 q=-0.0 size=  160768kB time=00:22:38.72 bitrate= 969.3kbits/s dup=1 drop=0 speed=4.54x    
frame=34000 fps=113 q=-0.0 size=  161280kB time=00:22:40.96 bitrate= 970.8kbits/s dup=1 drop=0 speed=4.54x    
frame=34056 fps=113 q=-0.0 size=  161536kB time=00:22:43.20 bitrate= 970.7kbits/s dup=1 drop=0 speed=4.54x    
frame=34104 fps=113 q=-0.0 size=  161792kB time=00:22:45.09 bitrate= 970.9kbits/s dup=1 drop=0 speed=4.54x    
frame=34151 fps=113 q=-0.0 size=  161792kB time=00:22:46.99 bitrate= 969.6kbits/s dup=1 drop=0 speed=4.53x    
frame=34200 fps=113 q=-0.0 size=  162048kB time=00:22:48.93 bitrate= 969.7kbits/s dup=1 drop=0 speed=4.53x    
frame=34262 fps=113 q=-0.0 size=  162304kB time=00:22:51.45 bitrate= 969.5kbits/s dup=1 drop=0 speed=4.53x    
frame=34323 fps=113 q=-0.0 size=  162560kB time=00:22:53.88 bitrate= 969.3kbits/s dup=1 drop=0 speed=4.53x    
frame=34380 fps=113 q=-0.0 size=  162816kB time=00:22:56.17 bitrate= 969.2kbits/s dup=1 drop=0 speed=4.53x    
frame=34438 fps=113 q=-0.0 size=  163072kB time=00:22:58.49 bitrate= 969.1kbits/s dup=1 drop=0 speed=4.53x    
frame=34488 fps=113 q=-0.0 size=  163584kB time=00:23:00.48 bitrate= 970.7kbits/s dup=1 drop=0 speed=4.53x    
frame=34544 fps=113 q=-0.0 size=  163840kB time=00:23:02.72 bitrate= 970.7kbits/s dup=1 drop=0 speed=4.53x    
frame=34593 fps=113 q=-0.0 size=  164096kB time=00:23:04.66 bitrate= 970.8kbits/s dup=1 drop=0 speed=4.53x    
frame=34649 fps=113 q=-0.0 size=  164352kB time=00:23:06.92 bitrate= 970.8kbits/s dup=1 drop=0 speed=4.53x    
frame=34709 fps=113 q=-0.0 size=  164608kB time=00:23:09.31 bitrate= 970.6kbits/s dup=1 drop=0 speed=4.53x    
frame=34769 fps=113 q=-0.0 size=  164864kB time=00:23:11.72 bitrate= 970.4kbits/s dup=1 drop=0 speed=4.53x    
frame=34826 fps=113 q=-0.0 size=  165120kB time=00:23:14.00 bitrate= 970.3kbits/s dup=1 drop=0 speed=4.53x    
frame=34879 fps=113 q=-0.0 size=  165376kB time=00:23:16.11 bitrate= 970.4kbits/s dup=1 drop=0 speed=4.53x    
frame=34926 fps=113 q=-0.0 size=  165376kB time=00:23:18.01 bitrate= 969.1kbits/s dup=1 drop=0 speed=4.53x    
frame=34982 fps=113 q=-0.0 size=  165888kB time=00:23:20.23 bitrate= 970.5kbits/s dup=1 drop=0 speed=4.53x    
frame=35032 fps=113 q=-0.0 size=  165888kB time=00:23:22.21 bitrate= 969.1kbits/s dup=1 drop=0 speed=4.53x    
frame=35080 fps=113 q=-0.0 size=  166144kB time=00:23:24.16 bitrate= 969.3kbits/s dup=1 drop=0 speed=4.53x    
frame=35137 fps=113 q=-0.0 size=  166400kB time=00:23:26.44 bitrate= 969.2kbits/s dup=1 drop=0 speed=4.53x    
frame=35204 fps=113 q=-0.0 size=  166656kB time=00:23:29.13 bitrate= 968.9kbits/s dup=1 drop=0 speed=4.53x    
frame=35257 fps=113 q=-0.0 size=  166912kB time=00:23:31.24 bitrate= 968.9kbits/s dup=1 drop=0 speed=4.53x    
frame=35309 fps=113 q=-0.0 size=  167168kB time=00:23:33.33 bitrate= 968.9kbits/s dup=1 drop=0 speed=4.53x    
frame=35370 fps=113 q=-0.0 size=  167680kB time=00:23:35.76 bitrate= 970.2kbits/s dup=1 drop=0 speed=4.53x    
frame=35430 fps=113 q=-0.0 size=  167936kB time=00:23:38.17 bitrate= 970.1kbits/s dup=1 drop=0 speed=4.53x    
frame=35490 fps=113 q=-0.0 size=  168192kB time=00:23:40.56 bitrate= 969.9kbits/s dup=1 drop=0 speed=4.53x    
frame=35542 fps=113 q=-0.0 size=  168448kB time=00:23:42.65 bitrate= 970.0kbits/s dup=1 drop=0 speed=4.53x    
frame=35596 fps=113 q=-0.0 size=  168704kB time=00:23:44.81 bitrate= 970.0kbits/s dup=1 drop=0 speed=4.53x    
frame=35651 fps=113 q=-0.0 size=  168960kB time=00:23:47.00 bitrate= 969.9kbits/s dup=1 drop=0 speed=4.53x    
frame=35708 fps=113 q=-0.0 size=  169216kB time=00:23:49.29 bitrate= 969.9kbits/s dup=1 drop=0 speed=4.53x    
frame=35770 fps=113 q=-0.0 size=  169472kB time=00:23:51.76 bitrate= 969.7kbits/s dup=1 drop=0 speed=4.53x    
frame=35830 fps=113 q=-0.0 size=  169728kB time=00:23:54.17 bitrate= 969.5kbits/s dup=1 drop=0 speed=4.53x    
frame=35887 fps=113 q=-0.0 size=  169984kB time=00:23:56.43 bitrate= 969.4kbits/s dup=1 drop=0 speed=4.53x    
frame=35940 fps=113 q=-0.0 size=  170496kB time=00:23:58.57 bitrate= 970.9kbits/s dup=1 drop=0 speed=4.53x    
frame=35996 fps=113 q=-0.0 size=  170752kB time=00:24:00.81 bitrate= 970.8kbits/s dup=1 drop=0 speed=4.53x    
frame=36050 fps=113 q=-0.0 size=  171008kB time=00:24:02.96 bitrate= 970.8kbits/s dup=1 drop=0 speed=4.53x    
frame=36108 fps=113 q=-0.0 size=  171264kB time=00:24:05.26 bitrate= 970.7kbits/s dup=1 drop=0 speed=4.53x    
frame=36161 fps=113 q=-0.0 size=  171520kB time=00:24:07.40 bitrate= 970.8kbits/s dup=1 drop=0 speed=4.53x    
frame=36215 fps=113 q=-0.0 size=  171776kB time=00:24:09.55 bitrate= 970.8kbits/s dup=1 drop=0 speed=4.53x    
frame=36266 fps=113 q=-0.0 size=  172032kB time=00:24:11.60 bitrate= 970.8kbits/s dup=1 drop=0 speed=4.53x    
frame=36335 fps=113 q=-0.0 size=  172544kB time=00:24:14.35 bitrate= 971.9kbits/s dup=1 drop=0 speed=4.53x    
frame=36393 fps=113 q=-0.0 size=  172800kB time=00:24:16.68 bitrate= 971.8kbits/s dup=1 drop=0 speed=4.53x    
frame=36459 fps=113 q=-0.0 size=  173056kB time=00:24:19.30 bitrate= 971.5kbits/s dup=1 drop=0 speed=4.53x    
frame=36520 fps=113 q=-0.0 size=  173312kB time=00:24:21.76 bitrate= 971.3kbits/s dup=1 drop=0 speed=4.53x    
frame=36573 fps=113 q=-0.0 size=  173568kB time=00:24:23.89 bitrate= 971.3kbits/s dup=1 drop=0 speed=4.53x    
frame=36624 fps=113 q=-0.0 size=  173824kB time=00:24:25.92 bitrate= 971.4kbits/s dup=1 drop=0 speed=4.53x    
frame=36675 fps=113 q=-0.0 size=  174080kB time=00:24:27.96 bitrate= 971.5kbits/s dup=1 drop=0 speed=4.53x    
frame=36728 fps=113 q=-0.0 size=  174336kB time=00:24:30.08 bitrate= 971.5kbits/s dup=1 drop=0 speed=4.53x    
frame=36783 fps=113 q=-0.0 size=  174592kB time=00:24:32.27 bitrate= 971.5kbits/s dup=1 drop=0 speed=4.53x    
frame=36837 fps=113 q=-0.0 size=  174848kB time=00:24:34.45 bitrate= 971.4kbits/s dup=1 drop=0 speed=4.53x    
frame=36890 fps=113 q=-0.0 size=  175104kB time=00:24:36.54 bitrate= 971.5kbits/s dup=1 drop=0 speed=4.53x    
frame=36942 fps=113 q=-0.0 size=  175104kB time=00:24:38.65 bitrate= 970.1kbits/s dup=1 drop=0 speed=4.53x    
frame=36994 fps=113 q=-0.0 size=  175360kB time=00:24:40.72 bitrate= 970.2kbits/s dup=1 drop=0 speed=4.53x    
frame=37045 fps=113 q=-0.0 size=  175616kB time=00:24:42.75 bitrate= 970.3kbits/s dup=1 drop=0 speed=4.53x    
frame=37094 fps=113 q=-0.0 size=  175872kB time=00:24:44.71 bitrate= 970.4kbits/s dup=1 drop=0 speed=4.53x    
frame=37146 fps=113 q=-0.0 size=  175872kB time=00:24:46.80 bitrate= 969.0kbits/s dup=1 drop=0 speed=4.53x    
frame=37200 fps=113 q=-0.0 size=  176128kB time=00:24:48.96 bitrate= 969.0kbits/s dup=1 drop=0 speed=4.52x    
frame=37255 fps=113 q=-0.0 size=  176384kB time=00:24:51.15 bitrate= 969.0kbits/s dup=1 drop=0 speed=4.52x    
frame=37311 fps=113 q=-0.0 size=  176640kB time=00:24:53.39 bitrate= 969.0kbits/s dup=1 drop=0 speed=4.52x    
frame=37385 fps=113 q=-0.0 size=  177152kB time=00:24:56.36 bitrate= 969.8kbits/s dup=1 drop=0 speed=4.53x    
frame=37449 fps=113 q=-0.0 size=  177408kB time=00:24:58.92 bitrate= 969.6kbits/s dup=1 drop=0 speed=4.53x    
frame=37528 fps=113 q=-0.0 size=  177664kB time=00:25:02.08 bitrate= 968.9kbits/s dup=1 drop=0 speed=4.53x    
frame=37622 fps=113 q=-0.0 size=  178176kB time=00:25:05.83 bitrate= 969.3kbits/s dup=1 drop=0 speed=4.53x    
frame=37734 fps=113 q=-0.0 size=  178688kB time=00:25:10.33 bitrate= 969.2kbits/s dup=1 drop=0 speed=4.54x    
frame=37839 fps=114 q=-0.0 size=  179200kB time=00:25:14.51 bitrate= 969.3kbits/s dup=1 drop=0 speed=4.55x    
frame=37956 fps=114 q=-0.0 size=  179712kB time=00:25:19.18 bitrate= 969.1kbits/s dup=1 drop=0 speed=4.55x    
frame=38069 fps=114 q=-0.0 size=  180224kB time=00:25:23.71 bitrate= 968.9kbits/s dup=1 drop=0 speed=4.56x    
frame=38165 fps=114 q=-0.0 size=  180736kB time=00:25:27.53 bitrate= 969.3kbits/s dup=1 drop=0 speed=4.57x    
frame=38219 fps=114 q=-0.0 size=  180992kB time=00:25:29.70 bitrate= 969.3kbits/s dup=1 drop=0 speed=4.57x    
frame=38264 fps=114 q=-0.0 size=  181248kB time=00:25:31.52 bitrate= 969.5kbits/s dup=1 drop=0 speed=4.56x    
frame=38311 fps=114 q=-0.0 size=  181248kB time=00:25:33.39 bitrate= 968.3kbits/s dup=1 drop=0 speed=4.56x    
frame=38360 fps=114 q=-0.0 size=  181504kB time=00:25:35.33 bitrate= 968.4kbits/s dup=1 drop=0 speed=4.56x    
frame=38413 fps=114 q=-0.0 size=  181760kB time=00:25:37.49 bitrate= 968.4kbits/s dup=1 drop=0 speed=4.56x    
frame=38466 fps=114 q=-0.0 size=  181760kB time=00:25:39.60 bitrate= 967.1kbits/s dup=1 drop=0 speed=4.56x    
frame=38514 fps=114 q=-0.0 size=  181760kB time=00:25:41.52 bitrate= 965.9kbits/s dup=1 drop=0 speed=4.56x    
frame=38562 fps=114 q=-0.0 size=  182016kB time=00:25:43.44 bitrate= 966.1kbits/s dup=1 drop=0 speed=4.56x    
frame=38609 fps=114 q=-0.0 size=  182016kB time=00:25:45.32 bitrate= 964.9kbits/s dup=1 drop=0 speed=4.56x    
frame=38655 fps=114 q=-0.0 size=  182016kB time=00:25:47.15 bitrate= 963.8kbits/s dup=1 drop=0 speed=4.56x    
frame=38708 fps=114 q=-0.0 size=  182272kB time=00:25:49.29 bitrate= 963.8kbits/s dup=1 drop=0 speed=4.56x    
frame=38760 fps=114 q=-0.0 size=  182272kB time=00:25:51.36 bitrate= 962.5kbits/s dup=1 drop=0 speed=4.55x    
frame=38815 fps=114 q=-0.0 size=  182528kB time=00:25:53.55 bitrate= 962.5kbits/s dup=1 drop=0 speed=4.55x    
frame=38870 fps=114 q=-0.0 size=  182784kB time=00:25:55.77 bitrate= 962.5kbits/s dup=1 drop=0 speed=4.55x    
frame=38925 fps=114 q=-0.0 size=  182784kB time=00:25:57.97 bitrate= 961.1kbits/s dup=1 drop=0 speed=4.55x    
frame=38974 fps=114 q=-0.0 size=  183040kB time=00:25:59.93 bitrate= 961.2kbits/s dup=1 drop=0 speed=4.55x    
frame=39024 fps=114 q=-0.0 size=  183296kB time=00:26:01.89 bitrate= 961.4kbits/s dup=1 drop=0 speed=4.55x    
frame=39068 fps=114 q=-0.0 size=  183296kB time=00:26:03.69 bitrate= 960.3kbits/s dup=1 drop=0 speed=4.55x    
frame=39115 fps=114 q=-0.0 size=  183552kB time=00:26:05.56 bitrate= 960.5kbits/s dup=1 drop=0 speed=4.55x    
frame=39166 fps=114 q=-0.0 size=  183552kB time=00:26:07.61 bitrate= 959.2kbits/s dup=1 drop=0 speed=4.55x    
frame=39214 fps=114 q=-0.0 size=  183808kB time=00:26:09.53 bitrate= 959.4kbits/s dup=1 drop=0 speed=4.55x    
frame=39264 fps=114 q=-0.0 size=  184064kB time=00:26:11.52 bitrate= 959.5kbits/s dup=1 drop=0 speed=4.55x    
frame=39314 fps=114 q=-0.0 size=  184064kB time=00:26:13.50 bitrate= 958.3kbits/s dup=1 drop=0 speed=4.55x    
frame=39361 fps=114 q=-0.0 size=  184320kB time=00:26:15.38 bitrate= 958.5kbits/s dup=1 drop=0 speed=4.54x    
frame=39410 fps=114 q=-0.0 size=  184576kB time=00:26:17.36 bitrate= 958.6kbits/s dup=1 drop=0 speed=4.54x    
frame=39457 fps=113 q=-0.0 size=  184832kB time=00:26:19.24 bitrate= 958.8kbits/s dup=1 drop=0 speed=4.54x    
frame=39508 fps=113 q=-0.0 size=  184832kB time=00:26:21.29 bitrate= 957.5kbits/s dup=1 drop=0 speed=4.54x    
frame=39552 fps=113 q=-0.0 size=  185088kB time=00:26:23.04 bitrate= 957.8kbits/s dup=1 drop=0 speed=4.54x    
frame=39605 fps=113 q=-0.0 size=  185344kB time=00:26:25.15 bitrate= 957.9kbits/s dup=1 drop=0 speed=4.54x    
frame=39647 fps=113 q=-0.0 size=  185344kB time=00:26:26.83 bitrate= 956.8kbits/s dup=1 drop=0 speed=4.54x    
frame=39696 fps=113 q=-0.0 size=  185600kB time=00:26:28.80 bitrate= 957.0kbits/s dup=1 drop=0 speed=4.54x    
frame=39743 fps=113 q=-0.0 size=  185856kB time=00:26:30.67 bitrate= 957.2kbits/s dup=1 drop=0 speed=4.54x    
frame=39793 fps=113 q=-0.0 size=  185856kB time=00:26:32.68 bitrate= 956.0kbits/s dup=1 drop=0 speed=4.54x    
frame=39837 fps=113 q=-0.0 size=  186112kB time=00:26:34.45 bitrate= 956.2kbits/s dup=1 drop=0 speed=4.53x    
frame=39883 fps=113 q=-0.0 size=  186368kB time=00:26:36.28 bitrate= 956.4kbits/s dup=1 drop=0 speed=4.53x    
frame=39928 fps=113 q=-0.0 size=  186368kB time=00:26:38.05 bitrate= 955.4kbits/s dup=1 drop=0 speed=4.53x    
frame=39976 fps=113 q=-0.0 size=  186624kB time=00:26:40.00 bitrate= 955.5kbits/s dup=1 drop=0 speed=4.53x    
frame=40022 fps=113 q=-0.0 size=  186624kB time=00:26:41.85 bitrate= 954.4kbits/s dup=1 drop=0 speed=4.53x    
frame=40073 fps=113 q=-0.0 size=  186880kB time=00:26:43.88 bitrate= 954.5kbits/s dup=1 drop=0 speed=4.53x    
frame=40123 fps=113 q=-0.0 size=  187136kB time=00:26:45.88 bitrate= 954.6kbits/s dup=1 drop=0 speed=4.53x    
frame=40171 fps=113 q=-0.0 size=  187136kB time=00:26:47.80 bitrate= 953.5kbits/s dup=1 drop=0 speed=4.53x    
frame=40218 fps=113 q=-0.0 size=  187392kB time=00:26:49.68 bitrate= 953.7kbits/s dup=1 drop=0 speed=4.53x    
frame=40268 fps=113 q=-0.0 size=  187392kB time=00:26:51.69 bitrate= 952.5kbits/s dup=1 drop=0 speed=4.53x    
frame=40321 fps=113 q=-0.0 size=  187648kB time=00:26:53.80 bitrate= 952.5kbits/s dup=1 drop=0 speed=4.52x    
frame=40373 fps=113 q=-0.0 size=  187648kB time=00:26:55.89 bitrate= 951.3kbits/s dup=1 drop=0 speed=4.52x    
frame=40425 fps=113 q=-0.0 size=  187904kB time=00:26:57.96 bitrate= 951.4kbits/s dup=1 drop=0 speed=4.52x    
frame=40476 fps=113 q=-0.0 size=  187904kB time=00:27:00.01 bitrate= 950.2kbits/s dup=1 drop=0 speed=4.52x    
frame=40527 fps=113 q=-0.0 size=  188160kB time=00:27:02.03 bitrate= 950.3kbits/s dup=1 drop=0 speed=4.52x    
frame=40580 fps=113 q=-0.0 size=  188416kB time=00:27:04.17 bitrate= 950.3kbits/s dup=1 drop=0 speed=4.52x    
frame=40627 fps=113 q=-0.0 size=  188416kB time=00:27:06.04 bitrate= 949.2kbits/s dup=1 drop=0 speed=4.52x    
frame=40675 fps=113 q=-0.0 size=  188672kB time=00:27:07.96 bitrate= 949.4kbits/s dup=1 drop=0 speed=4.52x    
frame=40727 fps=113 q=-0.0 size=  188928kB time=00:27:10.03 bitrate= 949.5kbits/s dup=1 drop=0 speed=4.52x    
frame=40781 fps=113 q=-0.0 size=  189184kB time=00:27:12.21 bitrate= 949.5kbits/s dup=1 drop=0 speed=4.52x    
frame=40835 fps=113 q=-0.0 size=  189440kB time=00:27:14.36 bitrate= 949.5kbits/s dup=1 drop=0 speed=4.52x    
frame=40889 fps=113 q=-0.0 size=  189440kB time=00:27:16.50 bitrate= 948.3kbits/s dup=1 drop=0 speed=4.52x    
frame=40948 fps=113 q=-0.0 size=  189952kB time=00:27:18.89 bitrate= 949.5kbits/s dup=1 drop=0 speed=4.52x    
frame=41003 fps=113 q=-0.0 size=  189952kB time=00:27:21.06 bitrate= 948.2kbits/s dup=1 drop=0 speed=4.52x    
frame=41065 fps=113 q=-0.0 size=  190208kB time=00:27:23.54 bitrate= 948.1kbits/s dup=1 drop=0 speed=4.52x    
frame=41120 fps=113 q=-0.0 size=  190464kB time=00:27:25.73 bitrate= 948.1kbits/s dup=1 drop=0 speed=4.52x    
frame=41174 fps=113 q=-0.0 size=  190720kB time=00:27:27.93 bitrate= 948.1kbits/s dup=1 drop=0 speed=4.52x    
frame=41235 fps=113 q=-0.0 size=  190720kB time=00:27:30.36 bitrate= 946.7kbits/s dup=1 drop=0 speed=4.52x    
frame=41293 fps=113 q=-0.0 size=  190976kB time=00:27:32.69 bitrate= 946.6kbits/s dup=1 drop=0 speed=4.52x    
frame=41345 fps=113 q=-0.0 size=  191232kB time=00:27:34.76 bitrate= 946.7kbits/s dup=1 drop=0 speed=4.52x    
frame=41398 fps=113 q=-0.0 size=  191488kB time=00:27:36.89 bitrate= 946.8kbits/s dup=1 drop=0 speed=4.52x    
frame=41450 fps=113 q=-0.0 size=  191744kB time=00:27:38.96 bitrate= 946.8kbits/s dup=1 drop=0 speed=4.52x    
frame=41500 fps=113 q=-0.0 size=  192000kB time=00:27:40.94 bitrate= 947.0kbits/s dup=1 drop=0 speed=4.52x    
frame=41554 fps=113 q=-0.0 size=  192256kB time=00:27:43.12 bitrate= 947.0kbits/s dup=1 drop=0 speed=4.52x    
frame=41609 fps=113 q=-0.0 size=  192512kB time=00:27:45.32 bitrate= 947.0kbits/s dup=1 drop=0 speed=4.52x    
frame=41668 fps=113 q=-0.0 size=  192512kB time=00:27:47.69 bitrate= 945.7kbits/s dup=1 drop=0 speed=4.52x    
frame=41728 fps=113 q=-0.0 size=  192768kB time=00:27:50.08 bitrate= 945.6kbits/s dup=1 drop=0 speed=4.52x    
frame=41781 fps=113 q=-0.0 size=  193024kB time=00:27:52.21 bitrate= 945.6kbits/s dup=1 drop=0 speed=4.52x    
frame=41843 fps=113 q=-0.0 size=  193280kB time=00:27:54.66 bitrate= 945.5kbits/s dup=1 drop=0 speed=4.52x    
frame=41895 fps=113 q=-0.0 size=  193536kB time=00:27:56.75 bitrate= 945.5kbits/s dup=1 drop=0 speed=4.52x    
frame=41958 fps=113 q=-0.0 size=  193792kB time=00:27:59.27 bitrate= 945.4kbits/s dup=1 drop=0 speed=4.52x    
frame=42015 fps=113 q=-0.0 size=  194048kB time=00:28:01.55 bitrate= 945.3kbits/s dup=1 drop=0 speed=4.52x    
frame=42073 fps=113 q=-0.0 size=  194304kB time=00:28:03.88 bitrate= 945.3kbits/s dup=1 drop=0 speed=4.52x    
frame=42134 fps=113 q=-0.0 size=  194560kB time=00:28:06.33 bitrate= 945.1kbits/s dup=1 drop=0 speed=4.52x    
frame=42194 fps=113 q=-0.0 size=  194816kB time=00:28:08.72 bitrate= 945.1kbits/s dup=1 drop=0 speed=4.52x    
frame=42253 fps=113 q=-0.0 size=  194816kB time=00:28:11.09 bitrate= 943.7kbits/s dup=1 drop=0 speed=4.52x    
frame=42304 fps=113 q=-0.0 size=  195072kB time=00:28:13.12 bitrate= 943.8kbits/s dup=1 drop=0 speed=4.52x    
frame=42368 fps=113 q=-0.0 size=  195584kB time=00:28:15.68 bitrate= 944.9kbits/s dup=1 drop=0 speed=4.52x    
frame=42429 fps=113 q=-0.0 size=  196096kB time=00:28:18.13 bitrate= 946.0kbits/s dup=1 drop=0 speed=4.52x    
frame=42487 fps=113 q=-0.0 size=  196352kB time=00:28:20.43 bitrate= 945.9kbits/s dup=1 drop=0 speed=4.52x    
frame=42542 fps=113 q=-0.0 size=  196608kB time=00:28:22.65 bitrate= 945.9kbits/s dup=1 drop=0 speed=4.52x    
frame=42599 fps=113 q=-0.0 size=  196864kB time=00:28:24.91 bitrate= 945.9kbits/s dup=1 drop=0 speed=4.52x    
frame=42654 fps=113 q=-0.0 size=  197120kB time=00:28:27.13 bitrate= 945.9kbits/s dup=1 drop=0 speed=4.52x    
frame=42706 fps=113 q=-0.0 size=  197120kB time=00:28:29.20 bitrate= 944.8kbits/s dup=1 drop=0 speed=4.52x    
frame=42760 fps=113 q=-0.0 size=  197376kB time=00:28:31.36 bitrate= 944.8kbits/s dup=1 drop=0 speed=4.52x    
frame=42808 fps=113 q=-0.0 size=  197632kB time=00:28:33.25 bitrate= 945.0kbits/s dup=1 drop=0 speed=4.52x    
frame=42857 fps=113 q=-0.0 size=  197632kB time=00:28:35.24 bitrate= 943.9kbits/s dup=1 drop=0 speed=4.52x    
frame=42917 fps=113 q=-0.0 size=  198144kB time=00:28:37.63 bitrate= 945.0kbits/s dup=1 drop=0 speed=4.52x    
frame=42979 fps=113 q=-0.0 size=  198144kB time=00:28:40.12 bitrate= 943.6kbits/s dup=1 drop=0 speed=4.52x    
frame=43039 fps=113 q=-0.0 size=  198400kB time=00:28:42.51 bitrate= 943.6kbits/s dup=1 drop=0 speed=4.52x    
frame=43105 fps=113 q=-0.0 size=  198656kB time=00:28:45.14 bitrate= 943.3kbits/s dup=1 drop=0 speed=4.52x    
frame=43170 fps=113 q=-0.0 size=  199168kB time=00:28:47.76 bitrate= 944.3kbits/s dup=1 drop=0 speed=4.52x    
frame=43233 fps=113 q=-0.0 size=  199424kB time=00:28:50.28 bitrate= 944.2kbits/s dup=1 drop=0 speed=4.52x    
frame=43294 fps=113 q=-0.0 size=  199680kB time=00:28:52.71 bitrate= 944.1kbits/s dup=1 drop=0 speed=4.52x    
frame=43350 fps=113 q=-0.0 size=  200448kB time=00:28:54.97 bitrate= 946.5kbits/s dup=1 drop=0 speed=4.52x    
frame=43409 fps=113 q=-0.0 size=  201216kB time=00:28:57.32 bitrate= 948.8kbits/s dup=1 drop=0 speed=4.52x    
frame=43466 fps=113 q=-0.0 size=  201472kB time=00:28:59.60 bitrate= 948.8kbits/s dup=1 drop=0 speed=4.52x    
frame=43525 fps=113 q=-0.0 size=  201984kB time=00:29:01.97 bitrate= 949.9kbits/s dup=1 drop=0 speed=4.52x    
frame=43587 fps=113 q=-0.0 size=  202496kB time=00:29:04.44 bitrate= 950.9kbits/s dup=1 drop=0 speed=4.52x    
frame=43644 fps=113 q=-0.0 size=  202752kB time=00:29:06.73 bitrate= 950.9kbits/s dup=1 drop=0 speed=4.52x    
frame=43705 fps=113 q=-0.0 size=  203520kB time=00:29:09.16 bitrate= 953.2kbits/s dup=1 drop=0 speed=4.52x    
frame=43762 fps=113 q=-0.0 size=  204288kB time=00:29:11.44 bitrate= 955.5kbits/s dup=1 drop=0 speed=4.52x    
frame=43820 fps=113 q=-0.0 size=  204544kB time=00:29:13.77 bitrate= 955.4kbits/s dup=1 drop=0 speed=4.52x    
frame=43878 fps=113 q=-0.0 size=  205056kB time=00:29:16.09 bitrate= 956.6kbits/s dup=1 drop=0 speed=4.52x    
frame=43933 fps=113 q=-0.0 size=  205312kB time=00:29:18.27 bitrate= 956.6kbits/s dup=1 drop=0 speed=4.52x    
frame=43988 fps=113 q=-0.0 size=  205568kB time=00:29:20.49 bitrate= 956.6kbits/s dup=1 drop=0 speed=4.52x    
frame=44048 fps=113 q=-0.0 size=  205824kB time=00:29:22.88 bitrate= 956.5kbits/s dup=1 drop=0 speed=4.52x    
frame=44112 fps=113 q=-0.0 size=  206080kB time=00:29:25.44 bitrate= 956.3kbits/s dup=1 drop=0 speed=4.52x    
frame=44170 fps=113 q=-0.0 size=  206336kB time=00:29:27.74 bitrate= 956.2kbits/s dup=1 drop=0 speed=4.52x    
frame=44230 fps=113 q=-0.0 size=  206848kB time=00:29:30.17 bitrate= 957.2kbits/s dup=1 drop=0 speed=4.52x    
frame=44289 fps=113 q=-0.0 size=  207104kB time=00:29:32.50 bitrate= 957.2kbits/s dup=1 drop=0 speed=4.52x    
frame=44356 fps=113 q=-0.0 size=  207872kB time=00:29:35.21 bitrate= 959.3kbits/s dup=1 drop=0 speed=4.53x    
frame=44419 fps=113 q=-0.0 size=  208128kB time=00:29:37.72 bitrate= 959.1kbits/s dup=1 drop=0 speed=4.53x    
frame=44487 fps=113 q=-0.0 size=  208896kB time=00:29:40.43 bitrate= 961.2kbits/s dup=1 drop=0 speed=4.53x    
frame=44545 fps=113 q=-0.0 size=  209152kB time=00:29:42.76 bitrate= 961.1kbits/s dup=1 drop=0 speed=4.53x    
frame=44603 fps=113 q=-0.0 size=  209664kB time=00:29:45.08 bitrate= 962.2kbits/s dup=1 drop=0 speed=4.53x    
frame=44659 fps=113 q=-0.0 size=  210432kB time=00:29:47.32 bitrate= 964.5kbits/s dup=1 drop=0 speed=4.53x    
frame=44724 fps=113 q=-0.0 size=  210688kB time=00:29:49.93 bitrate= 964.3kbits/s dup=1 drop=0 speed=4.53x    
frame=44779 fps=113 q=-0.0 size=  211200kB time=00:29:52.10 bitrate= 965.4kbits/s dup=1 drop=0 speed=4.53x    
frame=44840 fps=113 q=-0.0 size=  211456kB time=00:29:54.53 bitrate= 965.3kbits/s dup=1 drop=0 speed=4.53x    
frame=44899 fps=113 q=-0.0 size=  211712kB time=00:29:56.92 bitrate= 965.2kbits/s dup=1 drop=0 speed=4.53x    
frame=44962 fps=113 q=-0.0 size=  212224kB time=00:29:59.44 bitrate= 966.2kbits/s dup=1 drop=0 speed=4.53x    
frame=45023 fps=113 q=-0.0 size=  212992kB time=00:30:01.87 bitrate= 968.3kbits/s dup=1 drop=0 speed=4.53x    
[mp4 @ 0000017d59d38bc0] Starting second pass: moving the moov atom to the beginning of the file
[out#0/mp4 @ 0000017d5a87a840] video:159300kB audio:54625kB subtitle:0kB other streams:0kB global headers:0kB muxing overhead: 0.649480%
frame=45102 fps=113 q=-0.0 Lsize=  215314kB time=00:30:03.94 bitrate= 977.8kbits/s dup=1 drop=0 speed=4.53x    
[aac @ 0000017d59db7a00] Qavg: 63680.020
2026-09-29 08:25:11,391 [INFO] pipeline.job.45: TRANSCODE 完成 → transcoded.mp4
2026-09-29 08:25:11,505 [INFO] pipeline.job.45: 删除临时文件 video_ai.mp4 (797.94 MB)

===== 2026-09-29 08:28:24 rc=0 (192.9s) =====
$ E:\WorkBuddy\video-transfer-tools\video_pipeline\.tools\ffmpeg\ffmpeg.EXE -y -i E:\WorkBuddy\video-transfer-tools\video_pipeline\work\current\transcoded.mp4 -i E:\WorkBuddy\video-transfer-tools\video_pipeline\work\current\audio_clean.wav -map 0:v:0 -map 1:a:0 -c:v copy -c:a aac -b:a 320k -ar 48000 -shortest -movflags +faststart -f mp4 E:\WorkBuddy\video-transfer-tools\video_pipeline\output\剧集\S01E04_seg30min.mp4.partial
ffmpeg version 6.1.1-essentials_build-www.gyan.dev Copyright (c) 2000-2023 the FFmpeg developers
  built with gcc 12.2.0 (Rev10, Built by MSYS2 project)
  configuration: --enable-gpl --enable-version3 --enable-static --pkg-config=pkgconf --disable-w32threads --disable-autodetect --enable-fontconfig --enable-iconv --enable-gnutls --enable-libxml2 --enable-gmp --enable-bzlib --enable-lzma --enable-zlib --enable-libsrt --enable-libssh --enable-libzmq --enable-avisynth --enable-sdl2 --enable-libwebp --enable-libx264 --enable-libx265 --enable-libxvid --enable-libaom --enable-libopenjpeg --enable-libvpx --enable-mediafoundation --enable-libass --enable-libfreetype --enable-libfribidi --enable-libharfbuzz --enable-libvidstab --enable-libvmaf --enable-libzimg --enable-amf --enable-cuda-llvm --enable-cuvid --enable-ffnvcodec --enable-nvdec --enable-nvenc --enable-dxva2 --enable-d3d11va --enable-libvpl --enable-libgme --enable-libopenmpt --enable-libopencore-amrwb --enable-libmp3lame --enable-libtheora --enable-libvo-amrwbenc --enable-libgsm --enable-libopencore-amrnb --enable-libopus --enable-libspeex --enable-libvorbis --enable-librubberband
  libavutil      58. 29.100 / 58. 29.100
  libavcodec     60. 31.102 / 60. 31.102
  libavformat    60. 16.100 / 60. 16.100
  libavdevice    60.  3.100 / 60.  3.100
  libavfilter     9. 12.100 /  9. 12.100
  libswscale      7.  5.100 /  7.  5.100
  libswresample   4. 12.100 /  4. 12.100
  libpostproc    57.  3.100 / 57.  3.100
Input #0, mov,mp4,m4a,3gp,3g2,mj2, from 'E:\WorkBuddy\video-transfer-tools\video_pipeline\work\current\transcoded.mp4':
  Metadata:
    major_brand     : isom
    minor_version   : 512
    compatible_brands: isomiso2mp41
    encoder         : Lavf60.16.100
  Duration: 00:30:04.08, start: 0.000000, bitrate: 977 kb/s
  Stream #0:0[0x1](und): Video: hevc (Rext) (hev1 / 0x31766568), yuv444p(tv, progressive), 1424x800 [SAR 1:1 DAR 89:50], 723 kb/s, 25 fps, 25 tbr, 12800 tbn (default)
    Metadata:
      handler_name    : VideoHandler
      vendor_id       : [0][0][0][0]
      encoder         : Lavc60.31.102 hevc_qsv
  Stream #0:1[0x2](und): Audio: aac (LC) (mp4a / 0x6134706D), 48000 Hz, stereo, fltp, 248 kb/s (default)
    Metadata:
      handler_name    : Sound Media Handler
      vendor_id       : [0][0][0][0]
[aist#1:0/pcm_s16le @ 000001a522cb3480] Guessed Channel Layout: stereo
Input #1, wav, from 'E:\WorkBuddy\video-transfer-tools\video_pipeline\work\current\audio_clean.wav':
  Metadata:
    encoder         : Lavf60.16.100
  Duration: 00:30:03.95, bitrate: 1536 kb/s
  Stream #1:0: Audio: pcm_s16le ([1][0][0][0] / 0x0001), 48000 Hz, 2 channels, s16, 1536 kb/s
Stream mapping:
  Stream #0:0 -> #0:0 (copy)
  Stream #1:0 -> #0:1 (pcm_s16le (native) -> aac (native))
Press [q] to stop, [?] for help
Output #0, mp4, to 'E:\WorkBuddy\video-transfer-tools\video_pipeline\output\剧集\S01E04_seg30min.mp4.partial':
  Metadata:
    major_brand     : isom
    minor_version   : 512
    compatible_brands: isomiso2mp41
    encoder         : Lavf60.16.100
  Stream #0:0(und): Video: hevc (Rext) (hev1 / 0x31766568), yuv444p(tv, progressive), 1424x800 [SAR 1:1 DAR 89:50], q=2-31, 723 kb/s, 25 fps, 25 tbr, 12800 tbn (default)
    Metadata:
      handler_name    : VideoHandler
      vendor_id       : [0][0][0][0]
      encoder         : Lavc60.31.102 hevc_qsv
  Stream #0:1: Audio: aac (LC) (mp4a / 0x6134706D), 48000 Hz, stereo, fltp, 320 kb/s
    Metadata:
      encoder         : Lavc60.31.102 aac
size=       0kB time=N/A bitrate=N/A speed=N/A    
size=     256kB time=00:00:05.76 bitrate= 364.1kbits/s speed=11.4x    
size=    1536kB time=00:00:12.00 bitrate=1048.6kbits/s speed=11.9x    
size=    2304kB time=00:00:18.00 bitrate=1048.6kbits/s speed=  12x    
size=    3072kB time=00:00:24.40 bitrate=1031.4kbits/s speed=12.2x    
size=    4096kB time=00:00:30.00 bitrate=1118.5kbits/s speed=  12x    
size=    4608kB time=00:00:35.88 bitrate=1052.1kbits/s speed=11.9x    
size=    5376kB time=00:00:40.16 bitrate=1096.6kbits/s speed=11.4x    
size=    5632kB time=00:00:43.56 bitrate=1059.2kbits/s speed=10.8x    
size=    6144kB time=00:00:47.36 bitrate=1062.8kbits/s speed=10.5x    
size=    6400kB time=00:00:50.64 bitrate=1035.3kbits/s speed=10.1x    
size=    6912kB time=00:00:53.72 bitrate=1054.0kbits/s speed=9.72x    
size=    7168kB time=00:00:56.28 bitrate=1043.4kbits/s speed=9.33x    
size=    7680kB time=00:00:59.92 bitrate=1050.0kbits/s speed=9.17x    
size=    8192kB time=00:01:03.96 bitrate=1049.2kbits/s speed=9.09x    
size=    8704kB time=00:01:07.40 bitrate=1057.9kbits/s speed=8.93x    
size=    9216kB time=00:01:11.60 bitrate=1054.4kbits/s speed= 8.9x    
size=    9728kB time=00:01:15.64 bitrate=1053.6kbits/s speed=8.85x    
size=    9984kB time=00:01:19.00 bitrate=1035.3kbits/s speed=8.73x    
size=   10496kB time=00:01:22.68 bitrate=1040.0kbits/s speed=8.65x    
size=   11264kB time=00:01:27.40 bitrate=1055.8kbits/s speed=8.69x    
size=   11776kB time=00:01:30.48 bitrate=1066.2kbits/s speed=8.57x    
size=   12288kB time=00:01:33.60 bitrate=1075.5kbits/s speed=8.45x    
size=   12800kB time=00:01:37.48 bitrate=1075.7kbits/s speed=8.42x    
size=   13312kB time=00:01:41.40 bitrate=1075.5kbits/s speed= 8.4x    
size=   13824kB time=00:01:45.28 bitrate=1075.7kbits/s speed=8.37x    
size=   14336kB time=00:01:49.40 bitrate=1073.5kbits/s speed=8.37x    
size=   14592kB time=00:01:52.76 bitrate=1060.1kbits/s speed= 8.3x    
size=   14848kB time=00:01:55.48 bitrate=1053.3kbits/s speed= 8.2x    
size=   15104kB time=00:01:59.12 bitrate=1038.7kbits/s speed=8.16x    
size=   15360kB time=00:02:02.88 bitrate=1024.0kbits/s speed=8.14x    
size=   15872kB time=00:02:06.52 bitrate=1027.7kbits/s speed=8.11x    
size=   16384kB time=00:02:11.28 bitrate=1022.4kbits/s speed=8.16x    
size=   16640kB time=00:02:15.48 bitrate=1006.2kbits/s speed=8.16x    
size=   16896kB time=00:02:19.60 bitrate= 991.5kbits/s speed=8.16x    
size=   17408kB time=00:02:23.48 bitrate= 993.9kbits/s speed=8.15x    
size=   17664kB time=00:02:26.52 bitrate= 987.6kbits/s speed=8.09x    
size=   17920kB time=00:02:29.20 bitrate= 983.9kbits/s speed=8.01x    
size=   18176kB time=00:02:32.16 bitrate= 978.6kbits/s speed=7.96x    
size=   18944kB time=00:02:35.64 bitrate= 997.1kbits/s speed=7.93x    
size=   19456kB time=00:02:39.72 bitrate= 997.9kbits/s speed=7.94x    
size=   19968kB time=00:02:42.84 bitrate=1004.5kbits/s speed= 7.9x    
size=   20480kB time=00:02:46.44 bitrate=1008.0kbits/s speed=7.88x    
size=   20736kB time=00:02:50.24 bitrate= 997.8kbits/s speed=7.87x    
size=   21760kB time=00:02:58.60 bitrate= 998.1kbits/s speed=8.07x    
size=   22784kB time=00:03:08.44 bitrate= 990.5kbits/s speed=8.33x    
size=   23808kB time=00:03:16.36 bitrate= 993.3kbits/s speed=8.49x    
size=   24576kB time=00:03:24.24 bitrate= 985.7kbits/s speed=8.64x    
size=   25088kB time=00:03:28.76 bitrate= 984.5kbits/s speed=8.65x    
size=   25600kB time=00:03:32.68 bitrate= 986.1kbits/s speed=8.63x    
size=   26112kB time=00:03:37.80 bitrate= 982.1kbits/s speed=8.66x    
size=   26880kB time=00:03:43.84 bitrate= 983.7kbits/s speed=8.73x    
size=   27392kB time=00:03:49.16 bitrate= 979.2kbits/s speed=8.77x    
size=   27648kB time=00:03:53.20 bitrate= 971.2kbits/s speed=8.75x    
size=   28416kB time=00:03:58.68 bitrate= 975.3kbits/s speed=8.79x    
size=   29184kB time=00:04:07.84 bitrate= 964.6kbits/s speed=8.97x    
size=   29952kB time=00:04:15.52 bitrate= 960.3kbits/s speed=9.08x    
size=   30464kB time=00:04:21.72 bitrate= 953.5kbits/s speed=9.14x    
size=   30976kB time=00:04:26.52 bitrate= 952.1kbits/s speed=9.14x    
size=   31488kB time=00:04:30.92 bitrate= 952.1kbits/s speed=9.14x    
size=   32000kB time=00:04:35.64 bitrate= 951.0kbits/s speed=9.14x    
size=   32512kB time=00:04:40.88 bitrate= 948.2kbits/s speed=9.16x    
size=   33024kB time=00:04:46.84 bitrate= 943.1kbits/s speed= 9.2x    
size=   33536kB time=00:04:50.80 bitrate= 944.7kbits/s speed=9.18x    
size=   34048kB time=00:04:55.92 bitrate= 942.6kbits/s speed= 9.2x    
size=   34304kB time=00:04:59.60 bitrate= 938.0kbits/s speed=9.17x    
size=   34560kB time=00:05:02.56 bitrate= 935.7kbits/s speed=9.12x    
size=   35072kB time=00:05:06.28 bitrate= 938.1kbits/s speed=9.09x    
size=   35584kB time=00:05:11.24 bitrate= 936.6kbits/s speed= 9.1x    
size=   35840kB time=00:05:16.52 bitrate= 927.6kbits/s speed=9.12x    
size=   36608kB time=00:05:24.80 bitrate= 923.3kbits/s speed=9.23x    
size=   37376kB time=00:05:31.88 bitrate= 922.6kbits/s speed= 9.3x    
size=   37632kB time=00:05:36.84 bitrate= 915.2kbits/s speed= 9.3x    
size=   38400kB time=00:05:42.76 bitrate= 917.8kbits/s speed=9.34x    
size=   38912kB time=00:05:48.44 bitrate= 914.8kbits/s speed=9.37x    
size=   39424kB time=00:05:53.92 bitrate= 912.5kbits/s speed=9.39x    
size=   39936kB time=00:06:00.68 bitrate= 907.1kbits/s speed=9.44x    
size=   40448kB time=00:06:04.72 bitrate= 908.5kbits/s speed=9.42x    
size=   40960kB time=00:06:08.92 bitrate= 909.5kbits/s speed=9.41x    
size=   41472kB time=00:06:14.00 bitrate= 908.4kbits/s speed=9.42x    
size=   41984kB time=00:06:20.28 bitrate= 904.4kbits/s speed=9.46x    
size=   43264kB time=00:06:28.52 bitrate= 912.2kbits/s speed=9.54x    
size=   44544kB time=00:06:37.64 bitrate= 917.7kbits/s speed=9.65x    
size=   45056kB time=00:06:41.80 bitrate= 918.6kbits/s speed=9.63x    
size=   45568kB time=00:06:46.08 bitrate= 919.3kbits/s speed=9.62x    
size=   46080kB time=00:06:50.00 bitrate= 920.7kbits/s speed= 9.6x    
size=   46848kB time=00:06:53.88 bitrate= 927.3kbits/s speed=9.58x    
size=   47360kB time=00:06:58.96 bitrate= 926.0kbits/s speed=9.58x    
size=   47616kB time=00:07:02.52 bitrate= 923.2kbits/s speed=9.56x    
size=   48128kB time=00:07:06.56 bitrate= 924.3kbits/s speed=9.54x    
size=   48640kB time=00:07:11.52 bitrate= 923.4kbits/s speed=9.54x    
size=   48896kB time=00:07:15.04 bitrate= 920.7kbits/s speed=9.51x    
size=   49664kB time=00:07:18.92 bitrate= 926.9kbits/s speed= 9.5x    
size=   50176kB time=00:07:22.76 bitrate= 928.4kbits/s speed=9.48x    
size=   50688kB time=00:07:27.44 bitrate= 928.0kbits/s speed=9.47x    
size=   50944kB time=00:07:31.24 bitrate= 924.9kbits/s speed=9.45x    
size=   51200kB time=00:07:34.72 bitrate= 922.4kbits/s speed=9.43x    
size=   51712kB time=00:07:37.40 bitrate= 926.2kbits/s speed=9.39x    
size=   52224kB time=00:07:41.36 bitrate= 927.3kbits/s speed=9.37x    
size=   52736kB time=00:07:45.40 bitrate= 928.3kbits/s speed=9.36x    
size=   53248kB time=00:07:49.84 bitrate= 928.4kbits/s speed=9.35x    
size=   53504kB time=00:07:53.88 bitrate= 924.9kbits/s speed=9.34x    
size=   54272kB time=00:07:58.52 bitrate= 929.1kbits/s speed=9.34x    
size=   54528kB time=00:08:02.56 bitrate= 925.7kbits/s speed=9.33x    
size=   55040kB time=00:08:06.88 bitrate= 926.1kbits/s speed=9.32x    
size=   55296kB time=00:08:10.40 bitrate= 923.7kbits/s speed=9.29x    
size=   55808kB time=00:08:13.76 bitrate= 925.9kbits/s speed=9.27x    
size=   56064kB time=00:08:17.92 bitrate= 922.4kbits/s speed=9.26x    
size=   56832kB time=00:08:23.20 bitrate= 925.2kbits/s speed=9.27x    
size=   57344kB time=00:08:27.44 bitrate= 925.7kbits/s speed=9.26x    
size=   57856kB time=00:08:31.60 bitrate= 926.4kbits/s speed=9.25x    
size=   58368kB time=00:08:37.00 bitrate= 924.9kbits/s speed=9.27x    
size=   58880kB time=00:08:42.28 bitrate= 923.5kbits/s speed=9.28x    
size=   60160kB time=00:08:49.16 bitrate= 931.3kbits/s speed=9.32x    
size=   62208kB time=00:08:56.60 bitrate= 949.7kbits/s speed=9.37x    
size=   63232kB time=00:09:02.32 bitrate= 955.1kbits/s speed=9.38x    
size=   64256kB time=00:09:06.08 bitrate= 963.9kbits/s speed=9.37x    
size=   65024kB time=00:09:09.68 bitrate= 969.1kbits/s speed=9.35x    
size=   66048kB time=00:09:17.08 bitrate= 971.3kbits/s speed=9.39x    
size=   66304kB time=00:09:20.60 bitrate= 968.9kbits/s speed=9.37x    
size=   66816kB time=00:09:24.80 bitrate= 969.1kbits/s speed=9.37x    
size=   67328kB time=00:09:29.08 bitrate= 969.2kbits/s speed=9.36x    
size=   67584kB time=00:09:33.76 bitrate= 964.9kbits/s speed=9.36x    
size=   68096kB time=00:09:37.24 bitrate= 966.4kbits/s speed=9.34x    
size=   68352kB time=00:09:41.40 bitrate= 963.1kbits/s speed=9.33x    
size=   68608kB time=00:09:44.64 bitrate= 961.3kbits/s speed=9.31x    
size=   69120kB time=00:09:48.52 bitrate= 962.1kbits/s speed=9.29x    
size=   69376kB time=00:09:52.64 bitrate= 959.0kbits/s speed=9.29x    
size=   69888kB time=00:09:56.44 bitrate= 959.9kbits/s speed=9.27x    
size=   70400kB time=00:10:00.40 bitrate= 960.6kbits/s speed=9.26x    
size=   70656kB time=00:10:03.80 bitrate= 958.6kbits/s speed=9.24x    
size=   70912kB time=00:10:07.08 bitrate= 956.9kbits/s speed=9.22x    
size=   71424kB time=00:10:10.48 bitrate= 958.4kbits/s speed= 9.2x    
size=   72192kB time=00:10:15.12 bitrate= 961.4kbits/s speed= 9.2x    
size=   72704kB time=00:10:19.40 bitrate= 961.6kbits/s speed= 9.2x    
size=   73216kB time=00:10:22.76 bitrate= 963.1kbits/s speed=9.18x    
size=   73472kB time=00:10:25.56 bitrate= 962.2kbits/s speed=9.15x    
size=   73984kB time=00:10:29.36 bitrate= 963.0kbits/s speed=9.14x    
size=   74496kB time=00:10:33.20 bitrate= 963.8kbits/s speed=9.13x    
size=   75008kB time=00:10:36.88 bitrate= 964.8kbits/s speed=9.12x    
size=   75264kB time=00:10:40.20 bitrate= 963.1kbits/s speed= 9.1x    
size=   75776kB time=00:10:43.96 bitrate= 964.0kbits/s speed=9.09x    
size=   76032kB time=00:10:46.84 bitrate= 962.9kbits/s speed=9.06x    
size=   76288kB time=00:10:49.20 bitrate= 962.6kbits/s speed=9.03x    
size=   76800kB time=00:10:52.60 bitrate= 964.1kbits/s speed=9.02x    
size=   77312kB time=00:10:56.52 bitrate= 964.7kbits/s speed=9.01x    
size=   77568kB time=00:11:00.44 bitrate= 962.1kbits/s speed=   9x    
size=   78592kB time=00:11:10.32 bitrate= 960.5kbits/s speed=9.07x    
size=   79616kB time=00:11:17.80 bitrate= 962.3kbits/s speed=9.11x    
size=   81152kB time=00:11:27.84 bitrate= 966.5kbits/s speed=9.19x    
size=   82176kB time=00:11:31.96 bitrate= 972.9kbits/s speed=9.18x    
size=   83200kB time=00:11:35.36 bitrate= 980.2kbits/s speed=9.16x    
size=   83456kB time=00:11:38.96 bitrate= 978.1kbits/s speed=9.15x    
size=   83968kB time=00:11:42.76 bitrate= 978.8kbits/s speed=9.14x    
size=   84736kB time=00:11:47.44 bitrate= 981.2kbits/s speed=9.14x    
size=   85248kB time=00:11:51.44 bitrate= 981.6kbits/s speed=9.13x    
size=   85760kB time=00:11:55.28 bitrate= 982.2kbits/s speed=9.12x    
size=   86272kB time=00:11:59.64 bitrate= 982.1kbits/s speed=9.12x    
size=   86784kB time=00:12:03.84 bitrate= 982.2kbits/s speed=9.12x    
size=   87552kB time=00:12:08.08 bitrate= 985.1kbits/s speed=9.11x    
size=   87808kB time=00:12:11.88 bitrate= 982.8kbits/s speed= 9.1x    
size=   88576kB time=00:12:16.44 bitrate= 985.3kbits/s speed= 9.1x    
size=   89088kB time=00:12:20.84 bitrate= 985.1kbits/s speed= 9.1x    
size=   89600kB time=00:12:25.32 bitrate= 984.8kbits/s speed= 9.1x    
size=   90112kB time=00:12:28.16 bitrate= 986.7kbits/s speed=9.08x    
size=   90368kB time=00:12:31.20 bitrate= 985.5kbits/s speed=9.06x    
size=   90880kB time=00:12:35.08 bitrate= 986.0kbits/s speed=9.05x    
size=   91392kB time=00:12:39.28 bitrate= 986.0kbits/s speed=9.05x    
size=   91904kB time=00:12:42.76 bitrate= 987.0kbits/s speed=9.04x    
size=   92672kB time=00:12:46.40 bitrate= 990.6kbits/s speed=9.03x    
size=   93440kB time=00:12:49.40 bitrate= 994.9kbits/s speed=9.01x    
size=   93696kB time=00:12:52.24 bitrate= 993.9kbits/s speed=8.99x    
size=   94208kB time=00:12:56.00 bitrate= 994.5kbits/s speed=8.98x    
size=   94976kB time=00:13:00.04 bitrate= 997.4kbits/s speed=8.97x    
size=   95488kB time=00:13:04.60 bitrate= 997.0kbits/s speed=8.97x    
size=   96000kB time=00:13:08.96 bitrate= 996.8kbits/s speed=8.97x    
size=   96512kB time=00:13:12.80 bitrate= 997.3kbits/s speed=8.96x    
size=   96768kB time=00:13:16.00 bitrate= 995.9kbits/s speed=8.95x    
size=   97280kB time=00:13:19.96 bitrate= 996.2kbits/s speed=8.94x    
size=   97792kB time=00:13:24.56 bitrate= 995.7kbits/s speed=8.95x    
size=   98304kB time=00:13:29.36 bitrate= 995.0kbits/s speed=8.95x    
size=   98816kB time=00:13:33.28 bitrate= 995.4kbits/s speed=8.94x    
size=   99328kB time=00:13:37.44 bitrate= 995.4kbits/s speed=8.94x    
size=   99584kB time=00:13:41.28 bitrate= 993.3kbits/s speed=8.93x    
size=  100096kB time=00:13:45.04 bitrate= 993.9kbits/s speed=8.92x    
size=  100608kB time=00:13:49.36 bitrate= 993.8kbits/s speed=8.92x    
size=  101120kB time=00:13:53.84 bitrate= 993.4kbits/s speed=8.92x    
size=  101632kB time=00:13:59.36 bitrate= 991.9kbits/s speed=8.93x    
size=  102400kB time=00:14:03.64 bitrate= 994.3kbits/s speed=8.93x    
size=  102912kB time=00:14:07.48 bitrate= 994.8kbits/s speed=8.92x    
size=  103424kB time=00:14:11.96 bitrate= 994.5kbits/s speed=8.92x    
size=  103936kB time=00:14:16.20 bitrate= 994.4kbits/s speed=8.92x    
size=  104448kB time=00:14:20.72 bitrate= 994.1kbits/s speed=8.92x    
size=  104960kB time=00:14:25.72 bitrate= 993.2kbits/s speed=8.93x    
size=  105472kB time=00:14:29.36 bitrate= 993.9kbits/s speed=8.92x    
size=  105728kB time=00:14:33.00 bitrate= 992.1kbits/s speed=8.91x    
size=  106240kB time=00:14:36.80 bitrate= 992.6kbits/s speed= 8.9x    
size=  106752kB time=00:14:41.80 bitrate= 991.7kbits/s speed=8.91x    
size=  107008kB time=00:14:45.16 bitrate= 990.3kbits/s speed= 8.9x    
size=  107264kB time=00:14:48.84 bitrate= 988.6kbits/s speed=8.89x    
size=  108032kB time=00:14:54.00 bitrate= 989.9kbits/s speed= 8.9x    
size=  108544kB time=00:14:58.40 bitrate= 989.8kbits/s speed= 8.9x    
size=  108800kB time=00:15:02.12 bitrate= 988.0kbits/s speed=8.89x    
size=  109312kB time=00:15:06.40 bitrate= 988.0kbits/s speed=8.89x    
size=  109568kB time=00:15:10.00 bitrate= 986.4kbits/s speed=8.88x    
size=  110080kB time=00:15:14.20 bitrate= 986.4kbits/s speed=8.88x    
size=  110592kB time=00:15:18.64 bitrate= 986.2kbits/s speed=8.88x    
size=  110848kB time=00:15:22.44 bitrate= 984.4kbits/s speed=8.87x    
size=  111360kB time=00:15:26.56 bitrate= 984.6kbits/s speed=8.87x    
size=  111872kB time=00:15:30.24 bitrate= 985.2kbits/s speed=8.86x    
size=  112384kB time=00:15:33.28 bitrate= 986.5kbits/s speed=8.85x    
size=  112896kB time=00:15:37.12 bitrate= 986.9kbits/s speed=8.84x    
size=  113152kB time=00:15:40.60 bitrate= 985.5kbits/s speed=8.83x    
size=  113664kB time=00:15:44.36 bitrate= 986.0kbits/s speed=8.82x    
size=  113920kB time=00:15:48.44 bitrate= 984.0kbits/s speed=8.82x    
size=  114432kB time=00:15:52.24 bitrate= 984.4kbits/s speed=8.82x    
size=  114688kB time=00:15:55.72 bitrate= 983.1kbits/s speed=8.81x    
size=  114944kB time=00:15:58.84 bitrate= 982.0kbits/s speed=8.79x    
size=  115456kB time=00:16:02.36 bitrate= 982.8kbits/s speed=8.79x    
size=  115968kB time=00:16:06.16 bitrate= 983.3kbits/s speed=8.78x    
size=  116480kB time=00:16:10.72 bitrate= 983.0kbits/s speed=8.78x    
size=  117760kB time=00:16:20.88 bitrate= 983.5kbits/s speed=8.83x    
size=  118272kB time=00:16:24.84 bitrate= 983.8kbits/s speed=8.83x    
size=  118784kB time=00:16:28.84 bitrate= 984.1kbits/s speed=8.82x    
size=  119296kB time=00:16:32.56 bitrate= 984.6kbits/s speed=8.82x    
size=  119552kB time=00:16:37.08 bitrate= 982.2kbits/s speed=8.82x    
size=  120064kB time=00:16:40.56 bitrate= 983.0kbits/s speed=8.81x    
size=  121344kB time=00:16:48.28 bitrate= 985.9kbits/s speed=8.84x    
size=  122368kB time=00:16:54.24 bitrate= 988.4kbits/s speed=8.85x    
size=  122880kB time=00:16:58.36 bitrate= 988.5kbits/s speed=8.85x    
size=  123392kB time=00:17:02.16 bitrate= 988.9kbits/s speed=8.84x    
size=  123904kB time=00:17:07.00 bitrate= 988.3kbits/s speed=8.85x    
size=  124160kB time=00:17:10.56 bitrate= 987.0kbits/s speed=8.84x    
size=  124416kB time=00:17:14.40 bitrate= 985.3kbits/s speed=8.83x    
size=  124928kB time=00:17:18.20 bitrate= 985.8kbits/s speed=8.83x    
size=  125184kB time=00:17:21.00 bitrate= 985.1kbits/s speed=8.82x    
size=  125696kB time=00:17:24.20 bitrate= 986.1kbits/s speed=8.81x    
size=  125952kB time=00:17:27.32 bitrate= 985.2kbits/s speed=8.79x    
size=  126208kB time=00:17:30.64 bitrate= 984.1kbits/s speed=8.78x    
size=  126720kB time=00:17:34.44 bitrate= 984.5kbits/s speed=8.78x    
size=  126976kB time=00:17:37.68 bitrate= 983.5kbits/s speed=8.77x    
size=  127232kB time=00:17:41.80 bitrate= 981.6kbits/s speed=8.77x    
size=  127744kB time=00:17:46.68 bitrate= 981.1kbits/s speed=8.77x    
size=  128256kB time=00:17:52.36 bitrate= 979.8kbits/s speed=8.78x    
size=  128768kB time=00:17:56.44 bitrate= 980.0kbits/s speed=8.78x    
size=  129280kB time=00:18:01.44 bitrate= 979.3kbits/s speed=8.78x    
size=  129536kB time=00:18:06.04 bitrate= 977.1kbits/s speed=8.79x    
size=  130048kB time=00:18:10.04 bitrate= 977.4kbits/s speed=8.78x    
size=  130304kB time=00:18:13.96 bitrate= 975.8kbits/s speed=8.78x    
size=  130816kB time=00:18:19.36 bitrate= 974.8kbits/s speed=8.79x    
size=  131328kB time=00:18:23.52 bitrate= 974.9kbits/s speed=8.78x    
size=  131584kB time=00:18:26.88 bitrate= 973.9kbits/s speed=8.78x    
size=  131840kB time=00:18:30.76 bitrate= 972.3kbits/s speed=8.77x    
size=  132608kB time=00:18:33.80 bitrate= 975.3kbits/s speed=8.76x    
size=  133120kB time=00:18:36.60 bitrate= 976.6kbits/s speed=8.75x    
size=  134144kB time=00:18:40.36 bitrate= 980.9kbits/s speed=8.74x    
size=  134912kB time=00:18:44.64 bitrate= 982.7kbits/s speed=8.74x    
size=  135680kB time=00:18:49.08 bitrate= 984.4kbits/s speed=8.74x    
size=  136192kB time=00:18:54.04 bitrate= 983.8kbits/s speed=8.75x    
size=  136704kB time=00:18:58.04 bitrate= 984.0kbits/s speed=8.74x    
size=  137216kB time=00:19:02.04 bitrate= 984.3kbits/s speed=8.74x    
size=  137984kB time=00:19:06.64 bitrate= 985.8kbits/s speed=8.74x    
size=  138496kB time=00:19:11.36 bitrate= 985.4kbits/s speed=8.75x    
size=  139008kB time=00:19:15.60 bitrate= 985.4kbits/s speed=8.74x    
size=  140032kB time=00:19:20.20 bitrate= 988.7kbits/s speed=8.75x    
size=  140800kB time=00:19:25.08 bitrate= 990.0kbits/s speed=8.75x    
size=  141312kB time=00:19:29.88 bitrate= 989.5kbits/s speed=8.75x    
size=  141824kB time=00:19:33.68 bitrate= 989.9kbits/s speed=8.75x    
size=  142080kB time=00:19:37.24 bitrate= 988.7kbits/s speed=8.74x    
size=  142336kB time=00:19:40.72 bitrate= 987.5kbits/s speed=8.73x    
size=  142592kB time=00:19:44.88 bitrate= 985.9kbits/s speed=8.73x    
size=  143104kB time=00:19:48.72 bitrate= 986.2kbits/s speed=8.73x    
size=  143360kB time=00:19:52.56 bitrate= 984.8kbits/s speed=8.72x    
size=  143616kB time=00:19:55.76 bitrate= 983.9kbits/s speed=8.72x    
size=  143872kB time=00:19:59.76 bitrate= 982.4kbits/s speed=8.71x    
size=  144128kB time=00:20:03.00 bitrate= 981.5kbits/s speed= 8.7x    
size=  145408kB time=00:20:11.76 bitrate= 983.0kbits/s speed=8.74x    
size=  146688kB time=00:20:19.32 bitrate= 985.5kbits/s speed=8.76x    
size=  147456kB time=00:20:24.44 bitrate= 986.5kbits/s speed=8.76x    
size=  148480kB time=00:20:33.64 bitrate= 986.0kbits/s speed= 8.8x    
size=  150784kB time=00:20:49.24 bitrate= 988.8kbits/s speed=8.88x    
size=  151552kB time=00:20:56.12 bitrate= 988.4kbits/s speed= 8.9x    
size=  152064kB time=00:20:59.72 bitrate= 988.9kbits/s speed=8.89x    
size=  152576kB time=00:21:03.84 bitrate= 989.0kbits/s speed=8.89x    
size=  153088kB time=00:21:08.04 bitrate= 989.0kbits/s speed=8.89x    
size=  153600kB time=00:21:12.08 bitrate= 989.2kbits/s speed=8.88x    
size=  154112kB time=00:21:17.08 bitrate= 988.6kbits/s speed=8.89x    
size=  154880kB time=00:21:21.44 bitrate= 990.1kbits/s speed=8.89x    
size=  155136kB time=00:21:24.60 bitrate= 989.3kbits/s speed=8.88x    
size=  155392kB time=00:21:28.20 bitrate= 988.2kbits/s speed=8.87x    
size=  155904kB time=00:21:31.88 bitrate= 988.6kbits/s speed=8.86x    
size=  156416kB time=00:21:35.56 bitrate= 989.0kbits/s speed=8.86x    
size=  157440kB time=00:21:41.28 bitrate= 991.1kbits/s speed=8.87x    
size=  157952kB time=00:21:46.40 bitrate= 990.5kbits/s speed=8.87x    
size=  158976kB time=00:21:54.84 bitrate= 990.5kbits/s speed= 8.9x    
size=  159744kB time=00:21:59.20 bitrate= 992.0kbits/s speed= 8.9x    
size=  160256kB time=00:22:03.32 bitrate= 992.1kbits/s speed= 8.9x    
size=  160512kB time=00:22:07.08 bitrate= 990.8kbits/s speed=8.89x    
size=  161024kB time=00:22:11.76 bitrate= 990.5kbits/s speed=8.89x    
size=  161536kB time=00:22:16.64 bitrate= 990.0kbits/s speed= 8.9x    
size=  162816kB time=00:22:23.88 bitrate= 992.5kbits/s speed=8.91x    
size=  164096kB time=00:22:33.20 bitrate= 993.4kbits/s speed=8.95x    
size=  164352kB time=00:22:36.48 bitrate= 992.5kbits/s speed=8.94x    
size=  164864kB time=00:22:39.48 bitrate= 993.4kbits/s speed=8.93x    
size=  165376kB time=00:22:43.80 bitrate= 993.4kbits/s speed=8.93x    
size=  165888kB time=00:22:49.88 bitrate= 992.0kbits/s speed=8.94x    
size=  166400kB time=00:22:53.16 bitrate= 992.7kbits/s speed=8.93x    
size=  166912kB time=00:22:57.04 bitrate= 993.0kbits/s speed=8.93x    
size=  167424kB time=00:23:00.52 bitrate= 993.5kbits/s speed=8.92x    
size=  167936kB time=00:23:05.12 bitrate= 993.2kbits/s speed=8.92x    
size=  168192kB time=00:23:08.52 bitrate= 992.3kbits/s speed=8.91x    
size=  168960kB time=00:23:13.28 bitrate= 993.4kbits/s speed=8.91x    
size=  169472kB time=00:23:18.96 bitrate= 992.4kbits/s speed=8.92x    
size=  169984kB time=00:23:24.00 bitrate= 991.8kbits/s speed=8.93x    
size=  170496kB time=00:23:27.60 bitrate= 992.3kbits/s speed=8.92x    
size=  171776kB time=00:23:36.28 bitrate= 993.6kbits/s speed=8.95x    
size=  172288kB time=00:23:41.96 bitrate= 992.6kbits/s speed=8.95x    
size=  172800kB time=00:23:46.92 bitrate= 992.1kbits/s speed=8.96x    
size=  173312kB time=00:23:51.28 bitrate= 992.0kbits/s speed=8.96x    
size=  173824kB time=00:23:54.32 bitrate= 992.8kbits/s speed=8.95x    
size=  174336kB time=00:23:57.88 bitrate= 993.2kbits/s speed=8.94x    
size=  174848kB time=00:24:01.12 bitrate= 993.9kbits/s speed=8.93x    
size=  175104kB time=00:24:04.00 bitrate= 993.4kbits/s speed=8.92x    
size=  175616kB time=00:24:07.80 bitrate= 993.7kbits/s speed=8.92x    
size=  177408kB time=00:24:22.04 bitrate= 994.0kbits/s speed=8.98x    
size=  179200kB time=00:24:36.76 bitrate= 994.1kbits/s speed=9.04x    
size=  180736kB time=00:24:52.12 bitrate= 992.3kbits/s speed=9.11x    
size=  183296kB time=00:25:10.84 bitrate= 993.9kbits/s speed=9.19x    
size=  184576kB time=00:25:23.32 bitrate= 992.6kbits/s speed=9.24x    
size=  185856kB time=00:25:35.80 bitrate= 991.4kbits/s speed=9.29x    
size=  186368kB time=00:25:45.60 bitrate= 987.8kbits/s speed=9.32x    
size=  187136kB time=00:25:54.52 bitrate= 986.2kbits/s speed=9.35x    
size=  188160kB time=00:26:06.64 bitrate= 983.9kbits/s speed=9.39x    
size=  189184kB time=00:26:18.64 bitrate= 981.7kbits/s speed=9.44x    
size=  190720kB time=00:26:33.88 bitrate= 980.2kbits/s speed= 9.5x    
size=  192000kB time=00:26:48.12 bitrate= 978.1kbits/s speed=9.55x    
size=  192256kB time=00:26:53.88 bitrate= 975.9kbits/s speed=9.56x    
size=  192768kB time=00:26:59.40 bitrate= 975.1kbits/s speed=9.56x    
size=  193024kB time=00:27:02.92 bitrate= 974.3kbits/s speed=9.56x    
size=  193280kB time=00:27:06.60 bitrate= 973.4kbits/s speed=9.55x    
size=  193792kB time=00:27:09.76 bitrate= 974.1kbits/s speed=9.54x    
size=  194048kB time=00:27:13.32 bitrate= 973.3kbits/s speed=9.53x    
size=  194304kB time=00:27:16.72 bitrate= 972.5kbits/s speed=9.52x    
size=  194816kB time=00:27:20.56 bitrate= 972.8kbits/s speed=9.52x    
size=  195328kB time=00:27:24.92 bitrate= 972.8kbits/s speed=9.52x    
size=  195584kB time=00:27:29.76 bitrate= 971.2kbits/s speed=9.52x    
size=  196096kB time=00:27:33.32 bitrate= 971.6kbits/s speed=9.51x    
size=  196352kB time=00:27:36.24 bitrate= 971.2kbits/s speed= 9.5x    
size=  196608kB time=00:27:39.08 bitrate= 970.8kbits/s speed=9.49x    
size=  197120kB time=00:27:42.32 bitrate= 971.4kbits/s speed=9.48x    
size=  197376kB time=00:27:45.20 bitrate= 971.0kbits/s speed=9.47x    
size=  197632kB time=00:27:49.04 bitrate= 970.0kbits/s speed=9.46x    
size=  197888kB time=00:27:51.56 bitrate= 969.8kbits/s speed=9.45x    
size=  198144kB time=00:27:54.52 bitrate= 969.4kbits/s speed=9.44x    
size=  198656kB time=00:27:58.20 bitrate= 969.7kbits/s speed=9.43x    
size=  198912kB time=00:28:01.68 bitrate= 969.0kbits/s speed=9.43x    
size=  199168kB time=00:28:05.16 bitrate= 968.2kbits/s speed=9.42x    
size=  199680kB time=00:28:08.92 bitrate= 968.5kbits/s speed=9.42x    
size=  199936kB time=00:28:12.60 bitrate= 967.7kbits/s speed=9.41x    
size=  200704kB time=00:28:15.48 bitrate= 969.7kbits/s speed= 9.4x    
size=  201216kB time=00:28:19.16 bitrate= 970.1kbits/s speed=9.39x    
size=  201728kB time=00:28:22.84 bitrate= 970.5kbits/s speed=9.39x    
size=  201984kB time=00:28:26.76 bitrate= 969.5kbits/s speed=9.38x    
size=  202240kB time=00:28:30.48 bitrate= 968.6kbits/s speed=9.38x    
size=  202752kB time=00:28:34.12 bitrate= 969.0kbits/s speed=9.37x    
size=  203008kB time=00:28:37.68 bitrate= 968.2kbits/s speed=9.37x    
size=  203264kB time=00:28:41.08 bitrate= 967.5kbits/s speed=9.36x    
size=  203776kB time=00:28:44.32 bitrate= 968.1kbits/s speed=9.35x    
size=  204544kB time=00:28:48.48 bitrate= 969.4kbits/s speed=9.35x    
size=  205056kB time=00:28:52.76 bitrate= 969.4kbits/s speed=9.35x    
size=  206336kB time=00:28:57.64 bitrate= 972.8kbits/s speed=9.35x    
size=  207360kB time=00:29:02.40 bitrate= 974.9kbits/s speed=9.35x    
size=  207872kB time=00:29:06.20 bitrate= 975.2kbits/s speed=9.34x    
size=  209152kB time=00:29:10.48 bitrate= 978.8kbits/s speed=9.34x    
size=  209920kB time=00:29:15.08 bitrate= 979.8kbits/s speed=9.34x    
size=  210688kB time=00:29:19.48 bitrate= 980.9kbits/s speed=9.34x    
size=  211200kB time=00:29:23.64 bitrate= 981.0kbits/s speed=9.34x    
size=  211968kB time=00:29:29.08 bitrate= 981.6kbits/s speed=9.34x    
size=  212480kB time=00:29:32.88 bitrate= 981.8kbits/s speed=9.33x    
size=  213248kB time=00:29:37.32 bitrate= 982.9kbits/s speed=9.33x    
size=  214528kB time=00:29:42.20 bitrate= 986.1kbits/s speed=9.33x    
size=  215808kB time=00:29:48.08 bitrate= 988.7kbits/s speed=9.34x    
size=  216320kB time=00:29:52.56 bitrate= 988.6kbits/s speed=9.34x    
size=  217344kB time=00:29:58.68 bitrate= 989.9kbits/s speed=9.35x    
[mp4 @ 000001a522cbac40] Starting second pass: moving the moov atom to the beginning of the file
[out#0/mp4 @ 000001a522e98600] video:159322kB audio:59835kB subtitle:0kB other streams:0kB global headers:0kB muxing overhead: 0.613908%
size=  220503kB time=00:30:03.92 bitrate=1001.3kbits/s speed=9.35x    
[aac @ 000001a522cb8800] Qavg: 59705.930
2026-09-29 08:28:24,458 [INFO] pipeline.job.45: 删除临时文件 audio_clean.wav (330.31 MB)
2026-09-29 08:28:24,502 [INFO] pipeline.job.45: VERIFY 通过 → E:\WorkBuddy\video-transfer-tools\video_pipeline\output\剧集\S01E04_seg30min.mp4
2026-09-29 08:28:24,547 [INFO] pipeline.job.45: === 完成 → E:\WorkBuddy\video-transfer-tools\video_pipeline\output\剧集\S01E04_seg30min.mp4 ===
