2026-09-26 21:56:44,752 [INFO] pipeline.scanner: 扫描到 1 个候选文件（限定子目录: 剧集）
2026-09-26 21:56:44,752 [INFO] pipeline.scanner: 新任务 job=1: S01E04.mp4 (0.36 GB)
2026-09-26 21:57:00,372 [INFO] pipeline.scheduler: 调度器启动：max_workspaces=1
2026-09-26 21:57:00,372 [INFO] pipeline.job.1: === 开始处理 E:\WorkBuddy\video-transfer-tools\video_pipeline\input\剧集\S01E04.mp4 ===
2026-09-26 21:57:00,388 [INFO] pipeline.runner: RUN ffprobe -v error -print_format json -show_format -show_streams E:\WorkBuddy\video-transfer-tools\video_pipeline\input\剧集\S01E04.mp4
2026-09-26 21:57:00,456 [INFO] pipeline.runner: EXIT rc=0 0.1s ffprobe
2026-09-26 21:57:00,472 [INFO] pipeline.job.1: VALIDATING 完成 profile=legacy
2026-09-26 21:57:00,502 [INFO] adapters.rve: RVE 调用: E:\WorkBuddy\video-transfer-tools\video_pipeline\tools\backend\rve-backend.py -i E:\WorkBuddy\video-transfer-tools\video_pipeline\input\剧集\S01E04.mp4 -o E:\WorkBuddy\video-transfer-tools\video_pipeline\work\current\video_ai.mp4 --extra_restoration_models E:\WorkBuddy\video-transfer-tools\video_pipeline\tools\models\1xDeH264_realplksr.pth --upscale_model E:\WorkBuddy\video-transfer-tools\video_pipeline\tools\models\2x_OpenProteus_Compact_i2_70K.pth --device cuda --backend pytorch --precision auto --pytorch_gpu_id 0 --tilesize 0 --ffmpeg_path E:\WorkBuddy\video-transfer-tools\video_pipeline\.tools\ffmpeg\ffmpeg.exe --overwrite --crf 16 --video_encoder_preset libx264 --audio_encoder_preset aac
2026-09-26 21:57:00,523 [INFO] pipeline.runner: RUN E:\WorkBuddy\video-transfer-tools\video_pipeline\.venv-rve\Scripts\python.exe E:\WorkBuddy\video-transfer-tools\video_pipeline\tools\backend\rve-backend.py -i E:\WorkBuddy\video-transfer-tools\video_pipeline\input\剧集\S01E04.mp4 -o E:\WorkBuddy\video-transfer-tools\video_pipeline\work\current\video_ai.mp4 --extra_restoration_models E:\WorkBuddy\video-transfer-tools\video_pipeline\tools\models\1xDeH264_realplksr.pth --upscale_model E:\WorkBuddy\video-transfer-tools\video_pipeline\tools\models\2x_OpenProteus_Compact_i2_70K.pth --device cuda --backend pytorch --precision auto --pytorch_gpu_id 0 --tilesize 0 --ffmpeg_path E:\WorkBuddy\video-transfer-tools\video_pipeline\.tools\ffmpeg\ffmpeg.exe --overwrite --crf 16 --video_encoder_preset libx264 --audio_encoder_preset aac
2026-09-26 22:23:40,141 [INFO] pipeline.scheduler: 恢复 1 个被中断的任务
2026-09-26 22:23:40,143 [INFO] pipeline.scheduler: 调度器启动：max_workspaces=1
2026-09-26 22:23:40,174 [INFO] pipeline.job.1: === 开始处理 E:\WorkBuddy\video-transfer-tools\video_pipeline\input\剧集\S01E04.mp4 ===
2026-09-26 22:23:40,189 [INFO] adapters.rve: RVE 调用: E:\WorkBuddy\video-transfer-tools\video_pipeline\tools\backend\rve-backend.py -i E:\WorkBuddy\video-transfer-tools\video_pipeline\input\剧集\S01E04.mp4 -o E:\WorkBuddy\video-transfer-tools\video_pipeline\work\current\video_ai.mp4 --upscale_model E:\WorkBuddy\video-transfer-tools\video_pipeline\tools\models\2x_OpenProteus_Compact_i2_70K.pth --device cuda --backend pytorch --precision auto --pytorch_gpu_id 0 --tilesize 0 --ffmpeg_path E:\WorkBuddy\video-transfer-tools\video_pipeline\.tools\ffmpeg\ffmpeg.exe --overwrite --crf 16 --video_encoder_preset libx264 --audio_encoder_preset aac
2026-09-26 22:23:40,199 [INFO] pipeline.runner: RUN E:\WorkBuddy\video-transfer-tools\video_pipeline\.venv-rve\Scripts\python.exe E:\WorkBuddy\video-transfer-tools\video_pipeline\tools\backend\rve-backend.py -i E:\WorkBuddy\video-transfer-tools\video_pipeline\input\剧集\S01E04.mp4 -o E:\WorkBuddy\video-transfer-tools\video_pipeline\work\current\video_ai.mp4 --upscale_model E:\WorkBuddy\video-transfer-tools\video_pipeline\tools\models\2x_OpenProteus_Compact_i2_70K.pth --device cuda --backend pytorch --precision auto --pytorch_gpu_id 0 --tilesize 0 --ffmpeg_path E:\WorkBuddy\video-transfer-tools\video_pipeline\.tools\ffmpeg\ffmpeg.exe --overwrite --crf 16 --video_encoder_preset libx264 --audio_encoder_preset aac
2026-09-26 23:36:54,314 [INFO] pipeline.runner: EXIT rc=0 4394.1s E:\WorkBuddy\video-transfer-tools\video_pipeline\.venv-rve\Scripts\python.exe
2026-09-26 23:36:54,334 [INFO] pipeline.job.1: REPAIR_VIDEO 完成 → video_ai.mp4 (1.87 GB)
2026-09-26 23:36:54,374 [INFO] pipeline.runner: RUN ffmpeg -y -i E:\WorkBuddy\video-transfer-tools\video_pipeline\input\剧集\S01E04.mp4 -vn -acodec pcm_s16le -ar 48000 E:\WorkBuddy\video-transfer-tools\video_pipeline\work\current\audio.wav
2026-09-26 23:37:01,642 [INFO] pipeline.runner: EXIT rc=0 7.2s ffmpeg
2026-09-26 23:37:01,654 [INFO] adapters.audio: DeepFilterNet 调用: E:\WorkBuddy\video-transfer-tools\video_pipeline\tools\df_enhance_cli.py E:\WorkBuddy\video-transfer-tools\video_pipeline\work\current\audio.wav --output-dir E:\WorkBuddy\video-transfer-tools\video_pipeline\work\current --log-level error
2026-09-26 23:37:01,668 [INFO] pipeline.runner: RUN E:\WorkBuddy\video-transfer-tools\video_pipeline\.venv\Scripts\python.exe E:\WorkBuddy\video-transfer-tools\video_pipeline\tools\df_enhance_cli.py E:\WorkBuddy\video-transfer-tools\video_pipeline\work\current\audio.wav --output-dir E:\WorkBuddy\video-transfer-tools\video_pipeline\work\current --log-level error
2026-09-26 23:37:17,660 [INFO] pipeline.runner: EXIT rc=3221226505 16.0s E:\WorkBuddy\video-transfer-tools\video_pipeline\.venv\Scripts\python.exe
2026-09-26 23:37:17,675 [ERROR] pipeline.job.1: 任务失败: 命令失败 rc=3221226505: E:\WorkBuddy\video-transfer-tools\video_pipeline\.venv\Scripts\python.exe
2026-09-26 23:37:17,744 [WARNING] pipeline.job.1: 进入 RETRY_PENDING (第 1 次)
2026-09-26 23:37:17,797 [INFO] pipeline.job.1: === 开始处理 E:\WorkBuddy\video-transfer-tools\video_pipeline\input\剧集\S01E04.mp4 ===
2026-09-26 23:37:17,864 [INFO] pipeline.job.1: REPAIR_VIDEO 已完成，跳过
2026-09-26 23:37:17,915 [INFO] pipeline.runner: RUN ffmpeg -y -i E:\WorkBuddy\video-transfer-tools\video_pipeline\input\剧集\S01E04.mp4 -vn -acodec pcm_s16le -ar 48000 E:\WorkBuddy\video-transfer-tools\video_pipeline\work\current\audio.wav
2026-09-26 23:37:23,388 [INFO] pipeline.runner: EXIT rc=0 5.4s ffmpeg
2026-09-26 23:37:23,401 [INFO] adapters.audio: DeepFilterNet 调用: E:\WorkBuddy\video-transfer-tools\video_pipeline\tools\df_enhance_cli.py E:\WorkBuddy\video-transfer-tools\video_pipeline\work\current\audio.wav --output-dir E:\WorkBuddy\video-transfer-tools\video_pipeline\work\current --log-level error
2026-09-26 23:37:23,415 [INFO] pipeline.runner: RUN E:\WorkBuddy\video-transfer-tools\video_pipeline\.venv\Scripts\python.exe E:\WorkBuddy\video-transfer-tools\video_pipeline\tools\df_enhance_cli.py E:\WorkBuddy\video-transfer-tools\video_pipeline\work\current\audio.wav --output-dir E:\WorkBuddy\video-transfer-tools\video_pipeline\work\current --log-level error
2026-09-26 23:37:32,349 [INFO] pipeline.runner: EXIT rc=3221226505 8.9s E:\WorkBuddy\video-transfer-tools\video_pipeline\.venv\Scripts\python.exe
2026-09-26 23:37:32,369 [ERROR] pipeline.job.1: 任务失败: 命令失败 rc=3221226505: E:\WorkBuddy\video-transfer-tools\video_pipeline\.venv\Scripts\python.exe
2026-09-26 23:37:32,439 [ERROR] pipeline.job.1: FAILED_FINAL
2026-09-26 23:37:32,492 [INFO] pipeline.scheduler: 队列已清空，调度器退出
2026-09-27 00:05:02,411 [INFO] pipeline.scanner: 扫描到 2 个候选文件（限定子目录: 剧集）
2026-09-27 00:05:02,418 [INFO] pipeline.scanner: 新任务 job=3: S01E04_excerpt_3min.mp4 (0.02 GB)
2026-09-27 00:05:02,751 [INFO] pipeline.scheduler: 自动档位：队列 1 个任务，单文件画质 AI 预算 12.0h，压缩修复能力 可用
2026-09-27 00:05:02,751 [INFO] pipeline.scheduler: 调度器启动：max_workspaces=1
2026-09-27 00:05:02,775 [INFO] pipeline.job.3: === 开始处理 E:\WorkBuddy\video-transfer-tools\video_pipeline\input\剧集\S01E04_excerpt_3min.mp4 ===
2026-09-27 00:05:02,788 [INFO] pipeline.runner: RUN ffprobe -v error -print_format json -show_format -show_streams E:\WorkBuddy\video-transfer-tools\video_pipeline\input\剧集\S01E04_excerpt_3min.mp4
2026-09-27 00:05:02,847 [INFO] pipeline.runner: EXIT rc=0 0.0s ffprobe
2026-09-27 00:05:02,867 [INFO] pipeline.job.3: VALIDATING 完成 profile=legacy
2026-09-27 00:05:02,897 [INFO] pipeline.job.3: 自动档位：1x+2x（完整修复） —— 档位=完全修复：启用 1x 压缩伪影修复 + 2x 超分
2026-09-27 00:05:02,929 [INFO] pipeline.job.3: 耗时预估：完整档 0.66h / 快速档 0.07h / 单文件预算 12.00h
2026-09-27 00:05:02,957 [INFO] pipeline.job.3: RVE 参数：超分 2x，压缩修复 开，timeout 4.0h
2026-09-27 00:05:02,985 [INFO] adapters.rve: RVE 调用: E:\WorkBuddy\video-transfer-tools\video_pipeline\tools\backend\rve-backend.py -i E:\WorkBuddy\video-transfer-tools\video_pipeline\input\剧集\S01E04_excerpt_3min.mp4 -o E:\WorkBuddy\video-transfer-tools\video_pipeline\work\current\video_ai.mp4 --extra_restoration_models E:\WorkBuddy\video-transfer-tools\video_pipeline\tools\models\1xDeH264_realplksr.pth --upscale_model E:\WorkBuddy\video-transfer-tools\video_pipeline\tools\models\2x_OpenProteus_Compact_i2_70K.pth --device cuda --backend pytorch --precision auto --pytorch_gpu_id 0 --tilesize 0 --ffmpeg_path E:\WorkBuddy\video-transfer-tools\video_pipeline\.tools\ffmpeg\ffmpeg.exe --overwrite --crf 16 --video_encoder_preset libx264 --audio_encoder_preset aac
2026-09-27 00:05:02,997 [INFO] pipeline.runner: RUN E:\WorkBuddy\video-transfer-tools\video_pipeline\.venv-rve\Scripts\python.exe E:\WorkBuddy\video-transfer-tools\video_pipeline\tools\backend\rve-backend.py -i E:\WorkBuddy\video-transfer-tools\video_pipeline\input\剧集\S01E04_excerpt_3min.mp4 -o E:\WorkBuddy\video-transfer-tools\video_pipeline\work\current\video_ai.mp4 --extra_restoration_models E:\WorkBuddy\video-transfer-tools\video_pipeline\tools\models\1xDeH264_realplksr.pth --upscale_model E:\WorkBuddy\video-transfer-tools\video_pipeline\tools\models\2x_OpenProteus_Compact_i2_70K.pth --device cuda --backend pytorch --precision auto --pytorch_gpu_id 0 --tilesize 0 --ffmpeg_path E:\WorkBuddy\video-transfer-tools\video_pipeline\.tools\ffmpeg\ffmpeg.exe --overwrite --crf 16 --video_encoder_preset libx264 --audio_encoder_preset aac
2026-09-27 00:41:54,090 [INFO] pipeline.runner: EXIT rc=0 2211.1s E:\WorkBuddy\video-transfer-tools\video_pipeline\.venv-rve\Scripts\python.exe
2026-09-27 00:41:54,101 [INFO] pipeline.job.3: REPAIR_VIDEO 完成 → video_ai.mp4 (0.10 GB)
2026-09-27 00:41:54,128 [INFO] pipeline.runner: RUN ffmpeg -y -i E:\WorkBuddy\video-transfer-tools\video_pipeline\input\剧集\S01E04_excerpt_3min.mp4 -vn -acodec pcm_s16le -ar 48000 E:\WorkBuddy\video-transfer-tools\video_pipeline\work\current\audio.wav
2026-09-27 00:41:54,466 [INFO] pipeline.runner: EXIT rc=0 0.3s ffmpeg
2026-09-27 00:41:54,479 [INFO] adapters.audio: DeepFilterNet 调用: E:\WorkBuddy\video-transfer-tools\video_pipeline\tools\df_enhance_cli.py E:\WorkBuddy\video-transfer-tools\video_pipeline\work\current\audio.wav --output-dir E:\WorkBuddy\video-transfer-tools\video_pipeline\work\current --log-level error
2026-09-27 00:41:54,488 [INFO] pipeline.runner: RUN E:\WorkBuddy\video-transfer-tools\video_pipeline\.venv\Scripts\python.exe E:\WorkBuddy\video-transfer-tools\video_pipeline\tools\df_enhance_cli.py E:\WorkBuddy\video-transfer-tools\video_pipeline\work\current\audio.wav --output-dir E:\WorkBuddy\video-transfer-tools\video_pipeline\work\current --log-level error
2026-09-27 00:42:08,418 [INFO] pipeline.runner: EXIT rc=0 13.9s E:\WorkBuddy\video-transfer-tools\video_pipeline\.venv\Scripts\python.exe
2026-09-27 00:42:08,445 [INFO] adapters.audio: DeepFilterNet 输出重命名: audio_DeepFilterNet3.wav → audio_clean.wav
2026-09-27 00:42:08,457 [INFO] pipeline.job.3: 删除临时文件 audio.wav (32.96 MB)
2026-09-27 00:42:08,493 [INFO] pipeline.job.3: REPAIR_AUDIO 完成 → audio_clean.wav
2026-09-27 00:42:08,543 [INFO] pipeline.runner: RUN ffprobe -v error -print_format json -show_format -show_streams E:\WorkBuddy\video-transfer-tools\video_pipeline\work\current\video_ai.mp4
2026-09-27 00:42:08,687 [INFO] pipeline.runner: EXIT rc=0 0.1s ffprobe
2026-09-27 00:42:08,707 [INFO] pipeline.runner: RUN ffmpeg -hide_banner -encoders
2026-09-27 00:42:08,768 [INFO] pipeline.runner: EXIT rc=0 0.1s ffmpeg
2026-09-27 00:42:08,783 [INFO] adapters.ffmpeg: 尝试编码后端 hevc_qsv (qsv)
2026-09-27 00:42:08,799 [INFO] pipeline.runner: RUN ffmpeg -y -i E:\WorkBuddy\video-transfer-tools\video_pipeline\work\current\video_ai.mp4 -c:v hevc_qsv -preset medium -global_quality 23 -c:a aac -b:a 320k -ar 48000 -movflags +faststart E:\WorkBuddy\video-transfer-tools\video_pipeline\work\current\transcoded.mp4
2026-09-27 00:42:25,354 [INFO] pipeline.runner: EXIT rc=0 16.5s ffmpeg
2026-09-27 00:42:25,368 [INFO] pipeline.job.3: TRANSCODE 完成 → transcoded.mp4
2026-09-27 00:42:25,395 [INFO] pipeline.job.3: 删除临时文件 video_ai.mp4 (105.51 MB)
2026-09-27 00:42:25,432 [INFO] pipeline.runner: RUN ffmpeg -y -i E:\WorkBuddy\video-transfer-tools\video_pipeline\work\current\transcoded.mp4 -i E:\WorkBuddy\video-transfer-tools\video_pipeline\work\current\audio_clean.wav -map 0:v:0 -map 1:a:0 -c:v copy -c:a aac -b:a 320k -ar 48000 -shortest -movflags +faststart -f mp4 E:\WorkBuddy\video-transfer-tools\video_pipeline\output\剧集\S01E04_excerpt_3min.mp4.partial
2026-09-27 00:42:39,216 [INFO] pipeline.runner: EXIT rc=0 13.8s ffmpeg
2026-09-27 00:42:39,234 [INFO] pipeline.job.3: 删除临时文件 audio_clean.wav (32.96 MB)
2026-09-27 00:42:39,272 [INFO] pipeline.runner: RUN ffprobe -v error -print_format json -show_format -show_streams E:\WorkBuddy\video-transfer-tools\video_pipeline\output\剧集\S01E04_excerpt_3min.mp4.partial
2026-09-27 00:42:39,334 [INFO] pipeline.runner: EXIT rc=0 0.0s ffprobe
2026-09-27 00:42:39,348 [INFO] pipeline.job.3: VERIFY 通过 → E:\WorkBuddy\video-transfer-tools\video_pipeline\output\剧集\S01E04_excerpt_3min.mp4
2026-09-27 00:42:39,375 [INFO] pipeline.job.3: === 完成 → E:\WorkBuddy\video-transfer-tools\video_pipeline\output\剧集\S01E04_excerpt_3min.mp4 ===
2026-09-27 00:42:39,398 [INFO] pipeline.scheduler: 队列已清空，调度器退出
2026-09-27 05:36:13,067 [INFO] pipeline.scheduler: 自动档位：队列 1 个任务，单文件画质 AI 预算 12.0h，压缩修复能力 可用
2026-09-27 05:36:13,067 [INFO] pipeline.scheduler: 调度器启动：max_workspaces=1
2026-09-27 05:36:13,067 [INFO] pipeline.job.1: === 开始处理 E:\WorkBuddy\video-transfer-tools\video_pipeline\input\剧集\S01E04.mp4 ===
2026-09-27 05:36:13,070 [INFO] pipeline.job.1: REPAIR_VIDEO 已完成，跳过
2026-09-27 05:36:13,072 [INFO] pipeline.runner: RUN ffmpeg -y -i E:\WorkBuddy\video-transfer-tools\video_pipeline\input\剧集\S01E04.mp4 -vn -acodec pcm_s16le -ar 48000 E:\WorkBuddy\video-transfer-tools\video_pipeline\work\current\audio.wav
2026-09-27 05:36:18,230 [INFO] pipeline.runner: EXIT rc=0 5.2s ffmpeg
2026-09-27 05:36:18,240 [INFO] adapters.audio: 音频 68.1 分钟超出单段上限 2.0 分钟（整段约需 23956 MB 内存）→ 自动分段处理
2026-09-27 05:36:18,390 [INFO] adapters.audio:   段 1/35：0.00~2.00 分钟
2026-09-27 05:36:18,390 [INFO] adapters.audio: DeepFilterNet 调用: E:\WorkBuddy\video-transfer-tools\video_pipeline\tools\df_enhance_cli.py E:\WorkBuddy\video-transfer-tools\video_pipeline\work\current\_dfn_segments\seg001.wav --output-dir E:\WorkBuddy\video-transfer-tools\video_pipeline\work\current\_dfn_segments --log-level error
2026-09-27 05:36:18,390 [INFO] pipeline.runner: RUN E:\WorkBuddy\video-transfer-tools\video_pipeline\.venv\Scripts\python.exe E:\WorkBuddy\video-transfer-tools\video_pipeline\tools\df_enhance_cli.py E:\WorkBuddy\video-transfer-tools\video_pipeline\work\current\_dfn_segments\seg001.wav --output-dir E:\WorkBuddy\video-transfer-tools\video_pipeline\work\current\_dfn_segments --log-level error
2026-09-27 05:36:26,810 [INFO] pipeline.runner: EXIT rc=0 8.4s E:\WorkBuddy\video-transfer-tools\video_pipeline\.venv\Scripts\python.exe
2026-09-27 05:36:26,867 [INFO] adapters.audio:   段 2/35：2.00~4.00 分钟
2026-09-27 05:36:26,867 [INFO] adapters.audio: DeepFilterNet 调用: E:\WorkBuddy\video-transfer-tools\video_pipeline\tools\df_enhance_cli.py E:\WorkBuddy\video-transfer-tools\video_pipeline\work\current\_dfn_segments\seg002.wav --output-dir E:\WorkBuddy\video-transfer-tools\video_pipeline\work\current\_dfn_segments --log-level error
2026-09-27 05:36:26,868 [INFO] pipeline.runner: RUN E:\WorkBuddy\video-transfer-tools\video_pipeline\.venv\Scripts\python.exe E:\WorkBuddy\video-transfer-tools\video_pipeline\tools\df_enhance_cli.py E:\WorkBuddy\video-transfer-tools\video_pipeline\work\current\_dfn_segments\seg002.wav --output-dir E:\WorkBuddy\video-transfer-tools\video_pipeline\work\current\_dfn_segments --log-level error
2026-09-27 05:36:35,154 [INFO] pipeline.runner: EXIT rc=0 8.3s E:\WorkBuddy\video-transfer-tools\video_pipeline\.venv\Scripts\python.exe
2026-09-27 05:36:35,214 [INFO] adapters.audio:   段 3/35：4.00~6.00 分钟
2026-09-27 05:36:35,214 [INFO] adapters.audio: DeepFilterNet 调用: E:\WorkBuddy\video-transfer-tools\video_pipeline\tools\df_enhance_cli.py E:\WorkBuddy\video-transfer-tools\video_pipeline\work\current\_dfn_segments\seg003.wav --output-dir E:\WorkBuddy\video-transfer-tools\video_pipeline\work\current\_dfn_segments --log-level error
2026-09-27 05:36:35,214 [INFO] pipeline.runner: RUN E:\WorkBuddy\video-transfer-tools\video_pipeline\.venv\Scripts\python.exe E:\WorkBuddy\video-transfer-tools\video_pipeline\tools\df_enhance_cli.py E:\WorkBuddy\video-transfer-tools\video_pipeline\work\current\_dfn_segments\seg003.wav --output-dir E:\WorkBuddy\video-transfer-tools\video_pipeline\work\current\_dfn_segments --log-level error
2026-09-27 05:36:43,303 [INFO] pipeline.runner: EXIT rc=0 8.1s E:\WorkBuddy\video-transfer-tools\video_pipeline\.venv\Scripts\python.exe
2026-09-27 05:36:43,362 [INFO] adapters.audio:   段 4/35：6.00~8.00 分钟
2026-09-27 05:36:43,362 [INFO] adapters.audio: DeepFilterNet 调用: E:\WorkBuddy\video-transfer-tools\video_pipeline\tools\df_enhance_cli.py E:\WorkBuddy\video-transfer-tools\video_pipeline\work\current\_dfn_segments\seg004.wav --output-dir E:\WorkBuddy\video-transfer-tools\video_pipeline\work\current\_dfn_segments --log-level error
2026-09-27 05:36:43,362 [INFO] pipeline.runner: RUN E:\WorkBuddy\video-transfer-tools\video_pipeline\.venv\Scripts\python.exe E:\WorkBuddy\video-transfer-tools\video_pipeline\tools\df_enhance_cli.py E:\WorkBuddy\video-transfer-tools\video_pipeline\work\current\_dfn_segments\seg004.wav --output-dir E:\WorkBuddy\video-transfer-tools\video_pipeline\work\current\_dfn_segments --log-level error
2026-09-27 05:36:54,545 [INFO] pipeline.runner: EXIT rc=0 11.2s E:\WorkBuddy\video-transfer-tools\video_pipeline\.venv\Scripts\python.exe
2026-09-27 05:36:54,632 [INFO] adapters.audio:   段 5/35：8.00~10.00 分钟
2026-09-27 05:36:54,634 [INFO] adapters.audio: DeepFilterNet 调用: E:\WorkBuddy\video-transfer-tools\video_pipeline\tools\df_enhance_cli.py E:\WorkBuddy\video-transfer-tools\video_pipeline\work\current\_dfn_segments\seg005.wav --output-dir E:\WorkBuddy\video-transfer-tools\video_pipeline\work\current\_dfn_segments --log-level error
2026-09-27 05:36:54,634 [INFO] pipeline.runner: RUN E:\WorkBuddy\video-transfer-tools\video_pipeline\.venv\Scripts\python.exe E:\WorkBuddy\video-transfer-tools\video_pipeline\tools\df_enhance_cli.py E:\WorkBuddy\video-transfer-tools\video_pipeline\work\current\_dfn_segments\seg005.wav --output-dir E:\WorkBuddy\video-transfer-tools\video_pipeline\work\current\_dfn_segments --log-level error
2026-09-27 05:37:05,263 [INFO] pipeline.runner: EXIT rc=0 10.6s E:\WorkBuddy\video-transfer-tools\video_pipeline\.venv\Scripts\python.exe
2026-09-27 05:37:05,343 [INFO] adapters.audio:   段 6/35：10.00~12.00 分钟
2026-09-27 05:37:05,343 [INFO] adapters.audio: DeepFilterNet 调用: E:\WorkBuddy\video-transfer-tools\video_pipeline\tools\df_enhance_cli.py E:\WorkBuddy\video-transfer-tools\video_pipeline\work\current\_dfn_segments\seg006.wav --output-dir E:\WorkBuddy\video-transfer-tools\video_pipeline\work\current\_dfn_segments --log-level error
2026-09-27 05:37:05,343 [INFO] pipeline.runner: RUN E:\WorkBuddy\video-transfer-tools\video_pipeline\.venv\Scripts\python.exe E:\WorkBuddy\video-transfer-tools\video_pipeline\tools\df_enhance_cli.py E:\WorkBuddy\video-transfer-tools\video_pipeline\work\current\_dfn_segments\seg006.wav --output-dir E:\WorkBuddy\video-transfer-tools\video_pipeline\work\current\_dfn_segments --log-level error
2026-09-27 05:37:16,491 [INFO] pipeline.runner: EXIT rc=0 11.2s E:\WorkBuddy\video-transfer-tools\video_pipeline\.venv\Scripts\python.exe
2026-09-27 05:37:16,584 [INFO] adapters.audio:   段 7/35：12.00~14.00 分钟
2026-09-27 05:37:16,584 [INFO] adapters.audio: DeepFilterNet 调用: E:\WorkBuddy\video-transfer-tools\video_pipeline\tools\df_enhance_cli.py E:\WorkBuddy\video-transfer-tools\video_pipeline\work\current\_dfn_segments\seg007.wav --output-dir E:\WorkBuddy\video-transfer-tools\video_pipeline\work\current\_dfn_segments --log-level error
2026-09-27 05:37:16,584 [INFO] pipeline.runner: RUN E:\WorkBuddy\video-transfer-tools\video_pipeline\.venv\Scripts\python.exe E:\WorkBuddy\video-transfer-tools\video_pipeline\tools\df_enhance_cli.py E:\WorkBuddy\video-transfer-tools\video_pipeline\work\current\_dfn_segments\seg007.wav --output-dir E:\WorkBuddy\video-transfer-tools\video_pipeline\work\current\_dfn_segments --log-level error
2026-09-27 05:37:27,574 [INFO] pipeline.runner: EXIT rc=0 11.0s E:\WorkBuddy\video-transfer-tools\video_pipeline\.venv\Scripts\python.exe
2026-09-27 05:37:27,647 [INFO] adapters.audio:   段 8/35：14.00~16.00 分钟
2026-09-27 05:37:27,647 [INFO] adapters.audio: DeepFilterNet 调用: E:\WorkBuddy\video-transfer-tools\video_pipeline\tools\df_enhance_cli.py E:\WorkBuddy\video-transfer-tools\video_pipeline\work\current\_dfn_segments\seg008.wav --output-dir E:\WorkBuddy\video-transfer-tools\video_pipeline\work\current\_dfn_segments --log-level error
2026-09-27 05:37:27,648 [INFO] pipeline.runner: RUN E:\WorkBuddy\video-transfer-tools\video_pipeline\.venv\Scripts\python.exe E:\WorkBuddy\video-transfer-tools\video_pipeline\tools\df_enhance_cli.py E:\WorkBuddy\video-transfer-tools\video_pipeline\work\current\_dfn_segments\seg008.wav --output-dir E:\WorkBuddy\video-transfer-tools\video_pipeline\work\current\_dfn_segments --log-level error
2026-09-27 05:37:35,609 [INFO] pipeline.runner: EXIT rc=0 8.0s E:\WorkBuddy\video-transfer-tools\video_pipeline\.venv\Scripts\python.exe
2026-09-27 05:37:35,679 [INFO] adapters.audio:   段 9/35：16.00~18.00 分钟
2026-09-27 05:37:35,680 [INFO] adapters.audio: DeepFilterNet 调用: E:\WorkBuddy\video-transfer-tools\video_pipeline\tools\df_enhance_cli.py E:\WorkBuddy\video-transfer-tools\video_pipeline\work\current\_dfn_segments\seg009.wav --output-dir E:\WorkBuddy\video-transfer-tools\video_pipeline\work\current\_dfn_segments --log-level error
2026-09-27 05:37:35,680 [INFO] pipeline.runner: RUN E:\WorkBuddy\video-transfer-tools\video_pipeline\.venv\Scripts\python.exe E:\WorkBuddy\video-transfer-tools\video_pipeline\tools\df_enhance_cli.py E:\WorkBuddy\video-transfer-tools\video_pipeline\work\current\_dfn_segments\seg009.wav --output-dir E:\WorkBuddy\video-transfer-tools\video_pipeline\work\current\_dfn_segments --log-level error
2026-09-27 05:37:43,524 [INFO] pipeline.runner: EXIT rc=0 7.8s E:\WorkBuddy\video-transfer-tools\video_pipeline\.venv\Scripts\python.exe
2026-09-27 05:37:43,579 [INFO] adapters.audio:   段 10/35：18.00~20.00 分钟
2026-09-27 05:37:43,579 [INFO] adapters.audio: DeepFilterNet 调用: E:\WorkBuddy\video-transfer-tools\video_pipeline\tools\df_enhance_cli.py E:\WorkBuddy\video-transfer-tools\video_pipeline\work\current\_dfn_segments\seg010.wav --output-dir E:\WorkBuddy\video-transfer-tools\video_pipeline\work\current\_dfn_segments --log-level error
2026-09-27 05:37:43,580 [INFO] pipeline.runner: RUN E:\WorkBuddy\video-transfer-tools\video_pipeline\.venv\Scripts\python.exe E:\WorkBuddy\video-transfer-tools\video_pipeline\tools\df_enhance_cli.py E:\WorkBuddy\video-transfer-tools\video_pipeline\work\current\_dfn_segments\seg010.wav --output-dir E:\WorkBuddy\video-transfer-tools\video_pipeline\work\current\_dfn_segments --log-level error
2026-09-27 05:37:51,262 [INFO] pipeline.runner: EXIT rc=0 7.7s E:\WorkBuddy\video-transfer-tools\video_pipeline\.venv\Scripts\python.exe
2026-09-27 05:37:51,318 [INFO] adapters.audio:   段 11/35：20.00~22.00 分钟
2026-09-27 05:37:51,318 [INFO] adapters.audio: DeepFilterNet 调用: E:\WorkBuddy\video-transfer-tools\video_pipeline\tools\df_enhance_cli.py E:\WorkBuddy\video-transfer-tools\video_pipeline\work\current\_dfn_segments\seg011.wav --output-dir E:\WorkBuddy\video-transfer-tools\video_pipeline\work\current\_dfn_segments --log-level error
2026-09-27 05:37:51,318 [INFO] pipeline.runner: RUN E:\WorkBuddy\video-transfer-tools\video_pipeline\.venv\Scripts\python.exe E:\WorkBuddy\video-transfer-tools\video_pipeline\tools\df_enhance_cli.py E:\WorkBuddy\video-transfer-tools\video_pipeline\work\current\_dfn_segments\seg011.wav --output-dir E:\WorkBuddy\video-transfer-tools\video_pipeline\work\current\_dfn_segments --log-level error
2026-09-27 05:37:59,088 [INFO] pipeline.runner: EXIT rc=0 7.8s E:\WorkBuddy\video-transfer-tools\video_pipeline\.venv\Scripts\python.exe
2026-09-27 05:37:59,143 [INFO] adapters.audio:   段 12/35：22.00~24.00 分钟
2026-09-27 05:37:59,143 [INFO] adapters.audio: DeepFilterNet 调用: E:\WorkBuddy\video-transfer-tools\video_pipeline\tools\df_enhance_cli.py E:\WorkBuddy\video-transfer-tools\video_pipeline\work\current\_dfn_segments\seg012.wav --output-dir E:\WorkBuddy\video-transfer-tools\video_pipeline\work\current\_dfn_segments --log-level error
2026-09-27 05:37:59,144 [INFO] pipeline.runner: RUN E:\WorkBuddy\video-transfer-tools\video_pipeline\.venv\Scripts\python.exe E:\WorkBuddy\video-transfer-tools\video_pipeline\tools\df_enhance_cli.py E:\WorkBuddy\video-transfer-tools\video_pipeline\work\current\_dfn_segments\seg012.wav --output-dir E:\WorkBuddy\video-transfer-tools\video_pipeline\work\current\_dfn_segments --log-level error
2026-09-27 05:38:07,465 [INFO] pipeline.runner: EXIT rc=0 8.3s E:\WorkBuddy\video-transfer-tools\video_pipeline\.venv\Scripts\python.exe
2026-09-27 05:38:07,516 [INFO] adapters.audio:   段 13/35：24.00~26.00 分钟
2026-09-27 05:38:07,516 [INFO] adapters.audio: DeepFilterNet 调用: E:\WorkBuddy\video-transfer-tools\video_pipeline\tools\df_enhance_cli.py E:\WorkBuddy\video-transfer-tools\video_pipeline\work\current\_dfn_segments\seg013.wav --output-dir E:\WorkBuddy\video-transfer-tools\video_pipeline\work\current\_dfn_segments --log-level error
2026-09-27 05:38:07,516 [INFO] pipeline.runner: RUN E:\WorkBuddy\video-transfer-tools\video_pipeline\.venv\Scripts\python.exe E:\WorkBuddy\video-transfer-tools\video_pipeline\tools\df_enhance_cli.py E:\WorkBuddy\video-transfer-tools\video_pipeline\work\current\_dfn_segments\seg013.wav --output-dir E:\WorkBuddy\video-transfer-tools\video_pipeline\work\current\_dfn_segments --log-level error
2026-09-27 05:38:15,631 [INFO] pipeline.runner: EXIT rc=0 8.1s E:\WorkBuddy\video-transfer-tools\video_pipeline\.venv\Scripts\python.exe
2026-09-27 05:38:15,687 [INFO] adapters.audio:   段 14/35：26.00~28.00 分钟
2026-09-27 05:38:15,690 [INFO] adapters.audio: DeepFilterNet 调用: E:\WorkBuddy\video-transfer-tools\video_pipeline\tools\df_enhance_cli.py E:\WorkBuddy\video-transfer-tools\video_pipeline\work\current\_dfn_segments\seg014.wav --output-dir E:\WorkBuddy\video-transfer-tools\video_pipeline\work\current\_dfn_segments --log-level error
2026-09-27 05:38:15,690 [INFO] pipeline.runner: RUN E:\WorkBuddy\video-transfer-tools\video_pipeline\.venv\Scripts\python.exe E:\WorkBuddy\video-transfer-tools\video_pipeline\tools\df_enhance_cli.py E:\WorkBuddy\video-transfer-tools\video_pipeline\work\current\_dfn_segments\seg014.wav --output-dir E:\WorkBuddy\video-transfer-tools\video_pipeline\work\current\_dfn_segments --log-level error
2026-09-27 05:38:24,192 [INFO] pipeline.runner: EXIT rc=0 8.5s E:\WorkBuddy\video-transfer-tools\video_pipeline\.venv\Scripts\python.exe
2026-09-27 05:38:24,252 [INFO] adapters.audio:   段 15/35：28.00~30.00 分钟
2026-09-27 05:38:24,254 [INFO] adapters.audio: DeepFilterNet 调用: E:\WorkBuddy\video-transfer-tools\video_pipeline\tools\df_enhance_cli.py E:\WorkBuddy\video-transfer-tools\video_pipeline\work\current\_dfn_segments\seg015.wav --output-dir E:\WorkBuddy\video-transfer-tools\video_pipeline\work\current\_dfn_segments --log-level error
2026-09-27 05:38:24,254 [INFO] pipeline.runner: RUN E:\WorkBuddy\video-transfer-tools\video_pipeline\.venv\Scripts\python.exe E:\WorkBuddy\video-transfer-tools\video_pipeline\tools\df_enhance_cli.py E:\WorkBuddy\video-transfer-tools\video_pipeline\work\current\_dfn_segments\seg015.wav --output-dir E:\WorkBuddy\video-transfer-tools\video_pipeline\work\current\_dfn_segments --log-level error
2026-09-27 05:38:32,858 [INFO] pipeline.runner: EXIT rc=0 8.6s E:\WorkBuddy\video-transfer-tools\video_pipeline\.venv\Scripts\python.exe
2026-09-27 05:38:32,923 [INFO] adapters.audio:   段 16/35：30.00~32.00 分钟
2026-09-27 05:38:32,923 [INFO] adapters.audio: DeepFilterNet 调用: E:\WorkBuddy\video-transfer-tools\video_pipeline\tools\df_enhance_cli.py E:\WorkBuddy\video-transfer-tools\video_pipeline\work\current\_dfn_segments\seg016.wav --output-dir E:\WorkBuddy\video-transfer-tools\video_pipeline\work\current\_dfn_segments --log-level error
2026-09-27 05:38:32,923 [INFO] pipeline.runner: RUN E:\WorkBuddy\video-transfer-tools\video_pipeline\.venv\Scripts\python.exe E:\WorkBuddy\video-transfer-tools\video_pipeline\tools\df_enhance_cli.py E:\WorkBuddy\video-transfer-tools\video_pipeline\work\current\_dfn_segments\seg016.wav --output-dir E:\WorkBuddy\video-transfer-tools\video_pipeline\work\current\_dfn_segments --log-level error
2026-09-27 05:38:41,616 [INFO] pipeline.runner: EXIT rc=0 8.7s E:\WorkBuddy\video-transfer-tools\video_pipeline\.venv\Scripts\python.exe
2026-09-27 05:38:41,706 [INFO] adapters.audio:   段 17/35：32.00~34.00 分钟
2026-09-27 05:38:41,706 [INFO] adapters.audio: DeepFilterNet 调用: E:\WorkBuddy\video-transfer-tools\video_pipeline\tools\df_enhance_cli.py E:\WorkBuddy\video-transfer-tools\video_pipeline\work\current\_dfn_segments\seg017.wav --output-dir E:\WorkBuddy\video-transfer-tools\video_pipeline\work\current\_dfn_segments --log-level error
2026-09-27 05:38:41,707 [INFO] pipeline.runner: RUN E:\WorkBuddy\video-transfer-tools\video_pipeline\.venv\Scripts\python.exe E:\WorkBuddy\video-transfer-tools\video_pipeline\tools\df_enhance_cli.py E:\WorkBuddy\video-transfer-tools\video_pipeline\work\current\_dfn_segments\seg017.wav --output-dir E:\WorkBuddy\video-transfer-tools\video_pipeline\work\current\_dfn_segments --log-level error
2026-09-27 05:38:52,546 [INFO] pipeline.runner: EXIT rc=0 10.8s E:\WorkBuddy\video-transfer-tools\video_pipeline\.venv\Scripts\python.exe
2026-09-27 05:38:52,603 [INFO] adapters.audio:   段 18/35：34.00~36.00 分钟
2026-09-27 05:38:52,604 [INFO] adapters.audio: DeepFilterNet 调用: E:\WorkBuddy\video-transfer-tools\video_pipeline\tools\df_enhance_cli.py E:\WorkBuddy\video-transfer-tools\video_pipeline\work\current\_dfn_segments\seg018.wav --output-dir E:\WorkBuddy\video-transfer-tools\video_pipeline\work\current\_dfn_segments --log-level error
2026-09-27 05:38:52,604 [INFO] pipeline.runner: RUN E:\WorkBuddy\video-transfer-tools\video_pipeline\.venv\Scripts\python.exe E:\WorkBuddy\video-transfer-tools\video_pipeline\tools\df_enhance_cli.py E:\WorkBuddy\video-transfer-tools\video_pipeline\work\current\_dfn_segments\seg018.wav --output-dir E:\WorkBuddy\video-transfer-tools\video_pipeline\work\current\_dfn_segments --log-level error
2026-09-27 05:39:01,036 [INFO] pipeline.runner: EXIT rc=0 8.4s E:\WorkBuddy\video-transfer-tools\video_pipeline\.venv\Scripts\python.exe
2026-09-27 05:39:01,098 [INFO] adapters.audio:   段 19/35：36.00~38.00 分钟
2026-09-27 05:39:01,098 [INFO] adapters.audio: DeepFilterNet 调用: E:\WorkBuddy\video-transfer-tools\video_pipeline\tools\df_enhance_cli.py E:\WorkBuddy\video-transfer-tools\video_pipeline\work\current\_dfn_segments\seg019.wav --output-dir E:\WorkBuddy\video-transfer-tools\video_pipeline\work\current\_dfn_segments --log-level error
2026-09-27 05:39:01,098 [INFO] pipeline.runner: RUN E:\WorkBuddy\video-transfer-tools\video_pipeline\.venv\Scripts\python.exe E:\WorkBuddy\video-transfer-tools\video_pipeline\tools\df_enhance_cli.py E:\WorkBuddy\video-transfer-tools\video_pipeline\work\current\_dfn_segments\seg019.wav --output-dir E:\WorkBuddy\video-transfer-tools\video_pipeline\work\current\_dfn_segments --log-level error
2026-09-27 05:39:09,276 [INFO] pipeline.runner: EXIT rc=0 8.2s E:\WorkBuddy\video-transfer-tools\video_pipeline\.venv\Scripts\python.exe
2026-09-27 05:39:09,336 [INFO] adapters.audio:   段 20/35：38.00~40.00 分钟
2026-09-27 05:39:09,336 [INFO] adapters.audio: DeepFilterNet 调用: E:\WorkBuddy\video-transfer-tools\video_pipeline\tools\df_enhance_cli.py E:\WorkBuddy\video-transfer-tools\video_pipeline\work\current\_dfn_segments\seg020.wav --output-dir E:\WorkBuddy\video-transfer-tools\video_pipeline\work\current\_dfn_segments --log-level error
2026-09-27 05:39:09,337 [INFO] pipeline.runner: RUN E:\WorkBuddy\video-transfer-tools\video_pipeline\.venv\Scripts\python.exe E:\WorkBuddy\video-transfer-tools\video_pipeline\tools\df_enhance_cli.py E:\WorkBuddy\video-transfer-tools\video_pipeline\work\current\_dfn_segments\seg020.wav --output-dir E:\WorkBuddy\video-transfer-tools\video_pipeline\work\current\_dfn_segments --log-level error
2026-09-27 05:39:17,294 [INFO] pipeline.runner: EXIT rc=0 8.0s E:\WorkBuddy\video-transfer-tools\video_pipeline\.venv\Scripts\python.exe
2026-09-27 05:39:17,354 [INFO] adapters.audio:   段 21/35：40.00~42.00 分钟
2026-09-27 05:39:17,355 [INFO] adapters.audio: DeepFilterNet 调用: E:\WorkBuddy\video-transfer-tools\video_pipeline\tools\df_enhance_cli.py E:\WorkBuddy\video-transfer-tools\video_pipeline\work\current\_dfn_segments\seg021.wav --output-dir E:\WorkBuddy\video-transfer-tools\video_pipeline\work\current\_dfn_segments --log-level error
2026-09-27 05:39:17,355 [INFO] pipeline.runner: RUN E:\WorkBuddy\video-transfer-tools\video_pipeline\.venv\Scripts\python.exe E:\WorkBuddy\video-transfer-tools\video_pipeline\tools\df_enhance_cli.py E:\WorkBuddy\video-transfer-tools\video_pipeline\work\current\_dfn_segments\seg021.wav --output-dir E:\WorkBuddy\video-transfer-tools\video_pipeline\work\current\_dfn_segments --log-level error
2026-09-27 05:39:25,430 [INFO] pipeline.runner: EXIT rc=0 8.1s E:\WorkBuddy\video-transfer-tools\video_pipeline\.venv\Scripts\python.exe
2026-09-27 05:39:25,502 [INFO] adapters.audio:   段 22/35：42.00~44.00 分钟
2026-09-27 05:39:25,502 [INFO] adapters.audio: DeepFilterNet 调用: E:\WorkBuddy\video-transfer-tools\video_pipeline\tools\df_enhance_cli.py E:\WorkBuddy\video-transfer-tools\video_pipeline\work\current\_dfn_segments\seg022.wav --output-dir E:\WorkBuddy\video-transfer-tools\video_pipeline\work\current\_dfn_segments --log-level error
2026-09-27 05:39:25,502 [INFO] pipeline.runner: RUN E:\WorkBuddy\video-transfer-tools\video_pipeline\.venv\Scripts\python.exe E:\WorkBuddy\video-transfer-tools\video_pipeline\tools\df_enhance_cli.py E:\WorkBuddy\video-transfer-tools\video_pipeline\work\current\_dfn_segments\seg022.wav --output-dir E:\WorkBuddy\video-transfer-tools\video_pipeline\work\current\_dfn_segments --log-level error
2026-09-27 05:39:33,614 [INFO] pipeline.runner: EXIT rc=0 8.1s E:\WorkBuddy\video-transfer-tools\video_pipeline\.venv\Scripts\python.exe
2026-09-27 05:39:33,669 [INFO] adapters.audio:   段 23/35：44.00~46.00 分钟
2026-09-27 05:39:33,669 [INFO] adapters.audio: DeepFilterNet 调用: E:\WorkBuddy\video-transfer-tools\video_pipeline\tools\df_enhance_cli.py E:\WorkBuddy\video-transfer-tools\video_pipeline\work\current\_dfn_segments\seg023.wav --output-dir E:\WorkBuddy\video-transfer-tools\video_pipeline\work\current\_dfn_segments --log-level error
2026-09-27 05:39:33,669 [INFO] pipeline.runner: RUN E:\WorkBuddy\video-transfer-tools\video_pipeline\.venv\Scripts\python.exe E:\WorkBuddy\video-transfer-tools\video_pipeline\tools\df_enhance_cli.py E:\WorkBuddy\video-transfer-tools\video_pipeline\work\current\_dfn_segments\seg023.wav --output-dir E:\WorkBuddy\video-transfer-tools\video_pipeline\work\current\_dfn_segments --log-level error
2026-09-27 05:39:42,297 [INFO] pipeline.runner: EXIT rc=0 8.6s E:\WorkBuddy\video-transfer-tools\video_pipeline\.venv\Scripts\python.exe
2026-09-27 05:39:42,360 [INFO] adapters.audio:   段 24/35：46.00~48.00 分钟
2026-09-27 05:39:42,360 [INFO] adapters.audio: DeepFilterNet 调用: E:\WorkBuddy\video-transfer-tools\video_pipeline\tools\df_enhance_cli.py E:\WorkBuddy\video-transfer-tools\video_pipeline\work\current\_dfn_segments\seg024.wav --output-dir E:\WorkBuddy\video-transfer-tools\video_pipeline\work\current\_dfn_segments --log-level error
2026-09-27 05:39:42,360 [INFO] pipeline.runner: RUN E:\WorkBuddy\video-transfer-tools\video_pipeline\.venv\Scripts\python.exe E:\WorkBuddy\video-transfer-tools\video_pipeline\tools\df_enhance_cli.py E:\WorkBuddy\video-transfer-tools\video_pipeline\work\current\_dfn_segments\seg024.wav --output-dir E:\WorkBuddy\video-transfer-tools\video_pipeline\work\current\_dfn_segments --log-level error
2026-09-27 05:39:50,730 [INFO] pipeline.runner: EXIT rc=0 8.4s E:\WorkBuddy\video-transfer-tools\video_pipeline\.venv\Scripts\python.exe
2026-09-27 05:39:50,783 [INFO] adapters.audio:   段 25/35：48.00~50.00 分钟
2026-09-27 05:39:50,783 [INFO] adapters.audio: DeepFilterNet 调用: E:\WorkBuddy\video-transfer-tools\video_pipeline\tools\df_enhance_cli.py E:\WorkBuddy\video-transfer-tools\video_pipeline\work\current\_dfn_segments\seg025.wav --output-dir E:\WorkBuddy\video-transfer-tools\video_pipeline\work\current\_dfn_segments --log-level error
2026-09-27 05:39:50,783 [INFO] pipeline.runner: RUN E:\WorkBuddy\video-transfer-tools\video_pipeline\.venv\Scripts\python.exe E:\WorkBuddy\video-transfer-tools\video_pipeline\tools\df_enhance_cli.py E:\WorkBuddy\video-transfer-tools\video_pipeline\work\current\_dfn_segments\seg025.wav --output-dir E:\WorkBuddy\video-transfer-tools\video_pipeline\work\current\_dfn_segments --log-level error
2026-09-27 05:39:58,907 [INFO] pipeline.runner: EXIT rc=0 8.1s E:\WorkBuddy\video-transfer-tools\video_pipeline\.venv\Scripts\python.exe
2026-09-27 05:39:58,970 [INFO] adapters.audio:   段 26/35：50.00~52.00 分钟
2026-09-27 05:39:58,970 [INFO] adapters.audio: DeepFilterNet 调用: E:\WorkBuddy\video-transfer-tools\video_pipeline\tools\df_enhance_cli.py E:\WorkBuddy\video-transfer-tools\video_pipeline\work\current\_dfn_segments\seg026.wav --output-dir E:\WorkBuddy\video-transfer-tools\video_pipeline\work\current\_dfn_segments --log-level error
2026-09-27 05:39:58,970 [INFO] pipeline.runner: RUN E:\WorkBuddy\video-transfer-tools\video_pipeline\.venv\Scripts\python.exe E:\WorkBuddy\video-transfer-tools\video_pipeline\tools\df_enhance_cli.py E:\WorkBuddy\video-transfer-tools\video_pipeline\work\current\_dfn_segments\seg026.wav --output-dir E:\WorkBuddy\video-transfer-tools\video_pipeline\work\current\_dfn_segments --log-level error
2026-09-27 05:40:07,207 [INFO] pipeline.runner: EXIT rc=0 8.2s E:\WorkBuddy\video-transfer-tools\video_pipeline\.venv\Scripts\python.exe
2026-09-27 05:40:07,288 [INFO] adapters.audio:   段 27/35：52.00~54.00 分钟
2026-09-27 05:40:07,288 [INFO] adapters.audio: DeepFilterNet 调用: E:\WorkBuddy\video-transfer-tools\video_pipeline\tools\df_enhance_cli.py E:\WorkBuddy\video-transfer-tools\video_pipeline\work\current\_dfn_segments\seg027.wav --output-dir E:\WorkBuddy\video-transfer-tools\video_pipeline\work\current\_dfn_segments --log-level error
2026-09-27 05:40:07,288 [INFO] pipeline.runner: RUN E:\WorkBuddy\video-transfer-tools\video_pipeline\.venv\Scripts\python.exe E:\WorkBuddy\video-transfer-tools\video_pipeline\tools\df_enhance_cli.py E:\WorkBuddy\video-transfer-tools\video_pipeline\work\current\_dfn_segments\seg027.wav --output-dir E:\WorkBuddy\video-transfer-tools\video_pipeline\work\current\_dfn_segments --log-level error
2026-09-27 05:40:15,550 [INFO] pipeline.runner: EXIT rc=0 8.3s E:\WorkBuddy\video-transfer-tools\video_pipeline\.venv\Scripts\python.exe
2026-09-27 05:40:15,613 [INFO] adapters.audio:   段 28/35：54.00~56.00 分钟
2026-09-27 05:40:15,613 [INFO] adapters.audio: DeepFilterNet 调用: E:\WorkBuddy\video-transfer-tools\video_pipeline\tools\df_enhance_cli.py E:\WorkBuddy\video-transfer-tools\video_pipeline\work\current\_dfn_segments\seg028.wav --output-dir E:\WorkBuddy\video-transfer-tools\video_pipeline\work\current\_dfn_segments --log-level error
2026-09-27 05:40:15,613 [INFO] pipeline.runner: RUN E:\WorkBuddy\video-transfer-tools\video_pipeline\.venv\Scripts\python.exe E:\WorkBuddy\video-transfer-tools\video_pipeline\tools\df_enhance_cli.py E:\WorkBuddy\video-transfer-tools\video_pipeline\work\current\_dfn_segments\seg028.wav --output-dir E:\WorkBuddy\video-transfer-tools\video_pipeline\work\current\_dfn_segments --log-level error
2026-09-27 05:40:24,083 [INFO] pipeline.runner: EXIT rc=0 8.5s E:\WorkBuddy\video-transfer-tools\video_pipeline\.venv\Scripts\python.exe
2026-09-27 05:40:24,145 [INFO] adapters.audio:   段 29/35：56.00~58.00 分钟
2026-09-27 05:40:24,147 [INFO] adapters.audio: DeepFilterNet 调用: E:\WorkBuddy\video-transfer-tools\video_pipeline\tools\df_enhance_cli.py E:\WorkBuddy\video-transfer-tools\video_pipeline\work\current\_dfn_segments\seg029.wav --output-dir E:\WorkBuddy\video-transfer-tools\video_pipeline\work\current\_dfn_segments --log-level error
2026-09-27 05:40:24,147 [INFO] pipeline.runner: RUN E:\WorkBuddy\video-transfer-tools\video_pipeline\.venv\Scripts\python.exe E:\WorkBuddy\video-transfer-tools\video_pipeline\tools\df_enhance_cli.py E:\WorkBuddy\video-transfer-tools\video_pipeline\work\current\_dfn_segments\seg029.wav --output-dir E:\WorkBuddy\video-transfer-tools\video_pipeline\work\current\_dfn_segments --log-level error
2026-09-27 05:40:32,412 [INFO] pipeline.runner: EXIT rc=0 8.3s E:\WorkBuddy\video-transfer-tools\video_pipeline\.venv\Scripts\python.exe
2026-09-27 05:40:32,469 [INFO] adapters.audio:   段 30/35：58.00~60.00 分钟
2026-09-27 05:40:32,469 [INFO] adapters.audio: DeepFilterNet 调用: E:\WorkBuddy\video-transfer-tools\video_pipeline\tools\df_enhance_cli.py E:\WorkBuddy\video-transfer-tools\video_pipeline\work\current\_dfn_segments\seg030.wav --output-dir E:\WorkBuddy\video-transfer-tools\video_pipeline\work\current\_dfn_segments --log-level error
2026-09-27 05:40:32,469 [INFO] pipeline.runner: RUN E:\WorkBuddy\video-transfer-tools\video_pipeline\.venv\Scripts\python.exe E:\WorkBuddy\video-transfer-tools\video_pipeline\tools\df_enhance_cli.py E:\WorkBuddy\video-transfer-tools\video_pipeline\work\current\_dfn_segments\seg030.wav --output-dir E:\WorkBuddy\video-transfer-tools\video_pipeline\work\current\_dfn_segments --log-level error
2026-09-27 05:40:40,197 [INFO] pipeline.runner: EXIT rc=0 7.7s E:\WorkBuddy\video-transfer-tools\video_pipeline\.venv\Scripts\python.exe
2026-09-27 05:40:40,259 [INFO] adapters.audio:   段 31/35：60.00~62.00 分钟
2026-09-27 05:40:40,260 [INFO] adapters.audio: DeepFilterNet 调用: E:\WorkBuddy\video-transfer-tools\video_pipeline\tools\df_enhance_cli.py E:\WorkBuddy\video-transfer-tools\video_pipeline\work\current\_dfn_segments\seg031.wav --output-dir E:\WorkBuddy\video-transfer-tools\video_pipeline\work\current\_dfn_segments --log-level error
2026-09-27 05:40:40,260 [INFO] pipeline.runner: RUN E:\WorkBuddy\video-transfer-tools\video_pipeline\.venv\Scripts\python.exe E:\WorkBuddy\video-transfer-tools\video_pipeline\tools\df_enhance_cli.py E:\WorkBuddy\video-transfer-tools\video_pipeline\work\current\_dfn_segments\seg031.wav --output-dir E:\WorkBuddy\video-transfer-tools\video_pipeline\work\current\_dfn_segments --log-level error
2026-09-27 05:40:47,935 [INFO] pipeline.runner: EXIT rc=0 7.7s E:\WorkBuddy\video-transfer-tools\video_pipeline\.venv\Scripts\python.exe
2026-09-27 05:40:48,005 [INFO] adapters.audio:   段 32/35：62.00~64.00 分钟
2026-09-27 05:40:48,005 [INFO] adapters.audio: DeepFilterNet 调用: E:\WorkBuddy\video-transfer-tools\video_pipeline\tools\df_enhance_cli.py E:\WorkBuddy\video-transfer-tools\video_pipeline\work\current\_dfn_segments\seg032.wav --output-dir E:\WorkBuddy\video-transfer-tools\video_pipeline\work\current\_dfn_segments --log-level error
2026-09-27 05:40:48,007 [INFO] pipeline.runner: RUN E:\WorkBuddy\video-transfer-tools\video_pipeline\.venv\Scripts\python.exe E:\WorkBuddy\video-transfer-tools\video_pipeline\tools\df_enhance_cli.py E:\WorkBuddy\video-transfer-tools\video_pipeline\work\current\_dfn_segments\seg032.wav --output-dir E:\WorkBuddy\video-transfer-tools\video_pipeline\work\current\_dfn_segments --log-level error
2026-09-27 05:40:55,711 [INFO] pipeline.runner: EXIT rc=0 7.7s E:\WorkBuddy\video-transfer-tools\video_pipeline\.venv\Scripts\python.exe
2026-09-27 05:40:55,763 [INFO] adapters.audio:   段 33/35：64.00~66.00 分钟
2026-09-27 05:40:55,766 [INFO] adapters.audio: DeepFilterNet 调用: E:\WorkBuddy\video-transfer-tools\video_pipeline\tools\df_enhance_cli.py E:\WorkBuddy\video-transfer-tools\video_pipeline\work\current\_dfn_segments\seg033.wav --output-dir E:\WorkBuddy\video-transfer-tools\video_pipeline\work\current\_dfn_segments --log-level error
2026-09-27 05:40:55,766 [INFO] pipeline.runner: RUN E:\WorkBuddy\video-transfer-tools\video_pipeline\.venv\Scripts\python.exe E:\WorkBuddy\video-transfer-tools\video_pipeline\tools\df_enhance_cli.py E:\WorkBuddy\video-transfer-tools\video_pipeline\work\current\_dfn_segments\seg033.wav --output-dir E:\WorkBuddy\video-transfer-tools\video_pipeline\work\current\_dfn_segments --log-level error
2026-09-27 05:41:03,439 [INFO] pipeline.runner: EXIT rc=0 7.7s E:\WorkBuddy\video-transfer-tools\video_pipeline\.venv\Scripts\python.exe
2026-09-27 05:41:03,498 [INFO] adapters.audio:   段 34/35：66.00~68.00 分钟
2026-09-27 05:41:03,498 [INFO] adapters.audio: DeepFilterNet 调用: E:\WorkBuddy\video-transfer-tools\video_pipeline\tools\df_enhance_cli.py E:\WorkBuddy\video-transfer-tools\video_pipeline\work\current\_dfn_segments\seg034.wav --output-dir E:\WorkBuddy\video-transfer-tools\video_pipeline\work\current\_dfn_segments --log-level error
2026-09-27 05:41:03,498 [INFO] pipeline.runner: RUN E:\WorkBuddy\video-transfer-tools\video_pipeline\.venv\Scripts\python.exe E:\WorkBuddy\video-transfer-tools\video_pipeline\tools\df_enhance_cli.py E:\WorkBuddy\video-transfer-tools\video_pipeline\work\current\_dfn_segments\seg034.wav --output-dir E:\WorkBuddy\video-transfer-tools\video_pipeline\work\current\_dfn_segments --log-level error
2026-09-27 05:41:11,353 [INFO] pipeline.runner: EXIT rc=0 7.9s E:\WorkBuddy\video-transfer-tools\video_pipeline\.venv\Scripts\python.exe
2026-09-27 05:41:11,375 [INFO] adapters.audio:   段 35/35：68.00~68.14 分钟
2026-09-27 05:41:11,375 [INFO] adapters.audio: DeepFilterNet 调用: E:\WorkBuddy\video-transfer-tools\video_pipeline\tools\df_enhance_cli.py E:\WorkBuddy\video-transfer-tools\video_pipeline\work\current\_dfn_segments\seg035.wav --output-dir E:\WorkBuddy\video-transfer-tools\video_pipeline\work\current\_dfn_segments --log-level error
2026-09-27 05:41:11,375 [INFO] pipeline.runner: RUN E:\WorkBuddy\video-transfer-tools\video_pipeline\.venv\Scripts\python.exe E:\WorkBuddy\video-transfer-tools\video_pipeline\tools\df_enhance_cli.py E:\WorkBuddy\video-transfer-tools\video_pipeline\work\current\_dfn_segments\seg035.wav --output-dir E:\WorkBuddy\video-transfer-tools\video_pipeline\work\current\_dfn_segments --log-level error
2026-09-27 05:41:13,997 [INFO] pipeline.runner: EXIT rc=0 2.6s E:\WorkBuddy\video-transfer-tools\video_pipeline\.venv\Scripts\python.exe
2026-09-27 05:41:24,959 [INFO] adapters.audio: 分段拼接完成 → audio_clean.wav（35 段，68.14 分钟）
2026-09-27 05:41:25,171 [INFO] pipeline.job.1: 删除临时文件 audio.wav (748.64 MB)
2026-09-27 05:41:25,188 [INFO] pipeline.job.1: REPAIR_AUDIO 完成 → audio_clean.wav
2026-09-27 05:41:25,189 [INFO] pipeline.runner: RUN ffprobe -v error -print_format json -show_format -show_streams E:\WorkBuddy\video-transfer-tools\video_pipeline\work\current\video_ai.mp4
2026-09-27 05:41:25,310 [INFO] pipeline.runner: EXIT rc=0 0.1s ffprobe
2026-09-27 05:41:25,311 [INFO] pipeline.runner: RUN ffmpeg -hide_banner -encoders
2026-09-27 05:41:25,371 [INFO] pipeline.runner: EXIT rc=0 0.1s ffmpeg
2026-09-27 05:41:25,375 [INFO] adapters.ffmpeg: 尝试编码后端 hevc_qsv (qsv)
2026-09-27 05:41:25,375 [INFO] pipeline.runner: RUN ffmpeg -y -i E:\WorkBuddy\video-transfer-tools\video_pipeline\work\current\video_ai.mp4 -c:v hevc_qsv -preset medium -global_quality 23 -c:a aac -b:a 320k -ar 48000 -movflags +faststart E:\WorkBuddy\video-transfer-tools\video_pipeline\work\current\transcoded.mp4
2026-09-27 05:47:32,709 [INFO] pipeline.runner: EXIT rc=0 367.3s ffmpeg
2026-09-27 05:47:32,710 [INFO] pipeline.job.1: TRANSCODE 完成 → transcoded.mp4
2026-09-27 05:47:32,848 [INFO] pipeline.job.1: 删除临时文件 video_ai.mp4 (1914.23 MB)
2026-09-27 05:47:32,854 [INFO] pipeline.runner: RUN ffmpeg -y -i E:\WorkBuddy\video-transfer-tools\video_pipeline\work\current\transcoded.mp4 -i E:\WorkBuddy\video-transfer-tools\video_pipeline\work\current\audio_clean.wav -map 0:v:0 -map 1:a:0 -c:v copy -c:a aac -b:a 320k -ar 48000 -shortest -movflags +faststart -f mp4 E:\WorkBuddy\video-transfer-tools\video_pipeline\output\剧集\S01E04.mp4.partial
2026-09-27 05:52:34,888 [INFO] pipeline.runner: EXIT rc=0 302.0s ffmpeg
2026-09-27 05:52:34,952 [INFO] pipeline.job.1: 删除临时文件 audio_clean.wav (748.64 MB)
2026-09-27 05:52:34,958 [INFO] pipeline.runner: RUN ffprobe -v error -print_format json -show_format -show_streams E:\WorkBuddy\video-transfer-tools\video_pipeline\output\剧集\S01E04.mp4.partial
2026-09-27 05:52:35,001 [INFO] pipeline.runner: EXIT rc=0 0.0s ffprobe
2026-09-27 05:52:35,003 [INFO] pipeline.job.1: VERIFY 通过 → E:\WorkBuddy\video-transfer-tools\video_pipeline\output\剧集\S01E04.mp4
2026-09-27 05:52:35,049 [INFO] pipeline.job.1: === 完成 → E:\WorkBuddy\video-transfer-tools\video_pipeline\output\剧集\S01E04.mp4 ===
2026-09-27 05:52:35,051 [INFO] pipeline.scheduler: 队列已清空，调度器退出
2026-09-27 05:52:48,317 [INFO] pipeline.runner: RUN ffprobe -v error -print_format json -show_format -show_streams E:\WorkBuddy\video-transfer-tools\video_pipeline\output\剧集\S01E04.mp4
2026-09-27 05:52:56,101 [INFO] pipeline.runner: RUN ffprobe -v error -print_format json -show_format -show_streams E:\WorkBuddy\video-transfer-tools\video_pipeline\output\剧集\S01E04.mp4
2026-09-27 05:52:56,173 [INFO] pipeline.runner: EXIT rc=0 0.1s ffprobe
2026-09-27 06:27:16,224 [INFO] pipeline.scanner: 扫描到 3 个候选文件（限定子目录: 课程/录像01.wmv, 课程/录像02.wmv, 课程/录像03.wmv）
2026-09-27 06:27:16,228 [INFO] pipeline.scanner: 新任务 job=4: 录像01.wmv (0.10 GB)
2026-09-27 06:27:16,239 [INFO] pipeline.scanner: 新任务 job=5: 录像02.wmv (0.09 GB)
2026-09-27 06:27:16,250 [INFO] pipeline.scanner: 新任务 job=6: 录像03.wmv (0.09 GB)
2026-09-27 06:27:25,078 [INFO] pipeline.scheduler: 自动档位：队列 3 个任务，单文件画质 AI 预算 4.0h，压缩修复能力 可用
2026-09-27 06:27:25,078 [INFO] pipeline.scheduler: 调度器启动：max_workspaces=1
2026-09-27 06:27:25,079 [INFO] pipeline.job.4: === 开始处理 E:\WorkBuddy\video-transfer-tools\video_pipeline\input\课程\录像01.wmv ===
2026-09-27 06:27:25,085 [INFO] pipeline.runner: RUN ffprobe -v error -print_format json -show_format -show_streams E:\WorkBuddy\video-transfer-tools\video_pipeline\input\课程\录像01.wmv
2026-09-27 06:27:25,106 [INFO] pipeline.runner: EXIT rc=0 0.0s ffprobe
2026-09-27 06:27:25,106 [INFO] pipeline.job.4: VALIDATING 完成 profile=legacy
2026-09-27 06:27:25,110 [INFO] pipeline.job.4: 自动档位：2x（仅超分） —— 超预算：完整修复约 6.3h > 4.0h，退回 2x（约快 9 倍）
2026-09-27 06:27:25,110 [INFO] pipeline.job.4: 耗时预估：完整档 6.34h / 快速档 0.65h / 单文件预算 4.00h
2026-09-27 06:27:25,110 [INFO] pipeline.job.4: RVE 参数：超分 2x，压缩修复 关，timeout 4.0h
2026-09-27 06:27:25,110 [INFO] adapters.rve: RVE 调用: E:\WorkBuddy\video-transfer-tools\video_pipeline\tools\backend\rve-backend.py -i E:\WorkBuddy\video-transfer-tools\video_pipeline\input\课程\录像01.wmv -o E:\WorkBuddy\video-transfer-tools\video_pipeline\work\current\video_ai.mp4 --upscale_model E:\WorkBuddy\video-transfer-tools\video_pipeline\tools\models\2x_OpenProteus_Compact_i2_70K.pth --device cuda --backend pytorch --precision auto --pytorch_gpu_id 0 --tilesize 0 --ffmpeg_path E:\WorkBuddy\video-transfer-tools\video_pipeline\.tools\ffmpeg\ffmpeg.exe --overwrite --crf 16 --video_encoder_preset libx264 --audio_encoder_preset aac
2026-09-27 06:27:25,110 [INFO] pipeline.runner: RUN E:\WorkBuddy\video-transfer-tools\video_pipeline\.venv-rve\Scripts\python.exe E:\WorkBuddy\video-transfer-tools\video_pipeline\tools\backend\rve-backend.py -i E:\WorkBuddy\video-transfer-tools\video_pipeline\input\课程\录像01.wmv -o E:\WorkBuddy\video-transfer-tools\video_pipeline\work\current\video_ai.mp4 --upscale_model E:\WorkBuddy\video-transfer-tools\video_pipeline\tools\models\2x_OpenProteus_Compact_i2_70K.pth --device cuda --backend pytorch --precision auto --pytorch_gpu_id 0 --tilesize 0 --ffmpeg_path E:\WorkBuddy\video-transfer-tools\video_pipeline\.tools\ffmpeg\ffmpeg.exe --overwrite --crf 16 --video_encoder_preset libx264 --audio_encoder_preset aac
2026-09-27 06:34:35,463 [INFO] pipeline.scanner: 扫描到 37 个候选文件（限定子目录: 课程）
2026-09-27 06:34:35,472 [INFO] pipeline.scanner: 新任务 job=10: 录像04.wmv (0.12 GB)
2026-09-27 06:34:35,483 [INFO] pipeline.scanner: 新任务 job=11: 录像05.wmv (0.09 GB)
2026-09-27 06:34:35,495 [INFO] pipeline.scanner: 新任务 job=12: 录像06.wmv (0.08 GB)
2026-09-27 06:34:35,513 [INFO] pipeline.scanner: 新任务 job=13: 录像07.wmv (0.13 GB)
2026-09-27 06:34:35,533 [INFO] pipeline.scanner: 新任务 job=14: 录像08.wmv (0.10 GB)
2026-09-27 06:34:35,553 [INFO] pipeline.scanner: 新任务 job=15: 录像09.wmv (0.11 GB)
2026-09-27 06:34:35,564 [INFO] pipeline.scanner: 新任务 job=16: 录像10.wmv (0.05 GB)
2026-09-27 06:34:35,587 [INFO] pipeline.scanner: 新任务 job=17: 录像11.wmv (0.13 GB)
2026-09-27 06:34:35,604 [INFO] pipeline.scanner: 新任务 job=18: 录像12.wmv (0.10 GB)
2026-09-27 06:34:35,623 [INFO] pipeline.scanner: 新任务 job=19: 录像13.wmv (0.14 GB)
2026-09-27 06:34:35,639 [INFO] pipeline.scanner: 新任务 job=20: 录像14.wmv (0.10 GB)
2026-09-27 06:34:35,653 [INFO] pipeline.scanner: 新任务 job=21: 录像15.wmv (0.07 GB)
2026-09-27 06:34:35,678 [INFO] pipeline.scanner: 新任务 job=22: 录像16.wmv (0.10 GB)
2026-09-27 06:34:35,697 [INFO] pipeline.scanner: 新任务 job=23: 录像17.wmv (0.11 GB)
2026-09-27 06:34:35,713 [INFO] pipeline.scanner: 新任务 job=24: 录像18.wmv (0.08 GB)
2026-09-27 06:34:35,723 [INFO] pipeline.scanner: 新任务 job=25: 录像19.wmv (0.07 GB)
2026-09-27 06:34:35,733 [INFO] pipeline.scanner: 新任务 job=26: 录像20.wmv (0.11 GB)
2026-09-27 06:34:35,747 [INFO] pipeline.scanner: 新任务 job=27: 录像21.wmv (0.06 GB)
2026-09-27 06:34:35,758 [INFO] pipeline.scanner: 新任务 job=28: 录像22.wmv (0.06 GB)
2026-09-27 06:34:35,778 [INFO] pipeline.scanner: 新任务 job=29: 录像23.wmv (0.12 GB)
2026-09-27 06:34:35,799 [INFO] pipeline.scanner: 新任务 job=30: 录像24.wmv (0.06 GB)
2026-09-27 06:34:35,813 [INFO] pipeline.scanner: 新任务 job=31: 录像25.wmv (0.09 GB)
2026-09-27 06:34:35,830 [INFO] pipeline.scanner: 新任务 job=32: 录像26.wmv (0.09 GB)
2026-09-27 06:34:35,846 [INFO] pipeline.scanner: 新任务 job=33: 录像27.wmv (0.08 GB)
2026-09-27 06:34:35,856 [INFO] pipeline.scanner: 新任务 job=34: 录像28.wmv (0.09 GB)
2026-09-27 06:34:35,864 [INFO] pipeline.scanner: 新任务 job=35: 录像29.wmv (0.09 GB)
2026-09-27 06:34:35,882 [INFO] pipeline.scanner: 新任务 job=36: 录像30.wmv (0.06 GB)
2026-09-27 06:34:35,894 [INFO] pipeline.scanner: 新任务 job=37: 录像31.wmv (0.08 GB)
2026-09-27 06:34:35,911 [INFO] pipeline.scanner: 新任务 job=38: 录像32.wmv (0.08 GB)
2026-09-27 06:34:35,918 [INFO] pipeline.scanner: 新任务 job=39: 录像33.wmv (0.09 GB)
2026-09-27 06:34:35,933 [INFO] pipeline.scanner: 新任务 job=40: 录像34.wmv (0.06 GB)
2026-09-27 06:34:35,949 [INFO] pipeline.scanner: 新任务 job=41: 录像35.wmv (0.12 GB)
2026-09-27 06:34:35,962 [INFO] pipeline.scanner: 新任务 job=42: 录像36.wmv (0.05 GB)
2026-09-27 06:34:35,976 [INFO] pipeline.scanner: 新任务 job=43: 录像37.wmv (0.10 GB)
2026-09-27 06:57:00,058 [INFO] pipeline.runner: EXIT rc=0 1775.0s E:\WorkBuddy\video-transfer-tools\video_pipeline\.venv-rve\Scripts\python.exe
2026-09-27 06:57:00,059 [INFO] pipeline.job.4: REPAIR_VIDEO 完成 → video_ai.mp4 (0.14 GB)
2026-09-27 06:57:00,061 [INFO] pipeline.runner: RUN ffmpeg -y -i E:\WorkBuddy\video-transfer-tools\video_pipeline\input\课程\录像01.wmv -vn -acodec pcm_s16le -ar 48000 E:\WorkBuddy\video-transfer-tools\video_pipeline\work\current\audio.wav
2026-09-27 06:57:01,157 [INFO] pipeline.runner: EXIT rc=0 1.1s ffmpeg
2026-09-27 06:57:01,170 [INFO] adapters.audio: 音频 52.9 分钟超出单段上限 2.0 分钟（整段约需 9296 MB 内存）→ 自动分段处理
2026-09-27 06:57:01,288 [INFO] adapters.audio:   段 1/27：0.00~2.00 分钟
2026-09-27 06:57:01,288 [INFO] adapters.audio: DeepFilterNet 调用: E:\WorkBuddy\video-transfer-tools\video_pipeline\tools\df_enhance_cli.py E:\WorkBuddy\video-transfer-tools\video_pipeline\work\current\_dfn_segments\seg001.wav --output-dir E:\WorkBuddy\video-transfer-tools\video_pipeline\work\current\_dfn_segments --log-level error
2026-09-27 06:57:01,288 [INFO] pipeline.runner: RUN E:\WorkBuddy\video-transfer-tools\video_pipeline\.venv\Scripts\python.exe E:\WorkBuddy\video-transfer-tools\video_pipeline\tools\df_enhance_cli.py E:\WorkBuddy\video-transfer-tools\video_pipeline\work\current\_dfn_segments\seg001.wav --output-dir E:\WorkBuddy\video-transfer-tools\video_pipeline\work\current\_dfn_segments --log-level error
2026-09-27 06:57:09,625 [INFO] pipeline.runner: EXIT rc=0 8.3s E:\WorkBuddy\video-transfer-tools\video_pipeline\.venv\Scripts\python.exe
2026-09-27 06:57:09,658 [INFO] adapters.audio:   段 2/27：2.00~4.00 分钟
2026-09-27 06:57:09,658 [INFO] adapters.audio: DeepFilterNet 调用: E:\WorkBuddy\video-transfer-tools\video_pipeline\tools\df_enhance_cli.py E:\WorkBuddy\video-transfer-tools\video_pipeline\work\current\_dfn_segments\seg002.wav --output-dir E:\WorkBuddy\video-transfer-tools\video_pipeline\work\current\_dfn_segments --log-level error
2026-09-27 06:57:09,658 [INFO] pipeline.runner: RUN E:\WorkBuddy\video-transfer-tools\video_pipeline\.venv\Scripts\python.exe E:\WorkBuddy\video-transfer-tools\video_pipeline\tools\df_enhance_cli.py E:\WorkBuddy\video-transfer-tools\video_pipeline\work\current\_dfn_segments\seg002.wav --output-dir E:\WorkBuddy\video-transfer-tools\video_pipeline\work\current\_dfn_segments --log-level error
2026-09-27 06:57:17,510 [INFO] pipeline.runner: EXIT rc=0 7.8s E:\WorkBuddy\video-transfer-tools\video_pipeline\.venv\Scripts\python.exe
2026-09-27 06:57:17,539 [INFO] adapters.audio:   段 3/27：4.00~6.00 分钟
2026-09-27 06:57:17,539 [INFO] adapters.audio: DeepFilterNet 调用: E:\WorkBuddy\video-transfer-tools\video_pipeline\tools\df_enhance_cli.py E:\WorkBuddy\video-transfer-tools\video_pipeline\work\current\_dfn_segments\seg003.wav --output-dir E:\WorkBuddy\video-transfer-tools\video_pipeline\work\current\_dfn_segments --log-level error
2026-09-27 06:57:17,539 [INFO] pipeline.runner: RUN E:\WorkBuddy\video-transfer-tools\video_pipeline\.venv\Scripts\python.exe E:\WorkBuddy\video-transfer-tools\video_pipeline\tools\df_enhance_cli.py E:\WorkBuddy\video-transfer-tools\video_pipeline\work\current\_dfn_segments\seg003.wav --output-dir E:\WorkBuddy\video-transfer-tools\video_pipeline\work\current\_dfn_segments --log-level error
2026-09-27 06:57:25,042 [INFO] pipeline.runner: EXIT rc=0 7.5s E:\WorkBuddy\video-transfer-tools\video_pipeline\.venv\Scripts\python.exe
2026-09-27 06:57:25,069 [INFO] adapters.audio:   段 4/27：6.00~8.00 分钟
2026-09-27 06:57:25,069 [INFO] adapters.audio: DeepFilterNet 调用: E:\WorkBuddy\video-transfer-tools\video_pipeline\tools\df_enhance_cli.py E:\WorkBuddy\video-transfer-tools\video_pipeline\work\current\_dfn_segments\seg004.wav --output-dir E:\WorkBuddy\video-transfer-tools\video_pipeline\work\current\_dfn_segments --log-level error
2026-09-27 06:57:25,069 [INFO] pipeline.runner: RUN E:\WorkBuddy\video-transfer-tools\video_pipeline\.venv\Scripts\python.exe E:\WorkBuddy\video-transfer-tools\video_pipeline\tools\df_enhance_cli.py E:\WorkBuddy\video-transfer-tools\video_pipeline\work\current\_dfn_segments\seg004.wav --output-dir E:\WorkBuddy\video-transfer-tools\video_pipeline\work\current\_dfn_segments --log-level error
2026-09-27 06:57:33,478 [INFO] pipeline.runner: EXIT rc=0 8.4s E:\WorkBuddy\video-transfer-tools\video_pipeline\.venv\Scripts\python.exe
2026-09-27 06:57:33,513 [INFO] adapters.audio:   段 5/27：8.00~10.00 分钟
2026-09-27 06:57:33,513 [INFO] adapters.audio: DeepFilterNet 调用: E:\WorkBuddy\video-transfer-tools\video_pipeline\tools\df_enhance_cli.py E:\WorkBuddy\video-transfer-tools\video_pipeline\work\current\_dfn_segments\seg005.wav --output-dir E:\WorkBuddy\video-transfer-tools\video_pipeline\work\current\_dfn_segments --log-level error
2026-09-27 06:57:33,513 [INFO] pipeline.runner: RUN E:\WorkBuddy\video-transfer-tools\video_pipeline\.venv\Scripts\python.exe E:\WorkBuddy\video-transfer-tools\video_pipeline\tools\df_enhance_cli.py E:\WorkBuddy\video-transfer-tools\video_pipeline\work\current\_dfn_segments\seg005.wav --output-dir E:\WorkBuddy\video-transfer-tools\video_pipeline\work\current\_dfn_segments --log-level error
2026-09-27 06:57:41,970 [INFO] pipeline.runner: EXIT rc=0 8.5s E:\WorkBuddy\video-transfer-tools\video_pipeline\.venv\Scripts\python.exe
2026-09-27 06:57:42,005 [INFO] adapters.audio:   段 6/27：10.00~12.00 分钟
2026-09-27 06:57:42,005 [INFO] adapters.audio: DeepFilterNet 调用: E:\WorkBuddy\video-transfer-tools\video_pipeline\tools\df_enhance_cli.py E:\WorkBuddy\video-transfer-tools\video_pipeline\work\current\_dfn_segments\seg006.wav --output-dir E:\WorkBuddy\video-transfer-tools\video_pipeline\work\current\_dfn_segments --log-level error
2026-09-27 06:57:42,005 [INFO] pipeline.runner: RUN E:\WorkBuddy\video-transfer-tools\video_pipeline\.venv\Scripts\python.exe E:\WorkBuddy\video-transfer-tools\video_pipeline\tools\df_enhance_cli.py E:\WorkBuddy\video-transfer-tools\video_pipeline\work\current\_dfn_segments\seg006.wav --output-dir E:\WorkBuddy\video-transfer-tools\video_pipeline\work\current\_dfn_segments --log-level error
2026-09-27 06:57:49,198 [INFO] pipeline.runner: EXIT rc=0 7.2s E:\WorkBuddy\video-transfer-tools\video_pipeline\.venv\Scripts\python.exe
2026-09-27 06:57:49,224 [INFO] adapters.audio:   段 7/27：12.00~14.00 分钟
2026-09-27 06:57:49,224 [INFO] adapters.audio: DeepFilterNet 调用: E:\WorkBuddy\video-transfer-tools\video_pipeline\tools\df_enhance_cli.py E:\WorkBuddy\video-transfer-tools\video_pipeline\work\current\_dfn_segments\seg007.wav --output-dir E:\WorkBuddy\video-transfer-tools\video_pipeline\work\current\_dfn_segments --log-level error
2026-09-27 06:57:49,224 [INFO] pipeline.runner: RUN E:\WorkBuddy\video-transfer-tools\video_pipeline\.venv\Scripts\python.exe E:\WorkBuddy\video-transfer-tools\video_pipeline\tools\df_enhance_cli.py E:\WorkBuddy\video-transfer-tools\video_pipeline\work\current\_dfn_segments\seg007.wav --output-dir E:\WorkBuddy\video-transfer-tools\video_pipeline\work\current\_dfn_segments --log-level error
2026-09-27 06:57:56,031 [INFO] pipeline.runner: EXIT rc=0 6.8s E:\WorkBuddy\video-transfer-tools\video_pipeline\.venv\Scripts\python.exe
2026-09-27 06:57:56,062 [INFO] adapters.audio:   段 8/27：14.00~16.00 分钟
2026-09-27 06:57:56,062 [INFO] adapters.audio: DeepFilterNet 调用: E:\WorkBuddy\video-transfer-tools\video_pipeline\tools\df_enhance_cli.py E:\WorkBuddy\video-transfer-tools\video_pipeline\work\current\_dfn_segments\seg008.wav --output-dir E:\WorkBuddy\video-transfer-tools\video_pipeline\work\current\_dfn_segments --log-level error
2026-09-27 06:57:56,063 [INFO] pipeline.runner: RUN E:\WorkBuddy\video-transfer-tools\video_pipeline\.venv\Scripts\python.exe E:\WorkBuddy\video-transfer-tools\video_pipeline\tools\df_enhance_cli.py E:\WorkBuddy\video-transfer-tools\video_pipeline\work\current\_dfn_segments\seg008.wav --output-dir E:\WorkBuddy\video-transfer-tools\video_pipeline\work\current\_dfn_segments --log-level error
2026-09-27 06:58:03,185 [INFO] pipeline.runner: EXIT rc=0 7.1s E:\WorkBuddy\video-transfer-tools\video_pipeline\.venv\Scripts\python.exe
2026-09-27 06:58:03,215 [INFO] adapters.audio:   段 9/27：16.00~18.00 分钟
2026-09-27 06:58:03,215 [INFO] adapters.audio: DeepFilterNet 调用: E:\WorkBuddy\video-transfer-tools\video_pipeline\tools\df_enhance_cli.py E:\WorkBuddy\video-transfer-tools\video_pipeline\work\current\_dfn_segments\seg009.wav --output-dir E:\WorkBuddy\video-transfer-tools\video_pipeline\work\current\_dfn_segments --log-level error
2026-09-27 06:58:03,215 [INFO] pipeline.runner: RUN E:\WorkBuddy\video-transfer-tools\video_pipeline\.venv\Scripts\python.exe E:\WorkBuddy\video-transfer-tools\video_pipeline\tools\df_enhance_cli.py E:\WorkBuddy\video-transfer-tools\video_pipeline\work\current\_dfn_segments\seg009.wav --output-dir E:\WorkBuddy\video-transfer-tools\video_pipeline\work\current\_dfn_segments --log-level error
2026-09-27 06:58:10,326 [INFO] pipeline.runner: EXIT rc=0 7.1s E:\WorkBuddy\video-transfer-tools\video_pipeline\.venv\Scripts\python.exe
2026-09-27 06:58:10,357 [INFO] adapters.audio:   段 10/27：18.00~20.00 分钟
2026-09-27 06:58:10,357 [INFO] adapters.audio: DeepFilterNet 调用: E:\WorkBuddy\video-transfer-tools\video_pipeline\tools\df_enhance_cli.py E:\WorkBuddy\video-transfer-tools\video_pipeline\work\current\_dfn_segments\seg010.wav --output-dir E:\WorkBuddy\video-transfer-tools\video_pipeline\work\current\_dfn_segments --log-level error
2026-09-27 06:58:10,357 [INFO] pipeline.runner: RUN E:\WorkBuddy\video-transfer-tools\video_pipeline\.venv\Scripts\python.exe E:\WorkBuddy\video-transfer-tools\video_pipeline\tools\df_enhance_cli.py E:\WorkBuddy\video-transfer-tools\video_pipeline\work\current\_dfn_segments\seg010.wav --output-dir E:\WorkBuddy\video-transfer-tools\video_pipeline\work\current\_dfn_segments --log-level error
2026-09-27 06:58:17,514 [INFO] pipeline.runner: EXIT rc=0 7.2s E:\WorkBuddy\video-transfer-tools\video_pipeline\.venv\Scripts\python.exe
2026-09-27 06:58:17,542 [INFO] adapters.audio:   段 11/27：20.00~22.00 分钟
2026-09-27 06:58:17,542 [INFO] adapters.audio: DeepFilterNet 调用: E:\WorkBuddy\video-transfer-tools\video_pipeline\tools\df_enhance_cli.py E:\WorkBuddy\video-transfer-tools\video_pipeline\work\current\_dfn_segments\seg011.wav --output-dir E:\WorkBuddy\video-transfer-tools\video_pipeline\work\current\_dfn_segments --log-level error
2026-09-27 06:58:17,542 [INFO] pipeline.runner: RUN E:\WorkBuddy\video-transfer-tools\video_pipeline\.venv\Scripts\python.exe E:\WorkBuddy\video-transfer-tools\video_pipeline\tools\df_enhance_cli.py E:\WorkBuddy\video-transfer-tools\video_pipeline\work\current\_dfn_segments\seg011.wav --output-dir E:\WorkBuddy\video-transfer-tools\video_pipeline\work\current\_dfn_segments --log-level error
2026-09-27 06:58:25,137 [INFO] pipeline.runner: EXIT rc=0 7.6s E:\WorkBuddy\video-transfer-tools\video_pipeline\.venv\Scripts\python.exe
2026-09-27 06:58:25,165 [INFO] adapters.audio:   段 12/27：22.00~24.00 分钟
2026-09-27 06:58:25,165 [INFO] adapters.audio: DeepFilterNet 调用: E:\WorkBuddy\video-transfer-tools\video_pipeline\tools\df_enhance_cli.py E:\WorkBuddy\video-transfer-tools\video_pipeline\work\current\_dfn_segments\seg012.wav --output-dir E:\WorkBuddy\video-transfer-tools\video_pipeline\work\current\_dfn_segments --log-level error
2026-09-27 06:58:25,165 [INFO] pipeline.runner: RUN E:\WorkBuddy\video-transfer-tools\video_pipeline\.venv\Scripts\python.exe E:\WorkBuddy\video-transfer-tools\video_pipeline\tools\df_enhance_cli.py E:\WorkBuddy\video-transfer-tools\video_pipeline\work\current\_dfn_segments\seg012.wav --output-dir E:\WorkBuddy\video-transfer-tools\video_pipeline\work\current\_dfn_segments --log-level error
2026-09-27 06:58:32,595 [INFO] pipeline.runner: EXIT rc=0 7.4s E:\WorkBuddy\video-transfer-tools\video_pipeline\.venv\Scripts\python.exe
2026-09-27 06:58:32,624 [INFO] adapters.audio:   段 13/27：24.00~26.00 分钟
2026-09-27 06:58:32,624 [INFO] adapters.audio: DeepFilterNet 调用: E:\WorkBuddy\video-transfer-tools\video_pipeline\tools\df_enhance_cli.py E:\WorkBuddy\video-transfer-tools\video_pipeline\work\current\_dfn_segments\seg013.wav --output-dir E:\WorkBuddy\video-transfer-tools\video_pipeline\work\current\_dfn_segments --log-level error
2026-09-27 06:58:32,624 [INFO] pipeline.runner: RUN E:\WorkBuddy\video-transfer-tools\video_pipeline\.venv\Scripts\python.exe E:\WorkBuddy\video-transfer-tools\video_pipeline\tools\df_enhance_cli.py E:\WorkBuddy\video-transfer-tools\video_pipeline\work\current\_dfn_segments\seg013.wav --output-dir E:\WorkBuddy\video-transfer-tools\video_pipeline\work\current\_dfn_segments --log-level error
2026-09-27 06:58:39,666 [INFO] pipeline.runner: EXIT rc=0 7.0s E:\WorkBuddy\video-transfer-tools\video_pipeline\.venv\Scripts\python.exe
2026-09-27 06:58:39,700 [INFO] adapters.audio:   段 14/27：26.00~28.00 分钟
2026-09-27 06:58:39,701 [INFO] adapters.audio: DeepFilterNet 调用: E:\WorkBuddy\video-transfer-tools\video_pipeline\tools\df_enhance_cli.py E:\WorkBuddy\video-transfer-tools\video_pipeline\work\current\_dfn_segments\seg014.wav --output-dir E:\WorkBuddy\video-transfer-tools\video_pipeline\work\current\_dfn_segments --log-level error
2026-09-27 06:58:39,701 [INFO] pipeline.runner: RUN E:\WorkBuddy\video-transfer-tools\video_pipeline\.venv\Scripts\python.exe E:\WorkBuddy\video-transfer-tools\video_pipeline\tools\df_enhance_cli.py E:\WorkBuddy\video-transfer-tools\video_pipeline\work\current\_dfn_segments\seg014.wav --output-dir E:\WorkBuddy\video-transfer-tools\video_pipeline\work\current\_dfn_segments --log-level error
2026-09-27 06:58:46,785 [INFO] pipeline.runner: EXIT rc=0 7.1s E:\WorkBuddy\video-transfer-tools\video_pipeline\.venv\Scripts\python.exe
2026-09-27 06:58:46,818 [INFO] adapters.audio:   段 15/27：28.00~30.00 分钟
2026-09-27 06:58:46,818 [INFO] adapters.audio: DeepFilterNet 调用: E:\WorkBuddy\video-transfer-tools\video_pipeline\tools\df_enhance_cli.py E:\WorkBuddy\video-transfer-tools\video_pipeline\work\current\_dfn_segments\seg015.wav --output-dir E:\WorkBuddy\video-transfer-tools\video_pipeline\work\current\_dfn_segments --log-level error
2026-09-27 06:58:46,818 [INFO] pipeline.runner: RUN E:\WorkBuddy\video-transfer-tools\video_pipeline\.venv\Scripts\python.exe E:\WorkBuddy\video-transfer-tools\video_pipeline\tools\df_enhance_cli.py E:\WorkBuddy\video-transfer-tools\video_pipeline\work\current\_dfn_segments\seg015.wav --output-dir E:\WorkBuddy\video-transfer-tools\video_pipeline\work\current\_dfn_segments --log-level error
2026-09-27 06:58:53,704 [INFO] pipeline.runner: EXIT rc=0 6.9s E:\WorkBuddy\video-transfer-tools\video_pipeline\.venv\Scripts\python.exe
2026-09-27 06:58:53,725 [INFO] adapters.audio:   段 16/27：30.00~32.00 分钟
2026-09-27 06:58:53,725 [INFO] adapters.audio: DeepFilterNet 调用: E:\WorkBuddy\video-transfer-tools\video_pipeline\tools\df_enhance_cli.py E:\WorkBuddy\video-transfer-tools\video_pipeline\work\current\_dfn_segments\seg016.wav --output-dir E:\WorkBuddy\video-transfer-tools\video_pipeline\work\current\_dfn_segments --log-level error
2026-09-27 06:58:53,725 [INFO] pipeline.runner: RUN E:\WorkBuddy\video-transfer-tools\video_pipeline\.venv\Scripts\python.exe E:\WorkBuddy\video-transfer-tools\video_pipeline\tools\df_enhance_cli.py E:\WorkBuddy\video-transfer-tools\video_pipeline\work\current\_dfn_segments\seg016.wav --output-dir E:\WorkBuddy\video-transfer-tools\video_pipeline\work\current\_dfn_segments --log-level error
2026-09-27 06:59:01,118 [INFO] pipeline.runner: EXIT rc=0 7.4s E:\WorkBuddy\video-transfer-tools\video_pipeline\.venv\Scripts\python.exe
2026-09-27 06:59:01,150 [INFO] adapters.audio:   段 17/27：32.00~34.00 分钟
2026-09-27 06:59:01,150 [INFO] adapters.audio: DeepFilterNet 调用: E:\WorkBuddy\video-transfer-tools\video_pipeline\tools\df_enhance_cli.py E:\WorkBuddy\video-transfer-tools\video_pipeline\work\current\_dfn_segments\seg017.wav --output-dir E:\WorkBuddy\video-transfer-tools\video_pipeline\work\current\_dfn_segments --log-level error
2026-09-27 06:59:01,151 [INFO] pipeline.runner: RUN E:\WorkBuddy\video-transfer-tools\video_pipeline\.venv\Scripts\python.exe E:\WorkBuddy\video-transfer-tools\video_pipeline\tools\df_enhance_cli.py E:\WorkBuddy\video-transfer-tools\video_pipeline\work\current\_dfn_segments\seg017.wav --output-dir E:\WorkBuddy\video-transfer-tools\video_pipeline\work\current\_dfn_segments --log-level error
2026-09-27 06:59:08,467 [INFO] pipeline.runner: EXIT rc=0 7.3s E:\WorkBuddy\video-transfer-tools\video_pipeline\.venv\Scripts\python.exe
2026-09-27 06:59:08,497 [INFO] adapters.audio:   段 18/27：34.00~36.00 分钟
2026-09-27 06:59:08,497 [INFO] adapters.audio: DeepFilterNet 调用: E:\WorkBuddy\video-transfer-tools\video_pipeline\tools\df_enhance_cli.py E:\WorkBuddy\video-transfer-tools\video_pipeline\work\current\_dfn_segments\seg018.wav --output-dir E:\WorkBuddy\video-transfer-tools\video_pipeline\work\current\_dfn_segments --log-level error
2026-09-27 06:59:08,497 [INFO] pipeline.runner: RUN E:\WorkBuddy\video-transfer-tools\video_pipeline\.venv\Scripts\python.exe E:\WorkBuddy\video-transfer-tools\video_pipeline\tools\df_enhance_cli.py E:\WorkBuddy\video-transfer-tools\video_pipeline\work\current\_dfn_segments\seg018.wav --output-dir E:\WorkBuddy\video-transfer-tools\video_pipeline\work\current\_dfn_segments --log-level error
2026-09-27 06:59:15,414 [INFO] pipeline.runner: EXIT rc=0 6.9s E:\WorkBuddy\video-transfer-tools\video_pipeline\.venv\Scripts\python.exe
2026-09-27 06:59:15,444 [INFO] adapters.audio:   段 19/27：36.00~38.00 分钟
2026-09-27 06:59:15,444 [INFO] adapters.audio: DeepFilterNet 调用: E:\WorkBuddy\video-transfer-tools\video_pipeline\tools\df_enhance_cli.py E:\WorkBuddy\video-transfer-tools\video_pipeline\work\current\_dfn_segments\seg019.wav --output-dir E:\WorkBuddy\video-transfer-tools\video_pipeline\work\current\_dfn_segments --log-level error
2026-09-27 06:59:15,444 [INFO] pipeline.runner: RUN E:\WorkBuddy\video-transfer-tools\video_pipeline\.venv\Scripts\python.exe E:\WorkBuddy\video-transfer-tools\video_pipeline\tools\df_enhance_cli.py E:\WorkBuddy\video-transfer-tools\video_pipeline\work\current\_dfn_segments\seg019.wav --output-dir E:\WorkBuddy\video-transfer-tools\video_pipeline\work\current\_dfn_segments --log-level error
2026-09-27 06:59:22,451 [INFO] pipeline.runner: EXIT rc=0 7.0s E:\WorkBuddy\video-transfer-tools\video_pipeline\.venv\Scripts\python.exe
2026-09-27 06:59:22,478 [INFO] adapters.audio:   段 20/27：38.00~40.00 分钟
2026-09-27 06:59:22,478 [INFO] adapters.audio: DeepFilterNet 调用: E:\WorkBuddy\video-transfer-tools\video_pipeline\tools\df_enhance_cli.py E:\WorkBuddy\video-transfer-tools\video_pipeline\work\current\_dfn_segments\seg020.wav --output-dir E:\WorkBuddy\video-transfer-tools\video_pipeline\work\current\_dfn_segments --log-level error
2026-09-27 06:59:22,478 [INFO] pipeline.runner: RUN E:\WorkBuddy\video-transfer-tools\video_pipeline\.venv\Scripts\python.exe E:\WorkBuddy\video-transfer-tools\video_pipeline\tools\df_enhance_cli.py E:\WorkBuddy\video-transfer-tools\video_pipeline\work\current\_dfn_segments\seg020.wav --output-dir E:\WorkBuddy\video-transfer-tools\video_pipeline\work\current\_dfn_segments --log-level error
2026-09-27 06:59:29,364 [INFO] pipeline.runner: EXIT rc=0 6.9s E:\WorkBuddy\video-transfer-tools\video_pipeline\.venv\Scripts\python.exe
2026-09-27 06:59:29,393 [INFO] adapters.audio:   段 21/27：40.00~42.00 分钟
2026-09-27 06:59:29,393 [INFO] adapters.audio: DeepFilterNet 调用: E:\WorkBuddy\video-transfer-tools\video_pipeline\tools\df_enhance_cli.py E:\WorkBuddy\video-transfer-tools\video_pipeline\work\current\_dfn_segments\seg021.wav --output-dir E:\WorkBuddy\video-transfer-tools\video_pipeline\work\current\_dfn_segments --log-level error
2026-09-27 06:59:29,394 [INFO] pipeline.runner: RUN E:\WorkBuddy\video-transfer-tools\video_pipeline\.venv\Scripts\python.exe E:\WorkBuddy\video-transfer-tools\video_pipeline\tools\df_enhance_cli.py E:\WorkBuddy\video-transfer-tools\video_pipeline\work\current\_dfn_segments\seg021.wav --output-dir E:\WorkBuddy\video-transfer-tools\video_pipeline\work\current\_dfn_segments --log-level error
2026-09-27 06:59:36,512 [INFO] pipeline.runner: EXIT rc=0 7.1s E:\WorkBuddy\video-transfer-tools\video_pipeline\.venv\Scripts\python.exe
2026-09-27 06:59:36,539 [INFO] adapters.audio:   段 22/27：42.00~44.00 分钟
2026-09-27 06:59:36,540 [INFO] adapters.audio: DeepFilterNet 调用: E:\WorkBuddy\video-transfer-tools\video_pipeline\tools\df_enhance_cli.py E:\WorkBuddy\video-transfer-tools\video_pipeline\work\current\_dfn_segments\seg022.wav --output-dir E:\WorkBuddy\video-transfer-tools\video_pipeline\work\current\_dfn_segments --log-level error
2026-09-27 06:59:36,540 [INFO] pipeline.runner: RUN E:\WorkBuddy\video-transfer-tools\video_pipeline\.venv\Scripts\python.exe E:\WorkBuddy\video-transfer-tools\video_pipeline\tools\df_enhance_cli.py E:\WorkBuddy\video-transfer-tools\video_pipeline\work\current\_dfn_segments\seg022.wav --output-dir E:\WorkBuddy\video-transfer-tools\video_pipeline\work\current\_dfn_segments --log-level error
2026-09-27 06:59:43,675 [INFO] pipeline.runner: EXIT rc=0 7.1s E:\WorkBuddy\video-transfer-tools\video_pipeline\.venv\Scripts\python.exe
2026-09-27 06:59:43,709 [INFO] adapters.audio:   段 23/27：44.00~46.00 分钟
2026-09-27 06:59:43,710 [INFO] adapters.audio: DeepFilterNet 调用: E:\WorkBuddy\video-transfer-tools\video_pipeline\tools\df_enhance_cli.py E:\WorkBuddy\video-transfer-tools\video_pipeline\work\current\_dfn_segments\seg023.wav --output-dir E:\WorkBuddy\video-transfer-tools\video_pipeline\work\current\_dfn_segments --log-level error
2026-09-27 06:59:43,710 [INFO] pipeline.runner: RUN E:\WorkBuddy\video-transfer-tools\video_pipeline\.venv\Scripts\python.exe E:\WorkBuddy\video-transfer-tools\video_pipeline\tools\df_enhance_cli.py E:\WorkBuddy\video-transfer-tools\video_pipeline\work\current\_dfn_segments\seg023.wav --output-dir E:\WorkBuddy\video-transfer-tools\video_pipeline\work\current\_dfn_segments --log-level error
2026-09-27 06:59:50,524 [INFO] pipeline.runner: EXIT rc=0 6.8s E:\WorkBuddy\video-transfer-tools\video_pipeline\.venv\Scripts\python.exe
2026-09-27 06:59:50,559 [INFO] adapters.audio:   段 24/27：46.00~48.00 分钟
2026-09-27 06:59:50,559 [INFO] adapters.audio: DeepFilterNet 调用: E:\WorkBuddy\video-transfer-tools\video_pipeline\tools\df_enhance_cli.py E:\WorkBuddy\video-transfer-tools\video_pipeline\work\current\_dfn_segments\seg024.wav --output-dir E:\WorkBuddy\video-transfer-tools\video_pipeline\work\current\_dfn_segments --log-level error
2026-09-27 06:59:50,559 [INFO] pipeline.runner: RUN E:\WorkBuddy\video-transfer-tools\video_pipeline\.venv\Scripts\python.exe E:\WorkBuddy\video-transfer-tools\video_pipeline\tools\df_enhance_cli.py E:\WorkBuddy\video-transfer-tools\video_pipeline\work\current\_dfn_segments\seg024.wav --output-dir E:\WorkBuddy\video-transfer-tools\video_pipeline\work\current\_dfn_segments --log-level error
2026-09-27 06:59:57,522 [INFO] pipeline.runner: EXIT rc=0 7.0s E:\WorkBuddy\video-transfer-tools\video_pipeline\.venv\Scripts\python.exe
2026-09-27 06:59:57,551 [INFO] adapters.audio:   段 25/27：48.00~50.00 分钟
2026-09-27 06:59:57,551 [INFO] adapters.audio: DeepFilterNet 调用: E:\WorkBuddy\video-transfer-tools\video_pipeline\tools\df_enhance_cli.py E:\WorkBuddy\video-transfer-tools\video_pipeline\work\current\_dfn_segments\seg025.wav --output-dir E:\WorkBuddy\video-transfer-tools\video_pipeline\work\current\_dfn_segments --log-level error
2026-09-27 06:59:57,551 [INFO] pipeline.runner: RUN E:\WorkBuddy\video-transfer-tools\video_pipeline\.venv\Scripts\python.exe E:\WorkBuddy\video-transfer-tools\video_pipeline\tools\df_enhance_cli.py E:\WorkBuddy\video-transfer-tools\video_pipeline\work\current\_dfn_segments\seg025.wav --output-dir E:\WorkBuddy\video-transfer-tools\video_pipeline\work\current\_dfn_segments --log-level error
2026-09-27 07:00:04,655 [INFO] pipeline.runner: EXIT rc=0 7.1s E:\WorkBuddy\video-transfer-tools\video_pipeline\.venv\Scripts\python.exe
2026-09-27 07:00:04,684 [INFO] adapters.audio:   段 26/27：50.00~52.00 分钟
2026-09-27 07:00:04,684 [INFO] adapters.audio: DeepFilterNet 调用: E:\WorkBuddy\video-transfer-tools\video_pipeline\tools\df_enhance_cli.py E:\WorkBuddy\video-transfer-tools\video_pipeline\work\current\_dfn_segments\seg026.wav --output-dir E:\WorkBuddy\video-transfer-tools\video_pipeline\work\current\_dfn_segments --log-level error
2026-09-27 07:00:04,684 [INFO] pipeline.runner: RUN E:\WorkBuddy\video-transfer-tools\video_pipeline\.venv\Scripts\python.exe E:\WorkBuddy\video-transfer-tools\video_pipeline\tools\df_enhance_cli.py E:\WorkBuddy\video-transfer-tools\video_pipeline\work\current\_dfn_segments\seg026.wav --output-dir E:\WorkBuddy\video-transfer-tools\video_pipeline\work\current\_dfn_segments --log-level error
2026-09-27 07:00:11,654 [INFO] pipeline.runner: EXIT rc=0 7.0s E:\WorkBuddy\video-transfer-tools\video_pipeline\.venv\Scripts\python.exe
2026-09-27 07:00:11,669 [INFO] adapters.audio:   段 27/27：52.00~52.88 分钟
2026-09-27 07:00:11,669 [INFO] adapters.audio: DeepFilterNet 调用: E:\WorkBuddy\video-transfer-tools\video_pipeline\tools\df_enhance_cli.py E:\WorkBuddy\video-transfer-tools\video_pipeline\work\current\_dfn_segments\seg027.wav --output-dir E:\WorkBuddy\video-transfer-tools\video_pipeline\work\current\_dfn_segments --log-level error
2026-09-27 07:00:11,669 [INFO] pipeline.runner: RUN E:\WorkBuddy\video-transfer-tools\video_pipeline\.venv\Scripts\python.exe E:\WorkBuddy\video-transfer-tools\video_pipeline\tools\df_enhance_cli.py E:\WorkBuddy\video-transfer-tools\video_pipeline\work\current\_dfn_segments\seg027.wav --output-dir E:\WorkBuddy\video-transfer-tools\video_pipeline\work\current\_dfn_segments --log-level error
2026-09-27 07:00:15,644 [INFO] pipeline.runner: EXIT rc=0 4.0s E:\WorkBuddy\video-transfer-tools\video_pipeline\.venv\Scripts\python.exe
2026-09-27 07:00:16,638 [INFO] adapters.audio: 分段拼接完成 → audio_clean.wav（27 段，52.88 分钟）
2026-09-27 07:00:16,714 [INFO] pipeline.job.4: 删除临时文件 audio.wav (290.50 MB)
2026-09-27 07:00:16,726 [INFO] pipeline.job.4: REPAIR_AUDIO 完成 → audio_clean.wav
2026-09-27 07:00:16,728 [INFO] pipeline.runner: RUN ffprobe -v error -print_format json -show_format -show_streams E:\WorkBuddy\video-transfer-tools\video_pipeline\work\current\video_ai.mp4
2026-09-27 07:00:16,825 [INFO] pipeline.runner: EXIT rc=0 0.1s ffprobe
2026-09-27 07:00:16,838 [INFO] pipeline.runner: RUN ffmpeg -hide_banner -encoders
2026-09-27 07:00:16,855 [INFO] pipeline.runner: EXIT rc=0 0.0s ffmpeg
2026-09-27 07:00:16,855 [INFO] adapters.ffmpeg: 尝试编码后端 hevc_qsv (qsv)
2026-09-27 07:00:16,855 [INFO] pipeline.runner: RUN ffmpeg -y -i E:\WorkBuddy\video-transfer-tools\video_pipeline\work\current\video_ai.mp4 -c:v hevc_qsv -preset medium -global_quality 23 -c:a aac -b:a 320k -ar 48000 -movflags +faststart E:\WorkBuddy\video-transfer-tools\video_pipeline\work\current\transcoded.mp4
2026-09-27 07:02:28,651 [INFO] pipeline.runner: EXIT rc=0 131.8s ffmpeg
2026-09-27 07:02:28,654 [INFO] pipeline.job.4: TRANSCODE 完成 → transcoded.mp4
2026-09-27 07:02:28,667 [INFO] pipeline.job.4: 删除临时文件 video_ai.mp4 (138.74 MB)
2026-09-27 07:02:28,667 [INFO] pipeline.runner: RUN ffmpeg -y -i E:\WorkBuddy\video-transfer-tools\video_pipeline\work\current\transcoded.mp4 -i E:\WorkBuddy\video-transfer-tools\video_pipeline\work\current\audio_clean.wav -map 0:v:0 -map 1:a:0 -c:v copy -c:a aac -b:a 320k -ar 48000 -shortest -movflags +faststart -f mp4 E:\WorkBuddy\video-transfer-tools\video_pipeline\output\课程\录像01.mp4.partial
2026-09-27 07:05:06,128 [INFO] pipeline.runner: EXIT rc=0 157.5s ffmpeg
2026-09-27 07:05:06,157 [INFO] pipeline.job.4: 删除临时文件 audio_clean.wav (290.50 MB)
2026-09-27 07:05:06,160 [INFO] pipeline.runner: RUN ffprobe -v error -print_format json -show_format -show_streams E:\WorkBuddy\video-transfer-tools\video_pipeline\output\课程\录像01.mp4.partial
2026-09-27 07:05:06,196 [INFO] pipeline.runner: EXIT rc=0 0.0s ffprobe
2026-09-27 07:05:06,197 [INFO] pipeline.job.4: VERIFY 通过 → E:\WorkBuddy\video-transfer-tools\video_pipeline\output\课程\录像01.mp4
2026-09-27 07:05:06,205 [INFO] pipeline.job.4: === 完成 → E:\WorkBuddy\video-transfer-tools\video_pipeline\output\课程\录像01.mp4 ===
2026-09-27 07:05:06,206 [INFO] pipeline.job.5: === 开始处理 E:\WorkBuddy\video-transfer-tools\video_pipeline\input\课程\录像02.wmv ===
2026-09-27 07:05:06,208 [INFO] pipeline.runner: RUN ffprobe -v error -print_format json -show_format -show_streams E:\WorkBuddy\video-transfer-tools\video_pipeline\input\课程\录像02.wmv
2026-09-27 07:05:06,228 [INFO] pipeline.runner: EXIT rc=0 0.0s ffprobe
2026-09-27 07:05:06,230 [INFO] pipeline.job.5: VALIDATING 完成 profile=legacy
2026-09-27 07:05:06,231 [INFO] pipeline.job.5: 自动档位：2x（仅超分） —— 超预算：完整修复约 5.6h > 4.0h，退回 2x（约快 9 倍）
2026-09-27 07:05:06,231 [INFO] pipeline.job.5: 耗时预估：完整档 5.58h / 快速档 0.58h / 单文件预算 4.00h
2026-09-27 07:05:06,232 [INFO] pipeline.job.5: RVE 参数：超分 2x，压缩修复 关，timeout 4.0h
2026-09-27 07:05:06,233 [INFO] adapters.rve: RVE 调用: E:\WorkBuddy\video-transfer-tools\video_pipeline\tools\backend\rve-backend.py -i E:\WorkBuddy\video-transfer-tools\video_pipeline\input\课程\录像02.wmv -o E:\WorkBuddy\video-transfer-tools\video_pipeline\work\current\video_ai.mp4 --upscale_model E:\WorkBuddy\video-transfer-tools\video_pipeline\tools\models\2x_OpenProteus_Compact_i2_70K.pth --device cuda --backend pytorch --precision auto --pytorch_gpu_id 0 --tilesize 0 --ffmpeg_path E:\WorkBuddy\video-transfer-tools\video_pipeline\.tools\ffmpeg\ffmpeg.exe --overwrite --crf 16 --video_encoder_preset libx264 --audio_encoder_preset aac
2026-09-27 07:05:06,233 [INFO] pipeline.runner: RUN E:\WorkBuddy\video-transfer-tools\video_pipeline\.venv-rve\Scripts\python.exe E:\WorkBuddy\video-transfer-tools\video_pipeline\tools\backend\rve-backend.py -i E:\WorkBuddy\video-transfer-tools\video_pipeline\input\课程\录像02.wmv -o E:\WorkBuddy\video-transfer-tools\video_pipeline\work\current\video_ai.mp4 --upscale_model E:\WorkBuddy\video-transfer-tools\video_pipeline\tools\models\2x_OpenProteus_Compact_i2_70K.pth --device cuda --backend pytorch --precision auto --pytorch_gpu_id 0 --tilesize 0 --ffmpeg_path E:\WorkBuddy\video-transfer-tools\video_pipeline\.tools\ffmpeg\ffmpeg.exe --overwrite --crf 16 --video_encoder_preset libx264 --audio_encoder_preset aac
2026-09-27 07:30:13,752 [INFO] pipeline.runner: EXIT rc=0 1507.5s E:\WorkBuddy\video-transfer-tools\video_pipeline\.venv-rve\Scripts\python.exe
2026-09-27 07:30:13,753 [INFO] pipeline.job.5: REPAIR_VIDEO 完成 → video_ai.mp4 (0.11 GB)
2026-09-27 07:30:13,755 [INFO] pipeline.runner: RUN ffmpeg -y -i E:\WorkBuddy\video-transfer-tools\video_pipeline\input\课程\录像02.wmv -vn -acodec pcm_s16le -ar 48000 E:\WorkBuddy\video-transfer-tools\video_pipeline\work\current\audio.wav
2026-09-27 07:30:14,698 [INFO] pipeline.runner: EXIT rc=0 0.9s ffmpeg
2026-09-27 07:30:14,709 [INFO] adapters.audio: 音频 46.6 分钟超出单段上限 2.0 分钟（整段约需 8189 MB 内存）→ 自动分段处理
2026-09-27 07:30:14,741 [INFO] adapters.audio:   段 1/24：0.00~2.00 分钟
2026-09-27 07:30:14,741 [INFO] adapters.audio: DeepFilterNet 调用: E:\WorkBuddy\video-transfer-tools\video_pipeline\tools\df_enhance_cli.py E:\WorkBuddy\video-transfer-tools\video_pipeline\work\current\_dfn_segments\seg001.wav --output-dir E:\WorkBuddy\video-transfer-tools\video_pipeline\work\current\_dfn_segments --log-level error
2026-09-27 07:30:14,742 [INFO] pipeline.runner: RUN E:\WorkBuddy\video-transfer-tools\video_pipeline\.venv\Scripts\python.exe E:\WorkBuddy\video-transfer-tools\video_pipeline\tools\df_enhance_cli.py E:\WorkBuddy\video-transfer-tools\video_pipeline\work\current\_dfn_segments\seg001.wav --output-dir E:\WorkBuddy\video-transfer-tools\video_pipeline\work\current\_dfn_segments --log-level error
2026-09-27 07:30:22,761 [INFO] pipeline.runner: EXIT rc=0 8.0s E:\WorkBuddy\video-transfer-tools\video_pipeline\.venv\Scripts\python.exe
2026-09-27 07:30:22,797 [INFO] adapters.audio:   段 2/24：2.00~4.00 分钟
2026-09-27 07:30:22,798 [INFO] adapters.audio: DeepFilterNet 调用: E:\WorkBuddy\video-transfer-tools\video_pipeline\tools\df_enhance_cli.py E:\WorkBuddy\video-transfer-tools\video_pipeline\work\current\_dfn_segments\seg002.wav --output-dir E:\WorkBuddy\video-transfer-tools\video_pipeline\work\current\_dfn_segments --log-level error
2026-09-27 07:30:22,798 [INFO] pipeline.runner: RUN E:\WorkBuddy\video-transfer-tools\video_pipeline\.venv\Scripts\python.exe E:\WorkBuddy\video-transfer-tools\video_pipeline\tools\df_enhance_cli.py E:\WorkBuddy\video-transfer-tools\video_pipeline\work\current\_dfn_segments\seg002.wav --output-dir E:\WorkBuddy\video-transfer-tools\video_pipeline\work\current\_dfn_segments --log-level error
2026-09-27 07:30:30,238 [INFO] pipeline.runner: EXIT rc=0 7.5s E:\WorkBuddy\video-transfer-tools\video_pipeline\.venv\Scripts\python.exe
2026-09-27 07:30:30,269 [INFO] adapters.audio:   段 3/24：4.00~6.00 分钟
2026-09-27 07:30:30,270 [INFO] adapters.audio: DeepFilterNet 调用: E:\WorkBuddy\video-transfer-tools\video_pipeline\tools\df_enhance_cli.py E:\WorkBuddy\video-transfer-tools\video_pipeline\work\current\_dfn_segments\seg003.wav --output-dir E:\WorkBuddy\video-transfer-tools\video_pipeline\work\current\_dfn_segments --log-level error
2026-09-27 07:30:30,270 [INFO] pipeline.runner: RUN E:\WorkBuddy\video-transfer-tools\video_pipeline\.venv\Scripts\python.exe E:\WorkBuddy\video-transfer-tools\video_pipeline\tools\df_enhance_cli.py E:\WorkBuddy\video-transfer-tools\video_pipeline\work\current\_dfn_segments\seg003.wav --output-dir E:\WorkBuddy\video-transfer-tools\video_pipeline\work\current\_dfn_segments --log-level error
2026-09-27 07:30:37,885 [INFO] pipeline.runner: EXIT rc=0 7.6s E:\WorkBuddy\video-transfer-tools\video_pipeline\.venv\Scripts\python.exe
2026-09-27 07:30:37,919 [INFO] adapters.audio:   段 4/24：6.00~8.00 分钟
2026-09-27 07:30:37,919 [INFO] adapters.audio: DeepFilterNet 调用: E:\WorkBuddy\video-transfer-tools\video_pipeline\tools\df_enhance_cli.py E:\WorkBuddy\video-transfer-tools\video_pipeline\work\current\_dfn_segments\seg004.wav --output-dir E:\WorkBuddy\video-transfer-tools\video_pipeline\work\current\_dfn_segments --log-level error
2026-09-27 07:30:37,919 [INFO] pipeline.runner: RUN E:\WorkBuddy\video-transfer-tools\video_pipeline\.venv\Scripts\python.exe E:\WorkBuddy\video-transfer-tools\video_pipeline\tools\df_enhance_cli.py E:\WorkBuddy\video-transfer-tools\video_pipeline\work\current\_dfn_segments\seg004.wav --output-dir E:\WorkBuddy\video-transfer-tools\video_pipeline\work\current\_dfn_segments --log-level error
2026-09-27 07:30:45,994 [INFO] pipeline.runner: EXIT rc=0 8.1s E:\WorkBuddy\video-transfer-tools\video_pipeline\.venv\Scripts\python.exe
2026-09-27 07:30:46,025 [INFO] adapters.audio:   段 5/24：8.00~10.00 分钟
2026-09-27 07:30:46,025 [INFO] adapters.audio: DeepFilterNet 调用: E:\WorkBuddy\video-transfer-tools\video_pipeline\tools\df_enhance_cli.py E:\WorkBuddy\video-transfer-tools\video_pipeline\work\current\_dfn_segments\seg005.wav --output-dir E:\WorkBuddy\video-transfer-tools\video_pipeline\work\current\_dfn_segments --log-level error
2026-09-27 07:30:46,026 [INFO] pipeline.runner: RUN E:\WorkBuddy\video-transfer-tools\video_pipeline\.venv\Scripts\python.exe E:\WorkBuddy\video-transfer-tools\video_pipeline\tools\df_enhance_cli.py E:\WorkBuddy\video-transfer-tools\video_pipeline\work\current\_dfn_segments\seg005.wav --output-dir E:\WorkBuddy\video-transfer-tools\video_pipeline\work\current\_dfn_segments --log-level error
2026-09-27 07:30:53,657 [INFO] pipeline.runner: EXIT rc=0 7.6s E:\WorkBuddy\video-transfer-tools\video_pipeline\.venv\Scripts\python.exe
2026-09-27 07:30:53,691 [INFO] adapters.audio:   段 6/24：10.00~12.00 分钟
2026-09-27 07:30:53,691 [INFO] adapters.audio: DeepFilterNet 调用: E:\WorkBuddy\video-transfer-tools\video_pipeline\tools\df_enhance_cli.py E:\WorkBuddy\video-transfer-tools\video_pipeline\work\current\_dfn_segments\seg006.wav --output-dir E:\WorkBuddy\video-transfer-tools\video_pipeline\work\current\_dfn_segments --log-level error
2026-09-27 07:30:53,691 [INFO] pipeline.runner: RUN E:\WorkBuddy\video-transfer-tools\video_pipeline\.venv\Scripts\python.exe E:\WorkBuddy\video-transfer-tools\video_pipeline\tools\df_enhance_cli.py E:\WorkBuddy\video-transfer-tools\video_pipeline\work\current\_dfn_segments\seg006.wav --output-dir E:\WorkBuddy\video-transfer-tools\video_pipeline\work\current\_dfn_segments --log-level error
2026-09-27 07:31:01,299 [INFO] pipeline.runner: EXIT rc=0 7.6s E:\WorkBuddy\video-transfer-tools\video_pipeline\.venv\Scripts\python.exe
2026-09-27 07:31:01,330 [INFO] adapters.audio:   段 7/24：12.00~14.00 分钟
2026-09-27 07:31:01,330 [INFO] adapters.audio: DeepFilterNet 调用: E:\WorkBuddy\video-transfer-tools\video_pipeline\tools\df_enhance_cli.py E:\WorkBuddy\video-transfer-tools\video_pipeline\work\current\_dfn_segments\seg007.wav --output-dir E:\WorkBuddy\video-transfer-tools\video_pipeline\work\current\_dfn_segments --log-level error
2026-09-27 07:31:01,330 [INFO] pipeline.runner: RUN E:\WorkBuddy\video-transfer-tools\video_pipeline\.venv\Scripts\python.exe E:\WorkBuddy\video-transfer-tools\video_pipeline\tools\df_enhance_cli.py E:\WorkBuddy\video-transfer-tools\video_pipeline\work\current\_dfn_segments\seg007.wav --output-dir E:\WorkBuddy\video-transfer-tools\video_pipeline\work\current\_dfn_segments --log-level error
2026-09-27 07:31:08,492 [INFO] pipeline.runner: EXIT rc=0 7.2s E:\WorkBuddy\video-transfer-tools\video_pipeline\.venv\Scripts\python.exe
2026-09-27 07:31:08,520 [INFO] adapters.audio:   段 8/24：14.00~16.00 分钟
2026-09-27 07:31:08,520 [INFO] adapters.audio: DeepFilterNet 调用: E:\WorkBuddy\video-transfer-tools\video_pipeline\tools\df_enhance_cli.py E:\WorkBuddy\video-transfer-tools\video_pipeline\work\current\_dfn_segments\seg008.wav --output-dir E:\WorkBuddy\video-transfer-tools\video_pipeline\work\current\_dfn_segments --log-level error
2026-09-27 07:31:08,520 [INFO] pipeline.runner: RUN E:\WorkBuddy\video-transfer-tools\video_pipeline\.venv\Scripts\python.exe E:\WorkBuddy\video-transfer-tools\video_pipeline\tools\df_enhance_cli.py E:\WorkBuddy\video-transfer-tools\video_pipeline\work\current\_dfn_segments\seg008.wav --output-dir E:\WorkBuddy\video-transfer-tools\video_pipeline\work\current\_dfn_segments --log-level error
2026-09-27 07:31:15,718 [INFO] pipeline.runner: EXIT rc=0 7.2s E:\WorkBuddy\video-transfer-tools\video_pipeline\.venv\Scripts\python.exe
2026-09-27 07:31:15,747 [INFO] adapters.audio:   段 9/24：16.00~18.00 分钟
2026-09-27 07:31:15,747 [INFO] adapters.audio: DeepFilterNet 调用: E:\WorkBuddy\video-transfer-tools\video_pipeline\tools\df_enhance_cli.py E:\WorkBuddy\video-transfer-tools\video_pipeline\work\current\_dfn_segments\seg009.wav --output-dir E:\WorkBuddy\video-transfer-tools\video_pipeline\work\current\_dfn_segments --log-level error
2026-09-27 07:31:15,747 [INFO] pipeline.runner: RUN E:\WorkBuddy\video-transfer-tools\video_pipeline\.venv\Scripts\python.exe E:\WorkBuddy\video-transfer-tools\video_pipeline\tools\df_enhance_cli.py E:\WorkBuddy\video-transfer-tools\video_pipeline\work\current\_dfn_segments\seg009.wav --output-dir E:\WorkBuddy\video-transfer-tools\video_pipeline\work\current\_dfn_segments --log-level error
2026-09-27 07:31:22,887 [INFO] pipeline.runner: EXIT rc=0 7.1s E:\WorkBuddy\video-transfer-tools\video_pipeline\.venv\Scripts\python.exe
2026-09-27 07:31:22,916 [INFO] adapters.audio:   段 10/24：18.00~20.00 分钟
2026-09-27 07:31:22,916 [INFO] adapters.audio: DeepFilterNet 调用: E:\WorkBuddy\video-transfer-tools\video_pipeline\tools\df_enhance_cli.py E:\WorkBuddy\video-transfer-tools\video_pipeline\work\current\_dfn_segments\seg010.wav --output-dir E:\WorkBuddy\video-transfer-tools\video_pipeline\work\current\_dfn_segments --log-level error
2026-09-27 07:31:22,916 [INFO] pipeline.runner: RUN E:\WorkBuddy\video-transfer-tools\video_pipeline\.venv\Scripts\python.exe E:\WorkBuddy\video-transfer-tools\video_pipeline\tools\df_enhance_cli.py E:\WorkBuddy\video-transfer-tools\video_pipeline\work\current\_dfn_segments\seg010.wav --output-dir E:\WorkBuddy\video-transfer-tools\video_pipeline\work\current\_dfn_segments --log-level error
2026-09-27 07:31:29,940 [INFO] pipeline.runner: EXIT rc=0 7.0s E:\WorkBuddy\video-transfer-tools\video_pipeline\.venv\Scripts\python.exe
2026-09-27 07:31:29,968 [INFO] adapters.audio:   段 11/24：20.00~22.00 分钟
2026-09-27 07:31:29,968 [INFO] adapters.audio: DeepFilterNet 调用: E:\WorkBuddy\video-transfer-tools\video_pipeline\tools\df_enhance_cli.py E:\WorkBuddy\video-transfer-tools\video_pipeline\work\current\_dfn_segments\seg011.wav --output-dir E:\WorkBuddy\video-transfer-tools\video_pipeline\work\current\_dfn_segments --log-level error
2026-09-27 07:31:29,968 [INFO] pipeline.runner: RUN E:\WorkBuddy\video-transfer-tools\video_pipeline\.venv\Scripts\python.exe E:\WorkBuddy\video-transfer-tools\video_pipeline\tools\df_enhance_cli.py E:\WorkBuddy\video-transfer-tools\video_pipeline\work\current\_dfn_segments\seg011.wav --output-dir E:\WorkBuddy\video-transfer-tools\video_pipeline\work\current\_dfn_segments --log-level error
2026-09-27 07:31:37,109 [INFO] pipeline.runner: EXIT rc=0 7.1s E:\WorkBuddy\video-transfer-tools\video_pipeline\.venv\Scripts\python.exe
2026-09-27 07:31:37,143 [INFO] adapters.audio:   段 12/24：22.00~24.00 分钟
2026-09-27 07:31:37,143 [INFO] adapters.audio: DeepFilterNet 调用: E:\WorkBuddy\video-transfer-tools\video_pipeline\tools\df_enhance_cli.py E:\WorkBuddy\video-transfer-tools\video_pipeline\work\current\_dfn_segments\seg012.wav --output-dir E:\WorkBuddy\video-transfer-tools\video_pipeline\work\current\_dfn_segments --log-level error
2026-09-27 07:31:37,143 [INFO] pipeline.runner: RUN E:\WorkBuddy\video-transfer-tools\video_pipeline\.venv\Scripts\python.exe E:\WorkBuddy\video-transfer-tools\video_pipeline\tools\df_enhance_cli.py E:\WorkBuddy\video-transfer-tools\video_pipeline\work\current\_dfn_segments\seg012.wav --output-dir E:\WorkBuddy\video-transfer-tools\video_pipeline\work\current\_dfn_segments --log-level error
2026-09-27 07:31:44,166 [INFO] pipeline.runner: EXIT rc=0 7.0s E:\WorkBuddy\video-transfer-tools\video_pipeline\.venv\Scripts\python.exe
2026-09-27 07:31:44,195 [INFO] adapters.audio:   段 13/24：24.00~26.00 分钟
2026-09-27 07:31:44,197 [INFO] adapters.audio: DeepFilterNet 调用: E:\WorkBuddy\video-transfer-tools\video_pipeline\tools\df_enhance_cli.py E:\WorkBuddy\video-transfer-tools\video_pipeline\work\current\_dfn_segments\seg013.wav --output-dir E:\WorkBuddy\video-transfer-tools\video_pipeline\work\current\_dfn_segments --log-level error
2026-09-27 07:31:44,197 [INFO] pipeline.runner: RUN E:\WorkBuddy\video-transfer-tools\video_pipeline\.venv\Scripts\python.exe E:\WorkBuddy\video-transfer-tools\video_pipeline\tools\df_enhance_cli.py E:\WorkBuddy\video-transfer-tools\video_pipeline\work\current\_dfn_segments\seg013.wav --output-dir E:\WorkBuddy\video-transfer-tools\video_pipeline\work\current\_dfn_segments --log-level error
2026-09-27 07:31:51,162 [INFO] pipeline.runner: EXIT rc=0 7.0s E:\WorkBuddy\video-transfer-tools\video_pipeline\.venv\Scripts\python.exe
2026-09-27 07:31:51,192 [INFO] adapters.audio:   段 14/24：26.00~28.00 分钟
2026-09-27 07:31:51,192 [INFO] adapters.audio: DeepFilterNet 调用: E:\WorkBuddy\video-transfer-tools\video_pipeline\tools\df_enhance_cli.py E:\WorkBuddy\video-transfer-tools\video_pipeline\work\current\_dfn_segments\seg014.wav --output-dir E:\WorkBuddy\video-transfer-tools\video_pipeline\work\current\_dfn_segments --log-level error
2026-09-27 07:31:51,192 [INFO] pipeline.runner: RUN E:\WorkBuddy\video-transfer-tools\video_pipeline\.venv\Scripts\python.exe E:\WorkBuddy\video-transfer-tools\video_pipeline\tools\df_enhance_cli.py E:\WorkBuddy\video-transfer-tools\video_pipeline\work\current\_dfn_segments\seg014.wav --output-dir E:\WorkBuddy\video-transfer-tools\video_pipeline\work\current\_dfn_segments --log-level error
2026-09-27 07:31:58,258 [INFO] pipeline.runner: EXIT rc=0 7.1s E:\WorkBuddy\video-transfer-tools\video_pipeline\.venv\Scripts\python.exe
2026-09-27 07:31:58,294 [INFO] adapters.audio:   段 15/24：28.00~30.00 分钟
2026-09-27 07:31:58,294 [INFO] adapters.audio: DeepFilterNet 调用: E:\WorkBuddy\video-transfer-tools\video_pipeline\tools\df_enhance_cli.py E:\WorkBuddy\video-transfer-tools\video_pipeline\work\current\_dfn_segments\seg015.wav --output-dir E:\WorkBuddy\video-transfer-tools\video_pipeline\work\current\_dfn_segments --log-level error
2026-09-27 07:31:58,294 [INFO] pipeline.runner: RUN E:\WorkBuddy\video-transfer-tools\video_pipeline\.venv\Scripts\python.exe E:\WorkBuddy\video-transfer-tools\video_pipeline\tools\df_enhance_cli.py E:\WorkBuddy\video-transfer-tools\video_pipeline\work\current\_dfn_segments\seg015.wav --output-dir E:\WorkBuddy\video-transfer-tools\video_pipeline\work\current\_dfn_segments --log-level error
2026-09-27 07:32:05,252 [INFO] pipeline.runner: EXIT rc=0 7.0s E:\WorkBuddy\video-transfer-tools\video_pipeline\.venv\Scripts\python.exe
2026-09-27 07:32:05,278 [INFO] adapters.audio:   段 16/24：30.00~32.00 分钟
2026-09-27 07:32:05,284 [INFO] adapters.audio: DeepFilterNet 调用: E:\WorkBuddy\video-transfer-tools\video_pipeline\tools\df_enhance_cli.py E:\WorkBuddy\video-transfer-tools\video_pipeline\work\current\_dfn_segments\seg016.wav --output-dir E:\WorkBuddy\video-transfer-tools\video_pipeline\work\current\_dfn_segments --log-level error
2026-09-27 07:32:05,284 [INFO] pipeline.runner: RUN E:\WorkBuddy\video-transfer-tools\video_pipeline\.venv\Scripts\python.exe E:\WorkBuddy\video-transfer-tools\video_pipeline\tools\df_enhance_cli.py E:\WorkBuddy\video-transfer-tools\video_pipeline\work\current\_dfn_segments\seg016.wav --output-dir E:\WorkBuddy\video-transfer-tools\video_pipeline\work\current\_dfn_segments --log-level error
2026-09-27 07:32:12,289 [INFO] pipeline.runner: EXIT rc=0 7.0s E:\WorkBuddy\video-transfer-tools\video_pipeline\.venv\Scripts\python.exe
2026-09-27 07:32:12,320 [INFO] adapters.audio:   段 17/24：32.00~34.00 分钟
2026-09-27 07:32:12,320 [INFO] adapters.audio: DeepFilterNet 调用: E:\WorkBuddy\video-transfer-tools\video_pipeline\tools\df_enhance_cli.py E:\WorkBuddy\video-transfer-tools\video_pipeline\work\current\_dfn_segments\seg017.wav --output-dir E:\WorkBuddy\video-transfer-tools\video_pipeline\work\current\_dfn_segments --log-level error
2026-09-27 07:32:12,320 [INFO] pipeline.runner: RUN E:\WorkBuddy\video-transfer-tools\video_pipeline\.venv\Scripts\python.exe E:\WorkBuddy\video-transfer-tools\video_pipeline\tools\df_enhance_cli.py E:\WorkBuddy\video-transfer-tools\video_pipeline\work\current\_dfn_segments\seg017.wav --output-dir E:\WorkBuddy\video-transfer-tools\video_pipeline\work\current\_dfn_segments --log-level error
2026-09-27 07:32:19,218 [INFO] pipeline.runner: EXIT rc=0 6.9s E:\WorkBuddy\video-transfer-tools\video_pipeline\.venv\Scripts\python.exe
2026-09-27 07:32:19,246 [INFO] adapters.audio:   段 18/24：34.00~36.00 分钟
2026-09-27 07:32:19,246 [INFO] adapters.audio: DeepFilterNet 调用: E:\WorkBuddy\video-transfer-tools\video_pipeline\tools\df_enhance_cli.py E:\WorkBuddy\video-transfer-tools\video_pipeline\work\current\_dfn_segments\seg018.wav --output-dir E:\WorkBuddy\video-transfer-tools\video_pipeline\work\current\_dfn_segments --log-level error
2026-09-27 07:32:19,246 [INFO] pipeline.runner: RUN E:\WorkBuddy\video-transfer-tools\video_pipeline\.venv\Scripts\python.exe E:\WorkBuddy\video-transfer-tools\video_pipeline\tools\df_enhance_cli.py E:\WorkBuddy\video-transfer-tools\video_pipeline\work\current\_dfn_segments\seg018.wav --output-dir E:\WorkBuddy\video-transfer-tools\video_pipeline\work\current\_dfn_segments --log-level error
2026-09-27 07:32:26,702 [INFO] pipeline.runner: EXIT rc=0 7.5s E:\WorkBuddy\video-transfer-tools\video_pipeline\.venv\Scripts\python.exe
2026-09-27 07:32:26,731 [INFO] adapters.audio:   段 19/24：36.00~38.00 分钟
2026-09-27 07:32:26,731 [INFO] adapters.audio: DeepFilterNet 调用: E:\WorkBuddy\video-transfer-tools\video_pipeline\tools\df_enhance_cli.py E:\WorkBuddy\video-transfer-tools\video_pipeline\work\current\_dfn_segments\seg019.wav --output-dir E:\WorkBuddy\video-transfer-tools\video_pipeline\work\current\_dfn_segments --log-level error
2026-09-27 07:32:26,731 [INFO] pipeline.runner: RUN E:\WorkBuddy\video-transfer-tools\video_pipeline\.venv\Scripts\python.exe E:\WorkBuddy\video-transfer-tools\video_pipeline\tools\df_enhance_cli.py E:\WorkBuddy\video-transfer-tools\video_pipeline\work\current\_dfn_segments\seg019.wav --output-dir E:\WorkBuddy\video-transfer-tools\video_pipeline\work\current\_dfn_segments --log-level error
2026-09-27 07:32:33,855 [INFO] pipeline.runner: EXIT rc=0 7.1s E:\WorkBuddy\video-transfer-tools\video_pipeline\.venv\Scripts\python.exe
2026-09-27 07:32:33,888 [INFO] adapters.audio:   段 20/24：38.00~40.00 分钟
2026-09-27 07:32:33,888 [INFO] adapters.audio: DeepFilterNet 调用: E:\WorkBuddy\video-transfer-tools\video_pipeline\tools\df_enhance_cli.py E:\WorkBuddy\video-transfer-tools\video_pipeline\work\current\_dfn_segments\seg020.wav --output-dir E:\WorkBuddy\video-transfer-tools\video_pipeline\work\current\_dfn_segments --log-level error
2026-09-27 07:32:33,888 [INFO] pipeline.runner: RUN E:\WorkBuddy\video-transfer-tools\video_pipeline\.venv\Scripts\python.exe E:\WorkBuddy\video-transfer-tools\video_pipeline\tools\df_enhance_cli.py E:\WorkBuddy\video-transfer-tools\video_pipeline\work\current\_dfn_segments\seg020.wav --output-dir E:\WorkBuddy\video-transfer-tools\video_pipeline\work\current\_dfn_segments --log-level error
2026-09-27 07:32:41,058 [INFO] pipeline.runner: EXIT rc=0 7.2s E:\WorkBuddy\video-transfer-tools\video_pipeline\.venv\Scripts\python.exe
2026-09-27 07:32:41,089 [INFO] adapters.audio:   段 21/24：40.00~42.00 分钟
2026-09-27 07:32:41,090 [INFO] adapters.audio: DeepFilterNet 调用: E:\WorkBuddy\video-transfer-tools\video_pipeline\tools\df_enhance_cli.py E:\WorkBuddy\video-transfer-tools\video_pipeline\work\current\_dfn_segments\seg021.wav --output-dir E:\WorkBuddy\video-transfer-tools\video_pipeline\work\current\_dfn_segments --log-level error
2026-09-27 07:32:41,090 [INFO] pipeline.runner: RUN E:\WorkBuddy\video-transfer-tools\video_pipeline\.venv\Scripts\python.exe E:\WorkBuddy\video-transfer-tools\video_pipeline\tools\df_enhance_cli.py E:\WorkBuddy\video-transfer-tools\video_pipeline\work\current\_dfn_segments\seg021.wav --output-dir E:\WorkBuddy\video-transfer-tools\video_pipeline\work\current\_dfn_segments --log-level error
2026-09-27 07:32:48,319 [INFO] pipeline.runner: EXIT rc=0 7.2s E:\WorkBuddy\video-transfer-tools\video_pipeline\.venv\Scripts\python.exe
2026-09-27 07:32:48,345 [INFO] adapters.audio:   段 22/24：42.00~44.00 分钟
2026-09-27 07:32:48,346 [INFO] adapters.audio: DeepFilterNet 调用: E:\WorkBuddy\video-transfer-tools\video_pipeline\tools\df_enhance_cli.py E:\WorkBuddy\video-transfer-tools\video_pipeline\work\current\_dfn_segments\seg022.wav --output-dir E:\WorkBuddy\video-transfer-tools\video_pipeline\work\current\_dfn_segments --log-level error
2026-09-27 07:32:48,346 [INFO] pipeline.runner: RUN E:\WorkBuddy\video-transfer-tools\video_pipeline\.venv\Scripts\python.exe E:\WorkBuddy\video-transfer-tools\video_pipeline\tools\df_enhance_cli.py E:\WorkBuddy\video-transfer-tools\video_pipeline\work\current\_dfn_segments\seg022.wav --output-dir E:\WorkBuddy\video-transfer-tools\video_pipeline\work\current\_dfn_segments --log-level error
2026-09-27 07:32:55,487 [INFO] pipeline.runner: EXIT rc=0 7.1s E:\WorkBuddy\video-transfer-tools\video_pipeline\.venv\Scripts\python.exe
2026-09-27 07:32:55,515 [INFO] adapters.audio:   段 23/24：44.00~46.00 分钟
2026-09-27 07:32:55,515 [INFO] adapters.audio: DeepFilterNet 调用: E:\WorkBuddy\video-transfer-tools\video_pipeline\tools\df_enhance_cli.py E:\WorkBuddy\video-transfer-tools\video_pipeline\work\current\_dfn_segments\seg023.wav --output-dir E:\WorkBuddy\video-transfer-tools\video_pipeline\work\current\_dfn_segments --log-level error
2026-09-27 07:32:55,515 [INFO] pipeline.runner: RUN E:\WorkBuddy\video-transfer-tools\video_pipeline\.venv\Scripts\python.exe E:\WorkBuddy\video-transfer-tools\video_pipeline\tools\df_enhance_cli.py E:\WorkBuddy\video-transfer-tools\video_pipeline\work\current\_dfn_segments\seg023.wav --output-dir E:\WorkBuddy\video-transfer-tools\video_pipeline\work\current\_dfn_segments --log-level error
2026-09-27 07:33:02,826 [INFO] pipeline.runner: EXIT rc=0 7.3s E:\WorkBuddy\video-transfer-tools\video_pipeline\.venv\Scripts\python.exe
2026-09-27 07:33:02,838 [INFO] adapters.audio:   段 24/24：46.00~46.58 分钟
2026-09-27 07:33:02,838 [INFO] adapters.audio: DeepFilterNet 调用: E:\WorkBuddy\video-transfer-tools\video_pipeline\tools\df_enhance_cli.py E:\WorkBuddy\video-transfer-tools\video_pipeline\work\current\_dfn_segments\seg024.wav --output-dir E:\WorkBuddy\video-transfer-tools\video_pipeline\work\current\_dfn_segments --log-level error
2026-09-27 07:33:02,838 [INFO] pipeline.runner: RUN E:\WorkBuddy\video-transfer-tools\video_pipeline\.venv\Scripts\python.exe E:\WorkBuddy\video-transfer-tools\video_pipeline\tools\df_enhance_cli.py E:\WorkBuddy\video-transfer-tools\video_pipeline\work\current\_dfn_segments\seg024.wav --output-dir E:\WorkBuddy\video-transfer-tools\video_pipeline\work\current\_dfn_segments --log-level error
2026-09-27 07:33:05,917 [INFO] pipeline.runner: EXIT rc=0 3.1s E:\WorkBuddy\video-transfer-tools\video_pipeline\.venv\Scripts\python.exe
2026-09-27 07:33:06,798 [INFO] adapters.audio: 分段拼接完成 → audio_clean.wav（24 段，46.58 分钟）
2026-09-27 07:33:06,864 [INFO] pipeline.job.5: 删除临时文件 audio.wav (255.89 MB)
2026-09-27 07:33:06,872 [INFO] pipeline.job.5: REPAIR_AUDIO 完成 → audio_clean.wav
2026-09-27 07:33:06,872 [INFO] pipeline.runner: RUN ffprobe -v error -print_format json -show_format -show_streams E:\WorkBuddy\video-transfer-tools\video_pipeline\work\current\video_ai.mp4
2026-09-27 07:33:06,966 [INFO] pipeline.runner: EXIT rc=0 0.1s ffprobe
2026-09-27 07:33:06,968 [INFO] adapters.ffmpeg: 尝试编码后端 hevc_qsv (qsv)
2026-09-27 07:33:06,968 [INFO] pipeline.runner: RUN ffmpeg -y -i E:\WorkBuddy\video-transfer-tools\video_pipeline\work\current\video_ai.mp4 -c:v hevc_qsv -preset medium -global_quality 23 -c:a aac -b:a 320k -ar 48000 -movflags +faststart E:\WorkBuddy\video-transfer-tools\video_pipeline\work\current\transcoded.mp4
2026-09-27 07:35:06,093 [INFO] pipeline.runner: EXIT rc=0 119.1s ffmpeg
2026-09-27 07:35:06,095 [INFO] pipeline.job.5: TRANSCODE 完成 → transcoded.mp4
2026-09-27 07:35:06,104 [INFO] pipeline.job.5: 删除临时文件 video_ai.mp4 (109.02 MB)
2026-09-27 07:35:06,106 [INFO] pipeline.runner: RUN ffmpeg -y -i E:\WorkBuddy\video-transfer-tools\video_pipeline\work\current\transcoded.mp4 -i E:\WorkBuddy\video-transfer-tools\video_pipeline\work\current\audio_clean.wav -map 0:v:0 -map 1:a:0 -c:v copy -c:a aac -b:a 320k -ar 48000 -shortest -movflags +faststart -f mp4 E:\WorkBuddy\video-transfer-tools\video_pipeline\output\课程\录像02.mp4.partial
2026-09-27 07:37:25,409 [INFO] pipeline.runner: EXIT rc=0 139.3s ffmpeg
2026-09-27 07:37:25,440 [INFO] pipeline.job.5: 删除临时文件 audio_clean.wav (255.89 MB)
2026-09-27 07:37:25,445 [INFO] pipeline.runner: RUN ffprobe -v error -print_format json -show_format -show_streams E:\WorkBuddy\video-transfer-tools\video_pipeline\output\课程\录像02.mp4.partial
2026-09-27 07:37:25,477 [INFO] pipeline.runner: EXIT rc=0 0.0s ffprobe
2026-09-27 07:37:25,481 [INFO] pipeline.job.5: VERIFY 通过 → E:\WorkBuddy\video-transfer-tools\video_pipeline\output\课程\录像02.mp4
2026-09-27 07:37:25,488 [INFO] pipeline.job.5: === 完成 → E:\WorkBuddy\video-transfer-tools\video_pipeline\output\课程\录像02.mp4 ===
2026-09-27 07:37:25,489 [INFO] pipeline.job.6: === 开始处理 E:\WorkBuddy\video-transfer-tools\video_pipeline\input\课程\录像03.wmv ===
2026-09-27 07:37:25,491 [INFO] pipeline.runner: RUN ffprobe -v error -print_format json -show_format -show_streams E:\WorkBuddy\video-transfer-tools\video_pipeline\input\课程\录像03.wmv
2026-09-27 07:37:25,511 [INFO] pipeline.runner: EXIT rc=0 0.0s ffprobe
2026-09-27 07:37:25,513 [INFO] pipeline.job.6: VALIDATING 完成 profile=legacy
2026-09-27 07:37:25,514 [INFO] pipeline.job.6: 自动档位：2x（仅超分） —— 超预算：完整修复约 5.0h > 4.0h，退回 2x（约快 9 倍）
2026-09-27 07:37:25,514 [INFO] pipeline.job.6: 耗时预估：完整档 4.96h / 快速档 0.51h / 单文件预算 4.00h
2026-09-27 07:37:25,514 [INFO] pipeline.job.6: RVE 参数：超分 2x，压缩修复 关，timeout 4.0h
2026-09-27 07:37:25,516 [INFO] adapters.rve: RVE 调用: E:\WorkBuddy\video-transfer-tools\video_pipeline\tools\backend\rve-backend.py -i E:\WorkBuddy\video-transfer-tools\video_pipeline\input\课程\录像03.wmv -o E:\WorkBuddy\video-transfer-tools\video_pipeline\work\current\video_ai.mp4 --upscale_model E:\WorkBuddy\video-transfer-tools\video_pipeline\tools\models\2x_OpenProteus_Compact_i2_70K.pth --device cuda --backend pytorch --precision auto --pytorch_gpu_id 0 --tilesize 0 --ffmpeg_path E:\WorkBuddy\video-transfer-tools\video_pipeline\.tools\ffmpeg\ffmpeg.exe --overwrite --crf 16 --video_encoder_preset libx264 --audio_encoder_preset aac
2026-09-27 07:37:25,516 [INFO] pipeline.runner: RUN E:\WorkBuddy\video-transfer-tools\video_pipeline\.venv-rve\Scripts\python.exe E:\WorkBuddy\video-transfer-tools\video_pipeline\tools\backend\rve-backend.py -i E:\WorkBuddy\video-transfer-tools\video_pipeline\input\课程\录像03.wmv -o E:\WorkBuddy\video-transfer-tools\video_pipeline\work\current\video_ai.mp4 --upscale_model E:\WorkBuddy\video-transfer-tools\video_pipeline\tools\models\2x_OpenProteus_Compact_i2_70K.pth --device cuda --backend pytorch --precision auto --pytorch_gpu_id 0 --tilesize 0 --ffmpeg_path E:\WorkBuddy\video-transfer-tools\video_pipeline\.tools\ffmpeg\ffmpeg.exe --overwrite --crf 16 --video_encoder_preset libx264 --audio_encoder_preset aac
2026-09-27 07:59:43,884 [INFO] pipeline.runner: EXIT rc=0 1338.4s E:\WorkBuddy\video-transfer-tools\video_pipeline\.venv-rve\Scripts\python.exe
2026-09-27 07:59:43,887 [INFO] pipeline.job.6: REPAIR_VIDEO 完成 → video_ai.mp4 (0.09 GB)
2026-09-27 07:59:43,890 [INFO] pipeline.runner: RUN ffmpeg -y -i E:\WorkBuddy\video-transfer-tools\video_pipeline\input\课程\录像03.wmv -vn -acodec pcm_s16le -ar 48000 E:\WorkBuddy\video-transfer-tools\video_pipeline\work\current\audio.wav
2026-09-27 07:59:44,700 [INFO] pipeline.runner: EXIT rc=0 0.8s ffmpeg
2026-09-27 07:59:44,712 [INFO] adapters.audio: 音频 41.3 分钟超出单段上限 2.0 分钟（整段约需 7266 MB 内存）→ 自动分段处理
2026-09-27 07:59:44,745 [INFO] adapters.audio:   段 1/21：0.00~2.00 分钟
2026-09-27 07:59:44,746 [INFO] adapters.audio: DeepFilterNet 调用: E:\WorkBuddy\video-transfer-tools\video_pipeline\tools\df_enhance_cli.py E:\WorkBuddy\video-transfer-tools\video_pipeline\work\current\_dfn_segments\seg001.wav --output-dir E:\WorkBuddy\video-transfer-tools\video_pipeline\work\current\_dfn_segments --log-level error
2026-09-27 07:59:44,746 [INFO] pipeline.runner: RUN E:\WorkBuddy\video-transfer-tools\video_pipeline\.venv\Scripts\python.exe E:\WorkBuddy\video-transfer-tools\video_pipeline\tools\df_enhance_cli.py E:\WorkBuddy\video-transfer-tools\video_pipeline\work\current\_dfn_segments\seg001.wav --output-dir E:\WorkBuddy\video-transfer-tools\video_pipeline\work\current\_dfn_segments --log-level error
2026-09-27 07:59:52,701 [INFO] pipeline.runner: EXIT rc=0 8.0s E:\WorkBuddy\video-transfer-tools\video_pipeline\.venv\Scripts\python.exe
2026-09-27 07:59:52,733 [INFO] adapters.audio:   段 2/21：2.00~4.00 分钟
2026-09-27 07:59:52,734 [INFO] adapters.audio: DeepFilterNet 调用: E:\WorkBuddy\video-transfer-tools\video_pipeline\tools\df_enhance_cli.py E:\WorkBuddy\video-transfer-tools\video_pipeline\work\current\_dfn_segments\seg002.wav --output-dir E:\WorkBuddy\video-transfer-tools\video_pipeline\work\current\_dfn_segments --log-level error
2026-09-27 07:59:52,734 [INFO] pipeline.runner: RUN E:\WorkBuddy\video-transfer-tools\video_pipeline\.venv\Scripts\python.exe E:\WorkBuddy\video-transfer-tools\video_pipeline\tools\df_enhance_cli.py E:\WorkBuddy\video-transfer-tools\video_pipeline\work\current\_dfn_segments\seg002.wav --output-dir E:\WorkBuddy\video-transfer-tools\video_pipeline\work\current\_dfn_segments --log-level error
2026-09-27 08:00:00,270 [INFO] pipeline.runner: EXIT rc=0 7.5s E:\WorkBuddy\video-transfer-tools\video_pipeline\.venv\Scripts\python.exe
2026-09-27 08:00:00,301 [INFO] adapters.audio:   段 3/21：4.00~6.00 分钟
2026-09-27 08:00:00,301 [INFO] adapters.audio: DeepFilterNet 调用: E:\WorkBuddy\video-transfer-tools\video_pipeline\tools\df_enhance_cli.py E:\WorkBuddy\video-transfer-tools\video_pipeline\work\current\_dfn_segments\seg003.wav --output-dir E:\WorkBuddy\video-transfer-tools\video_pipeline\work\current\_dfn_segments --log-level error
2026-09-27 08:00:00,301 [INFO] pipeline.runner: RUN E:\WorkBuddy\video-transfer-tools\video_pipeline\.venv\Scripts\python.exe E:\WorkBuddy\video-transfer-tools\video_pipeline\tools\df_enhance_cli.py E:\WorkBuddy\video-transfer-tools\video_pipeline\work\current\_dfn_segments\seg003.wav --output-dir E:\WorkBuddy\video-transfer-tools\video_pipeline\work\current\_dfn_segments --log-level error
2026-09-27 08:00:07,675 [INFO] pipeline.runner: EXIT rc=0 7.4s E:\WorkBuddy\video-transfer-tools\video_pipeline\.venv\Scripts\python.exe
2026-09-27 08:00:07,700 [INFO] adapters.audio:   段 4/21：6.00~8.00 分钟
2026-09-27 08:00:07,700 [INFO] adapters.audio: DeepFilterNet 调用: E:\WorkBuddy\video-transfer-tools\video_pipeline\tools\df_enhance_cli.py E:\WorkBuddy\video-transfer-tools\video_pipeline\work\current\_dfn_segments\seg004.wav --output-dir E:\WorkBuddy\video-transfer-tools\video_pipeline\work\current\_dfn_segments --log-level error
2026-09-27 08:00:07,700 [INFO] pipeline.runner: RUN E:\WorkBuddy\video-transfer-tools\video_pipeline\.venv\Scripts\python.exe E:\WorkBuddy\video-transfer-tools\video_pipeline\tools\df_enhance_cli.py E:\WorkBuddy\video-transfer-tools\video_pipeline\work\current\_dfn_segments\seg004.wav --output-dir E:\WorkBuddy\video-transfer-tools\video_pipeline\work\current\_dfn_segments --log-level error
2026-09-27 08:00:16,012 [INFO] pipeline.runner: EXIT rc=0 8.3s E:\WorkBuddy\video-transfer-tools\video_pipeline\.venv\Scripts\python.exe
2026-09-27 08:00:16,047 [INFO] adapters.audio:   段 5/21：8.00~10.00 分钟
2026-09-27 08:00:16,048 [INFO] adapters.audio: DeepFilterNet 调用: E:\WorkBuddy\video-transfer-tools\video_pipeline\tools\df_enhance_cli.py E:\WorkBuddy\video-transfer-tools\video_pipeline\work\current\_dfn_segments\seg005.wav --output-dir E:\WorkBuddy\video-transfer-tools\video_pipeline\work\current\_dfn_segments --log-level error
2026-09-27 08:00:16,048 [INFO] pipeline.runner: RUN E:\WorkBuddy\video-transfer-tools\video_pipeline\.venv\Scripts\python.exe E:\WorkBuddy\video-transfer-tools\video_pipeline\tools\df_enhance_cli.py E:\WorkBuddy\video-transfer-tools\video_pipeline\work\current\_dfn_segments\seg005.wav --output-dir E:\WorkBuddy\video-transfer-tools\video_pipeline\work\current\_dfn_segments --log-level error
2026-09-27 08:00:23,577 [INFO] pipeline.runner: EXIT rc=0 7.5s E:\WorkBuddy\video-transfer-tools\video_pipeline\.venv\Scripts\python.exe
2026-09-27 08:00:23,609 [INFO] adapters.audio:   段 6/21：10.00~12.00 分钟
2026-09-27 08:00:23,609 [INFO] adapters.audio: DeepFilterNet 调用: E:\WorkBuddy\video-transfer-tools\video_pipeline\tools\df_enhance_cli.py E:\WorkBuddy\video-transfer-tools\video_pipeline\work\current\_dfn_segments\seg006.wav --output-dir E:\WorkBuddy\video-transfer-tools\video_pipeline\work\current\_dfn_segments --log-level error
2026-09-27 08:00:23,609 [INFO] pipeline.runner: RUN E:\WorkBuddy\video-transfer-tools\video_pipeline\.venv\Scripts\python.exe E:\WorkBuddy\video-transfer-tools\video_pipeline\tools\df_enhance_cli.py E:\WorkBuddy\video-transfer-tools\video_pipeline\work\current\_dfn_segments\seg006.wav --output-dir E:\WorkBuddy\video-transfer-tools\video_pipeline\work\current\_dfn_segments --log-level error
2026-09-27 08:00:31,259 [INFO] pipeline.runner: EXIT rc=0 7.7s E:\WorkBuddy\video-transfer-tools\video_pipeline\.venv\Scripts\python.exe
2026-09-27 08:00:31,291 [INFO] adapters.audio:   段 7/21：12.00~14.00 分钟
2026-09-27 08:00:31,291 [INFO] adapters.audio: DeepFilterNet 调用: E:\WorkBuddy\video-transfer-tools\video_pipeline\tools\df_enhance_cli.py E:\WorkBuddy\video-transfer-tools\video_pipeline\work\current\_dfn_segments\seg007.wav --output-dir E:\WorkBuddy\video-transfer-tools\video_pipeline\work\current\_dfn_segments --log-level error
2026-09-27 08:00:31,291 [INFO] pipeline.runner: RUN E:\WorkBuddy\video-transfer-tools\video_pipeline\.venv\Scripts\python.exe E:\WorkBuddy\video-transfer-tools\video_pipeline\tools\df_enhance_cli.py E:\WorkBuddy\video-transfer-tools\video_pipeline\work\current\_dfn_segments\seg007.wav --output-dir E:\WorkBuddy\video-transfer-tools\video_pipeline\work\current\_dfn_segments --log-level error
2026-09-27 08:00:38,709 [INFO] pipeline.runner: EXIT rc=0 7.4s E:\WorkBuddy\video-transfer-tools\video_pipeline\.venv\Scripts\python.exe
2026-09-27 08:00:38,738 [INFO] adapters.audio:   段 8/21：14.00~16.00 分钟
2026-09-27 08:00:38,738 [INFO] adapters.audio: DeepFilterNet 调用: E:\WorkBuddy\video-transfer-tools\video_pipeline\tools\df_enhance_cli.py E:\WorkBuddy\video-transfer-tools\video_pipeline\work\current\_dfn_segments\seg008.wav --output-dir E:\WorkBuddy\video-transfer-tools\video_pipeline\work\current\_dfn_segments --log-level error
2026-09-27 08:00:38,738 [INFO] pipeline.runner: RUN E:\WorkBuddy\video-transfer-tools\video_pipeline\.venv\Scripts\python.exe E:\WorkBuddy\video-transfer-tools\video_pipeline\tools\df_enhance_cli.py E:\WorkBuddy\video-transfer-tools\video_pipeline\work\current\_dfn_segments\seg008.wav --output-dir E:\WorkBuddy\video-transfer-tools\video_pipeline\work\current\_dfn_segments --log-level error
2026-09-27 08:00:46,316 [INFO] pipeline.runner: EXIT rc=0 7.6s E:\WorkBuddy\video-transfer-tools\video_pipeline\.venv\Scripts\python.exe
2026-09-27 08:00:46,343 [INFO] adapters.audio:   段 9/21：16.00~18.00 分钟
2026-09-27 08:00:46,343 [INFO] adapters.audio: DeepFilterNet 调用: E:\WorkBuddy\video-transfer-tools\video_pipeline\tools\df_enhance_cli.py E:\WorkBuddy\video-transfer-tools\video_pipeline\work\current\_dfn_segments\seg009.wav --output-dir E:\WorkBuddy\video-transfer-tools\video_pipeline\work\current\_dfn_segments --log-level error
2026-09-27 08:00:46,343 [INFO] pipeline.runner: RUN E:\WorkBuddy\video-transfer-tools\video_pipeline\.venv\Scripts\python.exe E:\WorkBuddy\video-transfer-tools\video_pipeline\tools\df_enhance_cli.py E:\WorkBuddy\video-transfer-tools\video_pipeline\work\current\_dfn_segments\seg009.wav --output-dir E:\WorkBuddy\video-transfer-tools\video_pipeline\work\current\_dfn_segments --log-level error
2026-09-27 08:00:53,797 [INFO] pipeline.runner: EXIT rc=0 7.5s E:\WorkBuddy\video-transfer-tools\video_pipeline\.venv\Scripts\python.exe
2026-09-27 08:00:53,826 [INFO] adapters.audio:   段 10/21：18.00~20.00 分钟
2026-09-27 08:00:53,828 [INFO] adapters.audio: DeepFilterNet 调用: E:\WorkBuddy\video-transfer-tools\video_pipeline\tools\df_enhance_cli.py E:\WorkBuddy\video-transfer-tools\video_pipeline\work\current\_dfn_segments\seg010.wav --output-dir E:\WorkBuddy\video-transfer-tools\video_pipeline\work\current\_dfn_segments --log-level error
2026-09-27 08:00:53,828 [INFO] pipeline.runner: RUN E:\WorkBuddy\video-transfer-tools\video_pipeline\.venv\Scripts\python.exe E:\WorkBuddy\video-transfer-tools\video_pipeline\tools\df_enhance_cli.py E:\WorkBuddy\video-transfer-tools\video_pipeline\work\current\_dfn_segments\seg010.wav --output-dir E:\WorkBuddy\video-transfer-tools\video_pipeline\work\current\_dfn_segments --log-level error
2026-09-27 08:01:01,178 [INFO] pipeline.runner: EXIT rc=0 7.4s E:\WorkBuddy\video-transfer-tools\video_pipeline\.venv\Scripts\python.exe
2026-09-27 08:01:01,206 [INFO] adapters.audio:   段 11/21：20.00~22.00 分钟
2026-09-27 08:01:01,206 [INFO] adapters.audio: DeepFilterNet 调用: E:\WorkBuddy\video-transfer-tools\video_pipeline\tools\df_enhance_cli.py E:\WorkBuddy\video-transfer-tools\video_pipeline\work\current\_dfn_segments\seg011.wav --output-dir E:\WorkBuddy\video-transfer-tools\video_pipeline\work\current\_dfn_segments --log-level error
2026-09-27 08:01:01,206 [INFO] pipeline.runner: RUN E:\WorkBuddy\video-transfer-tools\video_pipeline\.venv\Scripts\python.exe E:\WorkBuddy\video-transfer-tools\video_pipeline\tools\df_enhance_cli.py E:\WorkBuddy\video-transfer-tools\video_pipeline\work\current\_dfn_segments\seg011.wav --output-dir E:\WorkBuddy\video-transfer-tools\video_pipeline\work\current\_dfn_segments --log-level error
2026-09-27 08:01:08,083 [INFO] pipeline.runner: EXIT rc=0 6.9s E:\WorkBuddy\video-transfer-tools\video_pipeline\.venv\Scripts\python.exe
2026-09-27 08:01:08,109 [INFO] adapters.audio:   段 12/21：22.00~24.00 分钟
2026-09-27 08:01:08,109 [INFO] adapters.audio: DeepFilterNet 调用: E:\WorkBuddy\video-transfer-tools\video_pipeline\tools\df_enhance_cli.py E:\WorkBuddy\video-transfer-tools\video_pipeline\work\current\_dfn_segments\seg012.wav --output-dir E:\WorkBuddy\video-transfer-tools\video_pipeline\work\current\_dfn_segments --log-level error
2026-09-27 08:01:08,109 [INFO] pipeline.runner: RUN E:\WorkBuddy\video-transfer-tools\video_pipeline\.venv\Scripts\python.exe E:\WorkBuddy\video-transfer-tools\video_pipeline\tools\df_enhance_cli.py E:\WorkBuddy\video-transfer-tools\video_pipeline\work\current\_dfn_segments\seg012.wav --output-dir E:\WorkBuddy\video-transfer-tools\video_pipeline\work\current\_dfn_segments --log-level error
2026-09-27 08:01:15,568 [INFO] pipeline.runner: EXIT rc=0 7.5s E:\WorkBuddy\video-transfer-tools\video_pipeline\.venv\Scripts\python.exe
2026-09-27 08:01:15,595 [INFO] adapters.audio:   段 13/21：24.00~26.00 分钟
2026-09-27 08:01:15,595 [INFO] adapters.audio: DeepFilterNet 调用: E:\WorkBuddy\video-transfer-tools\video_pipeline\tools\df_enhance_cli.py E:\WorkBuddy\video-transfer-tools\video_pipeline\work\current\_dfn_segments\seg013.wav --output-dir E:\WorkBuddy\video-transfer-tools\video_pipeline\work\current\_dfn_segments --log-level error
2026-09-27 08:01:15,596 [INFO] pipeline.runner: RUN E:\WorkBuddy\video-transfer-tools\video_pipeline\.venv\Scripts\python.exe E:\WorkBuddy\video-transfer-tools\video_pipeline\tools\df_enhance_cli.py E:\WorkBuddy\video-transfer-tools\video_pipeline\work\current\_dfn_segments\seg013.wav --output-dir E:\WorkBuddy\video-transfer-tools\video_pipeline\work\current\_dfn_segments --log-level error
2026-09-27 08:01:22,721 [INFO] pipeline.runner: EXIT rc=0 7.1s E:\WorkBuddy\video-transfer-tools\video_pipeline\.venv\Scripts\python.exe
2026-09-27 08:01:22,752 [INFO] adapters.audio:   段 14/21：26.00~28.00 分钟
2026-09-27 08:01:22,752 [INFO] adapters.audio: DeepFilterNet 调用: E:\WorkBuddy\video-transfer-tools\video_pipeline\tools\df_enhance_cli.py E:\WorkBuddy\video-transfer-tools\video_pipeline\work\current\_dfn_segments\seg014.wav --output-dir E:\WorkBuddy\video-transfer-tools\video_pipeline\work\current\_dfn_segments --log-level error
2026-09-27 08:01:22,752 [INFO] pipeline.runner: RUN E:\WorkBuddy\video-transfer-tools\video_pipeline\.venv\Scripts\python.exe E:\WorkBuddy\video-transfer-tools\video_pipeline\tools\df_enhance_cli.py E:\WorkBuddy\video-transfer-tools\video_pipeline\work\current\_dfn_segments\seg014.wav --output-dir E:\WorkBuddy\video-transfer-tools\video_pipeline\work\current\_dfn_segments --log-level error
2026-09-27 08:01:29,670 [INFO] pipeline.runner: EXIT rc=0 6.9s E:\WorkBuddy\video-transfer-tools\video_pipeline\.venv\Scripts\python.exe
2026-09-27 08:01:29,701 [INFO] adapters.audio:   段 15/21：28.00~30.00 分钟
2026-09-27 08:01:29,702 [INFO] adapters.audio: DeepFilterNet 调用: E:\WorkBuddy\video-transfer-tools\video_pipeline\tools\df_enhance_cli.py E:\WorkBuddy\video-transfer-tools\video_pipeline\work\current\_dfn_segments\seg015.wav --output-dir E:\WorkBuddy\video-transfer-tools\video_pipeline\work\current\_dfn_segments --log-level error
2026-09-27 08:01:29,702 [INFO] pipeline.runner: RUN E:\WorkBuddy\video-transfer-tools\video_pipeline\.venv\Scripts\python.exe E:\WorkBuddy\video-transfer-tools\video_pipeline\tools\df_enhance_cli.py E:\WorkBuddy\video-transfer-tools\video_pipeline\work\current\_dfn_segments\seg015.wav --output-dir E:\WorkBuddy\video-transfer-tools\video_pipeline\work\current\_dfn_segments --log-level error
2026-09-27 08:01:36,726 [INFO] pipeline.runner: EXIT rc=0 7.0s E:\WorkBuddy\video-transfer-tools\video_pipeline\.venv\Scripts\python.exe
2026-09-27 08:01:36,753 [INFO] adapters.audio:   段 16/21：30.00~32.00 分钟
2026-09-27 08:01:36,753 [INFO] adapters.audio: DeepFilterNet 调用: E:\WorkBuddy\video-transfer-tools\video_pipeline\tools\df_enhance_cli.py E:\WorkBuddy\video-transfer-tools\video_pipeline\work\current\_dfn_segments\seg016.wav --output-dir E:\WorkBuddy\video-transfer-tools\video_pipeline\work\current\_dfn_segments --log-level error
2026-09-27 08:01:36,753 [INFO] pipeline.runner: RUN E:\WorkBuddy\video-transfer-tools\video_pipeline\.venv\Scripts\python.exe E:\WorkBuddy\video-transfer-tools\video_pipeline\tools\df_enhance_cli.py E:\WorkBuddy\video-transfer-tools\video_pipeline\work\current\_dfn_segments\seg016.wav --output-dir E:\WorkBuddy\video-transfer-tools\video_pipeline\work\current\_dfn_segments --log-level error
2026-09-27 08:01:43,881 [INFO] pipeline.runner: EXIT rc=0 7.1s E:\WorkBuddy\video-transfer-tools\video_pipeline\.venv\Scripts\python.exe
2026-09-27 08:01:43,909 [INFO] adapters.audio:   段 17/21：32.00~34.00 分钟
2026-09-27 08:01:43,909 [INFO] adapters.audio: DeepFilterNet 调用: E:\WorkBuddy\video-transfer-tools\video_pipeline\tools\df_enhance_cli.py E:\WorkBuddy\video-transfer-tools\video_pipeline\work\current\_dfn_segments\seg017.wav --output-dir E:\WorkBuddy\video-transfer-tools\video_pipeline\work\current\_dfn_segments --log-level error
2026-09-27 08:01:43,909 [INFO] pipeline.runner: RUN E:\WorkBuddy\video-transfer-tools\video_pipeline\.venv\Scripts\python.exe E:\WorkBuddy\video-transfer-tools\video_pipeline\tools\df_enhance_cli.py E:\WorkBuddy\video-transfer-tools\video_pipeline\work\current\_dfn_segments\seg017.wav --output-dir E:\WorkBuddy\video-transfer-tools\video_pipeline\work\current\_dfn_segments --log-level error
2026-09-27 08:01:51,135 [INFO] pipeline.runner: EXIT rc=0 7.2s E:\WorkBuddy\video-transfer-tools\video_pipeline\.venv\Scripts\python.exe
2026-09-27 08:01:51,160 [INFO] adapters.audio:   段 18/21：34.00~36.00 分钟
2026-09-27 08:01:51,160 [INFO] adapters.audio: DeepFilterNet 调用: E:\WorkBuddy\video-transfer-tools\video_pipeline\tools\df_enhance_cli.py E:\WorkBuddy\video-transfer-tools\video_pipeline\work\current\_dfn_segments\seg018.wav --output-dir E:\WorkBuddy\video-transfer-tools\video_pipeline\work\current\_dfn_segments --log-level error
2026-09-27 08:01:51,160 [INFO] pipeline.runner: RUN E:\WorkBuddy\video-transfer-tools\video_pipeline\.venv\Scripts\python.exe E:\WorkBuddy\video-transfer-tools\video_pipeline\tools\df_enhance_cli.py E:\WorkBuddy\video-transfer-tools\video_pipeline\work\current\_dfn_segments\seg018.wav --output-dir E:\WorkBuddy\video-transfer-tools\video_pipeline\work\current\_dfn_segments --log-level error
2026-09-27 08:01:58,617 [INFO] pipeline.runner: EXIT rc=0 7.5s E:\WorkBuddy\video-transfer-tools\video_pipeline\.venv\Scripts\python.exe
2026-09-27 08:01:58,649 [INFO] adapters.audio:   段 19/21：36.00~38.00 分钟
2026-09-27 08:01:58,649 [INFO] adapters.audio: DeepFilterNet 调用: E:\WorkBuddy\video-transfer-tools\video_pipeline\tools\df_enhance_cli.py E:\WorkBuddy\video-transfer-tools\video_pipeline\work\current\_dfn_segments\seg019.wav --output-dir E:\WorkBuddy\video-transfer-tools\video_pipeline\work\current\_dfn_segments --log-level error
2026-09-27 08:01:58,649 [INFO] pipeline.runner: RUN E:\WorkBuddy\video-transfer-tools\video_pipeline\.venv\Scripts\python.exe E:\WorkBuddy\video-transfer-tools\video_pipeline\tools\df_enhance_cli.py E:\WorkBuddy\video-transfer-tools\video_pipeline\work\current\_dfn_segments\seg019.wav --output-dir E:\WorkBuddy\video-transfer-tools\video_pipeline\work\current\_dfn_segments --log-level error
2026-09-27 08:02:05,605 [INFO] pipeline.runner: EXIT rc=0 7.0s E:\WorkBuddy\video-transfer-tools\video_pipeline\.venv\Scripts\python.exe
2026-09-27 08:02:05,634 [INFO] adapters.audio:   段 20/21：38.00~40.00 分钟
2026-09-27 08:02:05,634 [INFO] adapters.audio: DeepFilterNet 调用: E:\WorkBuddy\video-transfer-tools\video_pipeline\tools\df_enhance_cli.py E:\WorkBuddy\video-transfer-tools\video_pipeline\work\current\_dfn_segments\seg020.wav --output-dir E:\WorkBuddy\video-transfer-tools\video_pipeline\work\current\_dfn_segments --log-level error
2026-09-27 08:02:05,634 [INFO] pipeline.runner: RUN E:\WorkBuddy\video-transfer-tools\video_pipeline\.venv\Scripts\python.exe E:\WorkBuddy\video-transfer-tools\video_pipeline\tools\df_enhance_cli.py E:\WorkBuddy\video-transfer-tools\video_pipeline\work\current\_dfn_segments\seg020.wav --output-dir E:\WorkBuddy\video-transfer-tools\video_pipeline\work\current\_dfn_segments --log-level error
2026-09-27 08:02:12,458 [INFO] pipeline.runner: EXIT rc=0 6.8s E:\WorkBuddy\video-transfer-tools\video_pipeline\.venv\Scripts\python.exe
2026-09-27 08:02:12,477 [INFO] adapters.audio:   段 21/21：40.00~41.33 分钟
2026-09-27 08:02:12,477 [INFO] adapters.audio: DeepFilterNet 调用: E:\WorkBuddy\video-transfer-tools\video_pipeline\tools\df_enhance_cli.py E:\WorkBuddy\video-transfer-tools\video_pipeline\work\current\_dfn_segments\seg021.wav --output-dir E:\WorkBuddy\video-transfer-tools\video_pipeline\work\current\_dfn_segments --log-level error
2026-09-27 08:02:12,477 [INFO] pipeline.runner: RUN E:\WorkBuddy\video-transfer-tools\video_pipeline\.venv\Scripts\python.exe E:\WorkBuddy\video-transfer-tools\video_pipeline\tools\df_enhance_cli.py E:\WorkBuddy\video-transfer-tools\video_pipeline\work\current\_dfn_segments\seg021.wav --output-dir E:\WorkBuddy\video-transfer-tools\video_pipeline\work\current\_dfn_segments --log-level error
2026-09-27 08:02:17,640 [INFO] pipeline.runner: EXIT rc=0 5.2s E:\WorkBuddy\video-transfer-tools\video_pipeline\.venv\Scripts\python.exe
2026-09-27 08:02:18,401 [INFO] adapters.audio: 分段拼接完成 → audio_clean.wav（21 段，41.33 分钟）
2026-09-27 08:02:18,457 [INFO] pipeline.job.6: 删除临时文件 audio.wav (227.05 MB)
2026-09-27 08:02:18,459 [INFO] pipeline.job.6: REPAIR_AUDIO 完成 → audio_clean.wav
2026-09-27 08:02:18,459 [INFO] pipeline.runner: RUN ffprobe -v error -print_format json -show_format -show_streams E:\WorkBuddy\video-transfer-tools\video_pipeline\work\current\video_ai.mp4
2026-09-27 08:02:18,550 [INFO] pipeline.runner: EXIT rc=0 0.1s ffprobe
2026-09-27 08:02:18,567 [INFO] adapters.ffmpeg: 尝试编码后端 hevc_qsv (qsv)
2026-09-27 08:02:18,567 [INFO] pipeline.runner: RUN ffmpeg -y -i E:\WorkBuddy\video-transfer-tools\video_pipeline\work\current\video_ai.mp4 -c:v hevc_qsv -preset medium -global_quality 23 -c:a aac -b:a 320k -ar 48000 -movflags +faststart E:\WorkBuddy\video-transfer-tools\video_pipeline\work\current\transcoded.mp4
2026-09-27 08:04:03,289 [INFO] pipeline.runner: EXIT rc=0 104.7s ffmpeg
2026-09-27 08:04:03,292 [INFO] pipeline.job.6: TRANSCODE 完成 → transcoded.mp4
2026-09-27 08:04:03,300 [INFO] pipeline.job.6: 删除临时文件 video_ai.mp4 (95.63 MB)
2026-09-27 08:04:03,301 [INFO] pipeline.runner: RUN ffmpeg -y -i E:\WorkBuddy\video-transfer-tools\video_pipeline\work\current\transcoded.mp4 -i E:\WorkBuddy\video-transfer-tools\video_pipeline\work\current\audio_clean.wav -map 0:v:0 -map 1:a:0 -c:v copy -c:a aac -b:a 320k -ar 48000 -shortest -movflags +faststart -f mp4 E:\WorkBuddy\video-transfer-tools\video_pipeline\output\课程\录像03.mp4.partial
2026-09-27 08:06:10,733 [INFO] pipeline.runner: EXIT rc=0 127.4s ffmpeg
2026-09-27 08:06:10,757 [INFO] pipeline.job.6: 删除临时文件 audio_clean.wav (227.05 MB)
2026-09-27 08:06:10,760 [INFO] pipeline.runner: RUN ffprobe -v error -print_format json -show_format -show_streams E:\WorkBuddy\video-transfer-tools\video_pipeline\output\课程\录像03.mp4.partial
2026-09-27 08:06:10,786 [INFO] pipeline.runner: EXIT rc=0 0.0s ffprobe
2026-09-27 08:06:10,788 [INFO] pipeline.job.6: VERIFY 通过 → E:\WorkBuddy\video-transfer-tools\video_pipeline\output\课程\录像03.mp4
2026-09-27 08:06:10,794 [INFO] pipeline.job.6: === 完成 → E:\WorkBuddy\video-transfer-tools\video_pipeline\output\课程\录像03.mp4 ===
2026-09-27 08:06:10,796 [INFO] pipeline.job.10: === 开始处理 E:\WorkBuddy\video-transfer-tools\video_pipeline\input\课程\录像04.wmv ===
2026-09-27 08:06:10,798 [INFO] pipeline.runner: RUN ffprobe -v error -print_format json -show_format -show_streams E:\WorkBuddy\video-transfer-tools\video_pipeline\input\课程\录像04.wmv
2026-09-27 08:06:10,815 [INFO] pipeline.runner: EXIT rc=0 0.0s ffprobe
2026-09-27 08:06:10,817 [INFO] pipeline.job.10: VALIDATING 完成 profile=legacy
2026-09-27 08:06:10,818 [INFO] pipeline.job.10: 自动档位：2x（仅超分） —— 超预算：完整修复约 6.6h > 4.0h，退回 2x（约快 9 倍）
2026-09-27 08:06:10,818 [INFO] pipeline.job.10: 耗时预估：完整档 6.60h / 快速档 0.68h / 单文件预算 4.00h
2026-09-27 08:06:10,818 [INFO] pipeline.job.10: RVE 参数：超分 2x，压缩修复 关，timeout 4.0h
2026-09-27 08:06:10,819 [INFO] adapters.rve: RVE 调用: E:\WorkBuddy\video-transfer-tools\video_pipeline\tools\backend\rve-backend.py -i E:\WorkBuddy\video-transfer-tools\video_pipeline\input\课程\录像04.wmv -o E:\WorkBuddy\video-transfer-tools\video_pipeline\work\current\video_ai.mp4 --upscale_model E:\WorkBuddy\video-transfer-tools\video_pipeline\tools\models\2x_OpenProteus_Compact_i2_70K.pth --device cuda --backend pytorch --precision auto --pytorch_gpu_id 0 --tilesize 0 --ffmpeg_path E:\WorkBuddy\video-transfer-tools\video_pipeline\.tools\ffmpeg\ffmpeg.exe --overwrite --crf 16 --video_encoder_preset libx264 --audio_encoder_preset aac
2026-09-27 08:06:10,819 [INFO] pipeline.runner: RUN E:\WorkBuddy\video-transfer-tools\video_pipeline\.venv-rve\Scripts\python.exe E:\WorkBuddy\video-transfer-tools\video_pipeline\tools\backend\rve-backend.py -i E:\WorkBuddy\video-transfer-tools\video_pipeline\input\课程\录像04.wmv -o E:\WorkBuddy\video-transfer-tools\video_pipeline\work\current\video_ai.mp4 --upscale_model E:\WorkBuddy\video-transfer-tools\video_pipeline\tools\models\2x_OpenProteus_Compact_i2_70K.pth --device cuda --backend pytorch --precision auto --pytorch_gpu_id 0 --tilesize 0 --ffmpeg_path E:\WorkBuddy\video-transfer-tools\video_pipeline\.tools\ffmpeg\ffmpeg.exe --overwrite --crf 16 --video_encoder_preset libx264 --audio_encoder_preset aac
2026-09-27 08:24:37,958 [INFO] pipeline.runner: EXIT rc=1 1107.1s E:\WorkBuddy\video-transfer-tools\video_pipeline\.venv-rve\Scripts\python.exe
2026-09-27 08:24:37,958 [ERROR] pipeline.job.10: 任务失败: 命令失败 rc=1: E:\WorkBuddy\video-transfer-tools\video_pipeline\.venv-rve\Scripts\python.exe
2026-09-27 08:24:37,963 [WARNING] pipeline.job.10: 进入 RETRY_PENDING (第 1 次)
2026-09-27 08:24:37,964 [INFO] pipeline.job.10: === 开始处理 E:\WorkBuddy\video-transfer-tools\video_pipeline\input\课程\录像04.wmv ===
2026-09-27 08:24:37,967 [INFO] pipeline.job.10: 自动档位：2x（仅超分） —— 超预算：完整修复约 6.6h > 4.0h，退回 2x（约快 9 倍）
2026-09-27 08:24:37,967 [INFO] pipeline.job.10: 耗时预估：完整档 6.60h / 快速档 0.68h / 单文件预算 4.00h
2026-09-27 08:24:37,969 [INFO] pipeline.job.10: RVE 参数：超分 2x，压缩修复 关，timeout 4.0h
2026-09-27 08:24:37,969 [INFO] adapters.rve: RVE 调用: E:\WorkBuddy\video-transfer-tools\video_pipeline\tools\backend\rve-backend.py -i E:\WorkBuddy\video-transfer-tools\video_pipeline\input\课程\录像04.wmv -o E:\WorkBuddy\video-transfer-tools\video_pipeline\work\current\video_ai.mp4 --upscale_model E:\WorkBuddy\video-transfer-tools\video_pipeline\tools\models\2x_OpenProteus_Compact_i2_70K.pth --device cuda --backend pytorch --precision auto --pytorch_gpu_id 0 --tilesize 0 --ffmpeg_path E:\WorkBuddy\video-transfer-tools\video_pipeline\.tools\ffmpeg\ffmpeg.exe --overwrite --crf 16 --video_encoder_preset libx264 --audio_encoder_preset aac
2026-09-27 08:24:37,970 [ERROR] pipeline.scheduler: 任务 10 未预期异常
Traceback (most recent call last):
  File "E:\WorkBuddy\video-transfer-tools\video_pipeline\pipeline\scheduler.py", line 120, in run
    self._process_job(job)
  File "E:\WorkBuddy\video-transfer-tools\video_pipeline\pipeline\scheduler.py", line 214, in _process_job
    self._stage_repair_video(job, info, profile, video_ai, log_file, jlog)
  File "E:\WorkBuddy\video-transfer-tools\video_pipeline\pipeline\scheduler.py", line 296, in _stage_repair_video
    self.video_ai.enhance(Path(job.source_path), video_ai,
  File "E:\WorkBuddy\video-transfer-tools\video_pipeline\adapters\real_video_enhancer.py", line 159, in enhance
    dst.unlink()  # RVE 自身也校验 --overwrite，这里先清干净
    ^^^^^^^^^^^^
  File "D:\anaconda\Lib\pathlib.py", line 1147, in unlink
    os.unlink(self)
PermissionError: [WinError 32] 另一个程序正在使用此文件，进程无法访问。: 'E:\\WorkBuddy\\video-transfer-tools\\video_pipeline\\work\\current\\video_ai.mp4'
2026-09-27 08:24:37,987 [ERROR] pipeline.job.10: 任务失败: [WinError 32] 另一个程序正在使用此文件，进程无法访问。: 'E:\\WorkBuddy\\video-transfer-tools\\video_pipeline\\work\\current\\video_ai.mp4'
2026-09-27 08:24:37,988 [WARNING] pipeline.job.10: 隔离失败文件时出错: [WinError 32] 另一个程序正在使用此文件，进程无法访问。: 'E:\\WorkBuddy\\video-transfer-tools\\video_pipeline\\work\\current\\video_ai.mp4' -> 'E:\\WorkBuddy\\video-transfer-tools\\video_pipeline\\failed\\job_0010\\video_ai.mp4'
2026-09-27 08:24:37,990 [ERROR] pipeline.job.10: FAILED_FINAL
2026-09-27 08:24:37,991 [INFO] pipeline.job.11: === 开始处理 E:\WorkBuddy\video-transfer-tools\video_pipeline\input\课程\录像05.wmv ===
2026-09-27 08:24:37,992 [INFO] pipeline.runner: RUN ffprobe -v error -print_format json -show_format -show_streams E:\WorkBuddy\video-transfer-tools\video_pipeline\input\课程\录像05.wmv
2026-09-27 08:24:39,023 [INFO] pipeline.runner: EXIT rc=0 1.0s ffprobe
2026-09-27 08:24:39,025 [INFO] pipeline.job.11: VALIDATING 完成 profile=legacy
2026-09-27 08:24:39,026 [INFO] pipeline.job.11: 自动档位：2x（仅超分） —— 超预算：完整修复约 5.0h > 4.0h，退回 2x（约快 9 倍）
2026-09-27 08:24:39,026 [INFO] pipeline.job.11: 耗时预估：完整档 4.97h / 快速档 0.51h / 单文件预算 4.00h
2026-09-27 08:24:39,028 [INFO] pipeline.job.11: RVE 参数：超分 2x，压缩修复 关，timeout 4.0h
2026-09-27 08:24:39,028 [INFO] adapters.rve: RVE 调用: E:\WorkBuddy\video-transfer-tools\video_pipeline\tools\backend\rve-backend.py -i E:\WorkBuddy\video-transfer-tools\video_pipeline\input\课程\录像05.wmv -o E:\WorkBuddy\video-transfer-tools\video_pipeline\work\current\video_ai.mp4 --upscale_model E:\WorkBuddy\video-transfer-tools\video_pipeline\tools\models\2x_OpenProteus_Compact_i2_70K.pth --device cuda --backend pytorch --precision auto --pytorch_gpu_id 0 --tilesize 0 --ffmpeg_path E:\WorkBuddy\video-transfer-tools\video_pipeline\.tools\ffmpeg\ffmpeg.exe --overwrite --crf 16 --video_encoder_preset libx264 --audio_encoder_preset aac
2026-09-27 08:24:39,029 [ERROR] pipeline.scheduler: 任务 11 未预期异常
Traceback (most recent call last):
  File "E:\WorkBuddy\video-transfer-tools\video_pipeline\pipeline\scheduler.py", line 120, in run
    self._process_job(job)
  File "E:\WorkBuddy\video-transfer-tools\video_pipeline\pipeline\scheduler.py", line 214, in _process_job
    self._stage_repair_video(job, info, profile, video_ai, log_file, jlog)
  File "E:\WorkBuddy\video-transfer-tools\video_pipeline\pipeline\scheduler.py", line 296, in _stage_repair_video
    self.video_ai.enhance(Path(job.source_path), video_ai,
  File "E:\WorkBuddy\video-transfer-tools\video_pipeline\adapters\real_video_enhancer.py", line 159, in enhance
    dst.unlink()  # RVE 自身也校验 --overwrite，这里先清干净
    ^^^^^^^^^^^^
  File "D:\anaconda\Lib\pathlib.py", line 1147, in unlink
    os.unlink(self)
PermissionError: [WinError 32] 另一个程序正在使用此文件，进程无法访问。: 'E:\\WorkBuddy\\video-transfer-tools\\video_pipeline\\work\\current\\video_ai.mp4'
2026-09-27 08:24:39,031 [ERROR] pipeline.job.11: 任务失败: [WinError 32] 另一个程序正在使用此文件，进程无法访问。: 'E:\\WorkBuddy\\video-transfer-tools\\video_pipeline\\work\\current\\video_ai.mp4'
2026-09-27 08:24:39,034 [WARNING] pipeline.job.11: 进入 RETRY_PENDING (第 1 次)
2026-09-27 08:24:39,034 [INFO] pipeline.job.11: === 开始处理 E:\WorkBuddy\video-transfer-tools\video_pipeline\input\课程\录像05.wmv ===
2026-09-27 08:24:39,037 [INFO] pipeline.job.11: 自动档位：2x（仅超分） —— 超预算：完整修复约 5.0h > 4.0h，退回 2x（约快 9 倍）
2026-09-27 08:24:39,037 [INFO] pipeline.job.11: 耗时预估：完整档 4.97h / 快速档 0.51h / 单文件预算 4.00h
2026-09-27 08:24:39,037 [INFO] pipeline.job.11: RVE 参数：超分 2x，压缩修复 关，timeout 4.0h
2026-09-27 08:24:39,038 [INFO] adapters.rve: RVE 调用: E:\WorkBuddy\video-transfer-tools\video_pipeline\tools\backend\rve-backend.py -i E:\WorkBuddy\video-transfer-tools\video_pipeline\input\课程\录像05.wmv -o E:\WorkBuddy\video-transfer-tools\video_pipeline\work\current\video_ai.mp4 --upscale_model E:\WorkBuddy\video-transfer-tools\video_pipeline\tools\models\2x_OpenProteus_Compact_i2_70K.pth --device cuda --backend pytorch --precision auto --pytorch_gpu_id 0 --tilesize 0 --ffmpeg_path E:\WorkBuddy\video-transfer-tools\video_pipeline\.tools\ffmpeg\ffmpeg.exe --overwrite --crf 16 --video_encoder_preset libx264 --audio_encoder_preset aac
2026-09-27 08:24:39,038 [ERROR] pipeline.scheduler: 任务 11 未预期异常
Traceback (most recent call last):
  File "E:\WorkBuddy\video-transfer-tools\video_pipeline\pipeline\scheduler.py", line 120, in run
    self._process_job(job)
  File "E:\WorkBuddy\video-transfer-tools\video_pipeline\pipeline\scheduler.py", line 214, in _process_job
    self._stage_repair_video(job, info, profile, video_ai, log_file, jlog)
  File "E:\WorkBuddy\video-transfer-tools\video_pipeline\pipeline\scheduler.py", line 296, in _stage_repair_video
    self.video_ai.enhance(Path(job.source_path), video_ai,
  File "E:\WorkBuddy\video-transfer-tools\video_pipeline\adapters\real_video_enhancer.py", line 159, in enhance
    dst.unlink()  # RVE 自身也校验 --overwrite，这里先清干净
    ^^^^^^^^^^^^
  File "D:\anaconda\Lib\pathlib.py", line 1147, in unlink
    os.unlink(self)
PermissionError: [WinError 32] 另一个程序正在使用此文件，进程无法访问。: 'E:\\WorkBuddy\\video-transfer-tools\\video_pipeline\\work\\current\\video_ai.mp4'
2026-09-27 08:24:39,039 [ERROR] pipeline.job.11: 任务失败: [WinError 32] 另一个程序正在使用此文件，进程无法访问。: 'E:\\WorkBuddy\\video-transfer-tools\\video_pipeline\\work\\current\\video_ai.mp4'
2026-09-27 08:24:39,040 [WARNING] pipeline.job.11: 隔离失败文件时出错: [WinError 32] 另一个程序正在使用此文件，进程无法访问。: 'E:\\WorkBuddy\\video-transfer-tools\\video_pipeline\\work\\current\\video_ai.mp4' -> 'E:\\WorkBuddy\\video-transfer-tools\\video_pipeline\\failed\\job_0011\\video_ai.mp4'
2026-09-27 08:24:39,041 [ERROR] pipeline.job.11: FAILED_FINAL
2026-09-27 08:24:39,042 [INFO] pipeline.job.12: === 开始处理 E:\WorkBuddy\video-transfer-tools\video_pipeline\input\课程\录像06.wmv ===
2026-09-27 08:24:39,046 [INFO] pipeline.runner: RUN ffprobe -v error -print_format json -show_format -show_streams E:\WorkBuddy\video-transfer-tools\video_pipeline\input\课程\录像06.wmv
2026-09-27 08:24:39,073 [INFO] pipeline.runner: EXIT rc=0 0.0s ffprobe
2026-09-27 08:24:39,074 [INFO] pipeline.job.12: VALIDATING 完成 profile=legacy
2026-09-27 08:24:39,076 [INFO] pipeline.job.12: 自动档位：2x（仅超分） —— 超预算：完整修复约 4.8h > 4.0h，退回 2x（约快 9 倍）
2026-09-27 08:24:39,076 [INFO] pipeline.job.12: 耗时预估：完整档 4.80h / 快速档 0.50h / 单文件预算 4.00h
2026-09-27 08:24:39,076 [INFO] pipeline.job.12: RVE 参数：超分 2x，压缩修复 关，timeout 4.0h
2026-09-27 08:24:39,079 [INFO] adapters.rve: RVE 调用: E:\WorkBuddy\video-transfer-tools\video_pipeline\tools\backend\rve-backend.py -i E:\WorkBuddy\video-transfer-tools\video_pipeline\input\课程\录像06.wmv -o E:\WorkBuddy\video-transfer-tools\video_pipeline\work\current\video_ai.mp4 --upscale_model E:\WorkBuddy\video-transfer-tools\video_pipeline\tools\models\2x_OpenProteus_Compact_i2_70K.pth --device cuda --backend pytorch --precision auto --pytorch_gpu_id 0 --tilesize 0 --ffmpeg_path E:\WorkBuddy\video-transfer-tools\video_pipeline\.tools\ffmpeg\ffmpeg.exe --overwrite --crf 16 --video_encoder_preset libx264 --audio_encoder_preset aac
2026-09-27 08:24:39,079 [ERROR] pipeline.scheduler: 任务 12 未预期异常
Traceback (most recent call last):
  File "E:\WorkBuddy\video-transfer-tools\video_pipeline\pipeline\scheduler.py", line 120, in run
    self._process_job(job)
  File "E:\WorkBuddy\video-transfer-tools\video_pipeline\pipeline\scheduler.py", line 214, in _process_job
    self._stage_repair_video(job, info, profile, video_ai, log_file, jlog)
  File "E:\WorkBuddy\video-transfer-tools\video_pipeline\pipeline\scheduler.py", line 296, in _stage_repair_video
    self.video_ai.enhance(Path(job.source_path), video_ai,
  File "E:\WorkBuddy\video-transfer-tools\video_pipeline\adapters\real_video_enhancer.py", line 159, in enhance
    dst.unlink()  # RVE 自身也校验 --overwrite，这里先清干净
    ^^^^^^^^^^^^
  File "D:\anaconda\Lib\pathlib.py", line 1147, in unlink
    os.unlink(self)
PermissionError: [WinError 32] 另一个程序正在使用此文件，进程无法访问。: 'E:\\WorkBuddy\\video-transfer-tools\\video_pipeline\\work\\current\\video_ai.mp4'
2026-09-27 08:24:39,081 [ERROR] pipeline.job.12: 任务失败: [WinError 32] 另一个程序正在使用此文件，进程无法访问。: 'E:\\WorkBuddy\\video-transfer-tools\\video_pipeline\\work\\current\\video_ai.mp4'
2026-09-27 08:24:39,084 [WARNING] pipeline.job.12: 进入 RETRY_PENDING (第 1 次)
2026-09-27 08:24:39,086 [INFO] pipeline.job.12: === 开始处理 E:\WorkBuddy\video-transfer-tools\video_pipeline\input\课程\录像06.wmv ===
2026-09-27 08:24:39,087 [INFO] pipeline.job.12: 自动档位：2x（仅超分） —— 超预算：完整修复约 4.8h > 4.0h，退回 2x（约快 9 倍）
2026-09-27 08:24:39,088 [INFO] pipeline.job.12: 耗时预估：完整档 4.80h / 快速档 0.50h / 单文件预算 4.00h
2026-09-27 08:24:39,088 [INFO] pipeline.job.12: RVE 参数：超分 2x，压缩修复 关，timeout 4.0h
2026-09-27 08:24:39,090 [INFO] adapters.rve: RVE 调用: E:\WorkBuddy\video-transfer-tools\video_pipeline\tools\backend\rve-backend.py -i E:\WorkBuddy\video-transfer-tools\video_pipeline\input\课程\录像06.wmv -o E:\WorkBuddy\video-transfer-tools\video_pipeline\work\current\video_ai.mp4 --upscale_model E:\WorkBuddy\video-transfer-tools\video_pipeline\tools\models\2x_OpenProteus_Compact_i2_70K.pth --device cuda --backend pytorch --precision auto --pytorch_gpu_id 0 --tilesize 0 --ffmpeg_path E:\WorkBuddy\video-transfer-tools\video_pipeline\.tools\ffmpeg\ffmpeg.exe --overwrite --crf 16 --video_encoder_preset libx264 --audio_encoder_preset aac
2026-09-27 08:24:39,090 [ERROR] pipeline.scheduler: 任务 12 未预期异常
Traceback (most recent call last):
  File "E:\WorkBuddy\video-transfer-tools\video_pipeline\pipeline\scheduler.py", line 120, in run
    self._process_job(job)
  File "E:\WorkBuddy\video-transfer-tools\video_pipeline\pipeline\scheduler.py", line 214, in _process_job
    self._stage_repair_video(job, info, profile, video_ai, log_file, jlog)
  File "E:\WorkBuddy\video-transfer-tools\video_pipeline\pipeline\scheduler.py", line 296, in _stage_repair_video
    self.video_ai.enhance(Path(job.source_path), video_ai,
  File "E:\WorkBuddy\video-transfer-tools\video_pipeline\adapters\real_video_enhancer.py", line 159, in enhance
    dst.unlink()  # RVE 自身也校验 --overwrite，这里先清干净
    ^^^^^^^^^^^^
  File "D:\anaconda\Lib\pathlib.py", line 1147, in unlink
    os.unlink(self)
PermissionError: [WinError 32] 另一个程序正在使用此文件，进程无法访问。: 'E:\\WorkBuddy\\video-transfer-tools\\video_pipeline\\work\\current\\video_ai.mp4'
2026-09-27 08:24:39,091 [ERROR] pipeline.job.12: 任务失败: [WinError 32] 另一个程序正在使用此文件，进程无法访问。: 'E:\\WorkBuddy\\video-transfer-tools\\video_pipeline\\work\\current\\video_ai.mp4'
2026-09-27 08:24:39,091 [WARNING] pipeline.job.12: 隔离失败文件时出错: [WinError 32] 另一个程序正在使用此文件，进程无法访问。: 'E:\\WorkBuddy\\video-transfer-tools\\video_pipeline\\work\\current\\video_ai.mp4' -> 'E:\\WorkBuddy\\video-transfer-tools\\video_pipeline\\failed\\job_0012\\video_ai.mp4'
2026-09-27 08:24:39,093 [ERROR] pipeline.job.12: FAILED_FINAL
2026-09-27 08:24:39,094 [INFO] pipeline.job.13: === 开始处理 E:\WorkBuddy\video-transfer-tools\video_pipeline\input\课程\录像07.wmv ===
2026-09-27 08:24:39,096 [INFO] pipeline.runner: RUN ffprobe -v error -print_format json -show_format -show_streams E:\WorkBuddy\video-transfer-tools\video_pipeline\input\课程\录像07.wmv
2026-09-27 08:24:39,121 [INFO] pipeline.runner: EXIT rc=0 0.0s ffprobe
2026-09-27 08:24:39,124 [INFO] pipeline.job.13: VALIDATING 完成 profile=legacy
2026-09-27 08:24:39,126 [INFO] pipeline.job.13: 自动档位：2x（仅超分） —— 超预算：完整修复约 7.2h > 4.0h，退回 2x（约快 9 倍）
2026-09-27 08:24:39,126 [INFO] pipeline.job.13: 耗时预估：完整档 7.16h / 快速档 0.74h / 单文件预算 4.00h
2026-09-27 08:24:39,128 [INFO] pipeline.job.13: RVE 参数：超分 2x，压缩修复 关，timeout 4.0h
2026-09-27 08:24:39,128 [INFO] adapters.rve: RVE 调用: E:\WorkBuddy\video-transfer-tools\video_pipeline\tools\backend\rve-backend.py -i E:\WorkBuddy\video-transfer-tools\video_pipeline\input\课程\录像07.wmv -o E:\WorkBuddy\video-transfer-tools\video_pipeline\work\current\video_ai.mp4 --upscale_model E:\WorkBuddy\video-transfer-tools\video_pipeline\tools\models\2x_OpenProteus_Compact_i2_70K.pth --device cuda --backend pytorch --precision auto --pytorch_gpu_id 0 --tilesize 0 --ffmpeg_path E:\WorkBuddy\video-transfer-tools\video_pipeline\.tools\ffmpeg\ffmpeg.exe --overwrite --crf 16 --video_encoder_preset libx264 --audio_encoder_preset aac
2026-09-27 08:24:39,128 [ERROR] pipeline.scheduler: 任务 13 未预期异常
Traceback (most recent call last):
  File "E:\WorkBuddy\video-transfer-tools\video_pipeline\pipeline\scheduler.py", line 120, in run
    self._process_job(job)
  File "E:\WorkBuddy\video-transfer-tools\video_pipeline\pipeline\scheduler.py", line 214, in _process_job
    self._stage_repair_video(job, info, profile, video_ai, log_file, jlog)
  File "E:\WorkBuddy\video-transfer-tools\video_pipeline\pipeline\scheduler.py", line 296, in _stage_repair_video
    self.video_ai.enhance(Path(job.source_path), video_ai,
  File "E:\WorkBuddy\video-transfer-tools\video_pipeline\adapters\real_video_enhancer.py", line 159, in enhance
    dst.unlink()  # RVE 自身也校验 --overwrite，这里先清干净
    ^^^^^^^^^^^^
  File "D:\anaconda\Lib\pathlib.py", line 1147, in unlink
    os.unlink(self)
PermissionError: [WinError 32] 另一个程序正在使用此文件，进程无法访问。: 'E:\\WorkBuddy\\video-transfer-tools\\video_pipeline\\work\\current\\video_ai.mp4'
2026-09-27 08:24:39,129 [ERROR] pipeline.job.13: 任务失败: [WinError 32] 另一个程序正在使用此文件，进程无法访问。: 'E:\\WorkBuddy\\video-transfer-tools\\video_pipeline\\work\\current\\video_ai.mp4'
2026-09-27 08:24:39,129 [WARNING] pipeline.job.13: 进入 RETRY_PENDING (第 1 次)
2026-09-27 08:24:39,132 [INFO] pipeline.job.13: === 开始处理 E:\WorkBuddy\video-transfer-tools\video_pipeline\input\课程\录像07.wmv ===
2026-09-27 08:24:39,134 [INFO] pipeline.job.13: 自动档位：2x（仅超分） —— 超预算：完整修复约 7.2h > 4.0h，退回 2x（约快 9 倍）
2026-09-27 08:24:39,134 [INFO] pipeline.job.13: 耗时预估：完整档 7.16h / 快速档 0.74h / 单文件预算 4.00h
2026-09-27 08:24:39,134 [INFO] pipeline.job.13: RVE 参数：超分 2x，压缩修复 关，timeout 4.0h
2026-09-27 08:24:39,135 [INFO] adapters.rve: RVE 调用: E:\WorkBuddy\video-transfer-tools\video_pipeline\tools\backend\rve-backend.py -i E:\WorkBuddy\video-transfer-tools\video_pipeline\input\课程\录像07.wmv -o E:\WorkBuddy\video-transfer-tools\video_pipeline\work\current\video_ai.mp4 --upscale_model E:\WorkBuddy\video-transfer-tools\video_pipeline\tools\models\2x_OpenProteus_Compact_i2_70K.pth --device cuda --backend pytorch --precision auto --pytorch_gpu_id 0 --tilesize 0 --ffmpeg_path E:\WorkBuddy\video-transfer-tools\video_pipeline\.tools\ffmpeg\ffmpeg.exe --overwrite --crf 16 --video_encoder_preset libx264 --audio_encoder_preset aac
2026-09-27 08:24:39,135 [ERROR] pipeline.scheduler: 任务 13 未预期异常
Traceback (most recent call last):
  File "E:\WorkBuddy\video-transfer-tools\video_pipeline\pipeline\scheduler.py", line 120, in run
    self._process_job(job)
  File "E:\WorkBuddy\video-transfer-tools\video_pipeline\pipeline\scheduler.py", line 214, in _process_job
    self._stage_repair_video(job, info, profile, video_ai, log_file, jlog)
  File "E:\WorkBuddy\video-transfer-tools\video_pipeline\pipeline\scheduler.py", line 296, in _stage_repair_video
    self.video_ai.enhance(Path(job.source_path), video_ai,
  File "E:\WorkBuddy\video-transfer-tools\video_pipeline\adapters\real_video_enhancer.py", line 159, in enhance
    dst.unlink()  # RVE 自身也校验 --overwrite，这里先清干净
    ^^^^^^^^^^^^
  File "D:\anaconda\Lib\pathlib.py", line 1147, in unlink
    os.unlink(self)
PermissionError: [WinError 32] 另一个程序正在使用此文件，进程无法访问。: 'E:\\WorkBuddy\\video-transfer-tools\\video_pipeline\\work\\current\\video_ai.mp4'
2026-09-27 08:24:39,136 [ERROR] pipeline.job.13: 任务失败: [WinError 32] 另一个程序正在使用此文件，进程无法访问。: 'E:\\WorkBuddy\\video-transfer-tools\\video_pipeline\\work\\current\\video_ai.mp4'
2026-09-27 08:24:39,138 [WARNING] pipeline.job.13: 隔离失败文件时出错: [WinError 32] 另一个程序正在使用此文件，进程无法访问。: 'E:\\WorkBuddy\\video-transfer-tools\\video_pipeline\\work\\current\\video_ai.mp4' -> 'E:\\WorkBuddy\\video-transfer-tools\\video_pipeline\\failed\\job_0013\\video_ai.mp4'
2026-09-27 08:24:39,138 [ERROR] pipeline.job.13: FAILED_FINAL
2026-09-27 08:24:39,139 [INFO] pipeline.job.14: === 开始处理 E:\WorkBuddy\video-transfer-tools\video_pipeline\input\课程\录像08.wmv ===
2026-09-27 08:24:39,142 [INFO] pipeline.runner: RUN ffprobe -v error -print_format json -show_format -show_streams E:\WorkBuddy\video-transfer-tools\video_pipeline\input\课程\录像08.wmv
2026-09-27 08:24:39,170 [INFO] pipeline.runner: EXIT rc=0 0.0s ffprobe
2026-09-27 08:24:39,174 [INFO] pipeline.job.14: VALIDATING 完成 profile=legacy
2026-09-27 08:24:39,176 [INFO] pipeline.job.14: 自动档位：2x（仅超分） —— 超预算：完整修复约 5.5h > 4.0h，退回 2x（约快 9 倍）
2026-09-27 08:24:39,177 [INFO] pipeline.job.14: 耗时预估：完整档 5.49h / 快速档 0.57h / 单文件预算 4.00h
2026-09-27 08:24:39,177 [INFO] pipeline.job.14: RVE 参数：超分 2x，压缩修复 关，timeout 4.0h
2026-09-27 08:24:39,177 [INFO] adapters.rve: RVE 调用: E:\WorkBuddy\video-transfer-tools\video_pipeline\tools\backend\rve-backend.py -i E:\WorkBuddy\video-transfer-tools\video_pipeline\input\课程\录像08.wmv -o E:\WorkBuddy\video-transfer-tools\video_pipeline\work\current\video_ai.mp4 --upscale_model E:\WorkBuddy\video-transfer-tools\video_pipeline\tools\models\2x_OpenProteus_Compact_i2_70K.pth --device cuda --backend pytorch --precision auto --pytorch_gpu_id 0 --tilesize 0 --ffmpeg_path E:\WorkBuddy\video-transfer-tools\video_pipeline\.tools\ffmpeg\ffmpeg.exe --overwrite --crf 16 --video_encoder_preset libx264 --audio_encoder_preset aac
2026-09-27 08:24:39,179 [ERROR] pipeline.scheduler: 任务 14 未预期异常
Traceback (most recent call last):
  File "E:\WorkBuddy\video-transfer-tools\video_pipeline\pipeline\scheduler.py", line 120, in run
    self._process_job(job)
  File "E:\WorkBuddy\video-transfer-tools\video_pipeline\pipeline\scheduler.py", line 214, in _process_job
    self._stage_repair_video(job, info, profile, video_ai, log_file, jlog)
  File "E:\WorkBuddy\video-transfer-tools\video_pipeline\pipeline\scheduler.py", line 296, in _stage_repair_video
    self.video_ai.enhance(Path(job.source_path), video_ai,
  File "E:\WorkBuddy\video-transfer-tools\video_pipeline\adapters\real_video_enhancer.py", line 159, in enhance
    dst.unlink()  # RVE 自身也校验 --overwrite，这里先清干净
    ^^^^^^^^^^^^
  File "D:\anaconda\Lib\pathlib.py", line 1147, in unlink
    os.unlink(self)
PermissionError: [WinError 32] 另一个程序正在使用此文件，进程无法访问。: 'E:\\WorkBuddy\\video-transfer-tools\\video_pipeline\\work\\current\\video_ai.mp4'
2026-09-27 08:24:39,179 [ERROR] pipeline.job.14: 任务失败: [WinError 32] 另一个程序正在使用此文件，进程无法访问。: 'E:\\WorkBuddy\\video-transfer-tools\\video_pipeline\\work\\current\\video_ai.mp4'
2026-09-27 08:24:39,184 [WARNING] pipeline.job.14: 进入 RETRY_PENDING (第 1 次)
2026-09-27 08:24:39,184 [INFO] pipeline.job.14: === 开始处理 E:\WorkBuddy\video-transfer-tools\video_pipeline\input\课程\录像08.wmv ===
2026-09-27 08:24:39,187 [INFO] pipeline.job.14: 自动档位：2x（仅超分） —— 超预算：完整修复约 5.5h > 4.0h，退回 2x（约快 9 倍）
2026-09-27 08:24:39,188 [INFO] pipeline.job.14: 耗时预估：完整档 5.49h / 快速档 0.57h / 单文件预算 4.00h
2026-09-27 08:24:39,188 [INFO] pipeline.job.14: RVE 参数：超分 2x，压缩修复 关，timeout 4.0h
2026-09-27 08:24:39,189 [INFO] adapters.rve: RVE 调用: E:\WorkBuddy\video-transfer-tools\video_pipeline\tools\backend\rve-backend.py -i E:\WorkBuddy\video-transfer-tools\video_pipeline\input\课程\录像08.wmv -o E:\WorkBuddy\video-transfer-tools\video_pipeline\work\current\video_ai.mp4 --upscale_model E:\WorkBuddy\video-transfer-tools\video_pipeline\tools\models\2x_OpenProteus_Compact_i2_70K.pth --device cuda --backend pytorch --precision auto --pytorch_gpu_id 0 --tilesize 0 --ffmpeg_path E:\WorkBuddy\video-transfer-tools\video_pipeline\.tools\ffmpeg\ffmpeg.exe --overwrite --crf 16 --video_encoder_preset libx264 --audio_encoder_preset aac
2026-09-27 08:24:39,189 [ERROR] pipeline.scheduler: 任务 14 未预期异常
Traceback (most recent call last):
  File "E:\WorkBuddy\video-transfer-tools\video_pipeline\pipeline\scheduler.py", line 120, in run
    self._process_job(job)
  File "E:\WorkBuddy\video-transfer-tools\video_pipeline\pipeline\scheduler.py", line 214, in _process_job
    self._stage_repair_video(job, info, profile, video_ai, log_file, jlog)
  File "E:\WorkBuddy\video-transfer-tools\video_pipeline\pipeline\scheduler.py", line 296, in _stage_repair_video
    self.video_ai.enhance(Path(job.source_path), video_ai,
  File "E:\WorkBuddy\video-transfer-tools\video_pipeline\adapters\real_video_enhancer.py", line 159, in enhance
    dst.unlink()  # RVE 自身也校验 --overwrite，这里先清干净
    ^^^^^^^^^^^^
  File "D:\anaconda\Lib\pathlib.py", line 1147, in unlink
    os.unlink(self)
PermissionError: [WinError 32] 另一个程序正在使用此文件，进程无法访问。: 'E:\\WorkBuddy\\video-transfer-tools\\video_pipeline\\work\\current\\video_ai.mp4'
2026-09-27 08:24:39,190 [ERROR] pipeline.job.14: 任务失败: [WinError 32] 另一个程序正在使用此文件，进程无法访问。: 'E:\\WorkBuddy\\video-transfer-tools\\video_pipeline\\work\\current\\video_ai.mp4'
2026-09-27 08:24:39,191 [WARNING] pipeline.job.14: 隔离失败文件时出错: [WinError 32] 另一个程序正在使用此文件，进程无法访问。: 'E:\\WorkBuddy\\video-transfer-tools\\video_pipeline\\work\\current\\video_ai.mp4' -> 'E:\\WorkBuddy\\video-transfer-tools\\video_pipeline\\failed\\job_0014\\video_ai.mp4'
2026-09-27 08:24:39,192 [ERROR] pipeline.job.14: FAILED_FINAL
2026-09-27 08:24:39,192 [INFO] pipeline.job.15: === 开始处理 E:\WorkBuddy\video-transfer-tools\video_pipeline\input\课程\录像09.wmv ===
2026-09-27 08:24:39,196 [INFO] pipeline.runner: RUN ffprobe -v error -print_format json -show_format -show_streams E:\WorkBuddy\video-transfer-tools\video_pipeline\input\课程\录像09.wmv
2026-09-27 08:24:39,220 [INFO] pipeline.runner: EXIT rc=0 0.0s ffprobe
2026-09-27 08:24:39,221 [INFO] pipeline.job.15: VALIDATING 完成 profile=legacy
2026-09-27 08:24:39,223 [INFO] pipeline.job.15: 自动档位：2x（仅超分） —— 超预算：完整修复约 5.4h > 4.0h，退回 2x（约快 9 倍）
2026-09-27 08:24:39,223 [INFO] pipeline.job.15: 耗时预估：完整档 5.43h / 快速档 0.56h / 单文件预算 4.00h
2026-09-27 08:24:39,223 [INFO] pipeline.job.15: RVE 参数：超分 2x，压缩修复 关，timeout 4.0h
2026-09-27 08:24:39,223 [INFO] adapters.rve: RVE 调用: E:\WorkBuddy\video-transfer-tools\video_pipeline\tools\backend\rve-backend.py -i E:\WorkBuddy\video-transfer-tools\video_pipeline\input\课程\录像09.wmv -o E:\WorkBuddy\video-transfer-tools\video_pipeline\work\current\video_ai.mp4 --upscale_model E:\WorkBuddy\video-transfer-tools\video_pipeline\tools\models\2x_OpenProteus_Compact_i2_70K.pth --device cuda --backend pytorch --precision auto --pytorch_gpu_id 0 --tilesize 0 --ffmpeg_path E:\WorkBuddy\video-transfer-tools\video_pipeline\.tools\ffmpeg\ffmpeg.exe --overwrite --crf 16 --video_encoder_preset libx264 --audio_encoder_preset aac
2026-09-27 08:24:39,226 [ERROR] pipeline.scheduler: 任务 15 未预期异常
Traceback (most recent call last):
  File "E:\WorkBuddy\video-transfer-tools\video_pipeline\pipeline\scheduler.py", line 120, in run
    self._process_job(job)
  File "E:\WorkBuddy\video-transfer-tools\video_pipeline\pipeline\scheduler.py", line 214, in _process_job
    self._stage_repair_video(job, info, profile, video_ai, log_file, jlog)
  File "E:\WorkBuddy\video-transfer-tools\video_pipeline\pipeline\scheduler.py", line 296, in _stage_repair_video
    self.video_ai.enhance(Path(job.source_path), video_ai,
  File "E:\WorkBuddy\video-transfer-tools\video_pipeline\adapters\real_video_enhancer.py", line 159, in enhance
    dst.unlink()  # RVE 自身也校验 --overwrite，这里先清干净
    ^^^^^^^^^^^^
  File "D:\anaconda\Lib\pathlib.py", line 1147, in unlink
    os.unlink(self)
PermissionError: [WinError 32] 另一个程序正在使用此文件，进程无法访问。: 'E:\\WorkBuddy\\video-transfer-tools\\video_pipeline\\work\\current\\video_ai.mp4'
2026-09-27 08:24:39,227 [ERROR] pipeline.job.15: 任务失败: [WinError 32] 另一个程序正在使用此文件，进程无法访问。: 'E:\\WorkBuddy\\video-transfer-tools\\video_pipeline\\work\\current\\video_ai.mp4'
2026-09-27 08:24:39,228 [WARNING] pipeline.job.15: 进入 RETRY_PENDING (第 1 次)
2026-09-27 08:24:39,228 [INFO] pipeline.job.15: === 开始处理 E:\WorkBuddy\video-transfer-tools\video_pipeline\input\课程\录像09.wmv ===
2026-09-27 08:24:39,232 [INFO] pipeline.job.15: 自动档位：2x（仅超分） —— 超预算：完整修复约 5.4h > 4.0h，退回 2x（约快 9 倍）
2026-09-27 08:24:39,234 [INFO] pipeline.job.15: 耗时预估：完整档 5.43h / 快速档 0.56h / 单文件预算 4.00h
2026-09-27 08:24:39,234 [INFO] pipeline.job.15: RVE 参数：超分 2x，压缩修复 关，timeout 4.0h
2026-09-27 08:24:39,234 [INFO] adapters.rve: RVE 调用: E:\WorkBuddy\video-transfer-tools\video_pipeline\tools\backend\rve-backend.py -i E:\WorkBuddy\video-transfer-tools\video_pipeline\input\课程\录像09.wmv -o E:\WorkBuddy\video-transfer-tools\video_pipeline\work\current\video_ai.mp4 --upscale_model E:\WorkBuddy\video-transfer-tools\video_pipeline\tools\models\2x_OpenProteus_Compact_i2_70K.pth --device cuda --backend pytorch --precision auto --pytorch_gpu_id 0 --tilesize 0 --ffmpeg_path E:\WorkBuddy\video-transfer-tools\video_pipeline\.tools\ffmpeg\ffmpeg.exe --overwrite --crf 16 --video_encoder_preset libx264 --audio_encoder_preset aac
2026-09-27 08:24:39,234 [ERROR] pipeline.scheduler: 任务 15 未预期异常
Traceback (most recent call last):
  File "E:\WorkBuddy\video-transfer-tools\video_pipeline\pipeline\scheduler.py", line 120, in run
    self._process_job(job)
  File "E:\WorkBuddy\video-transfer-tools\video_pipeline\pipeline\scheduler.py", line 214, in _process_job
    self._stage_repair_video(job, info, profile, video_ai, log_file, jlog)
  File "E:\WorkBuddy\video-transfer-tools\video_pipeline\pipeline\scheduler.py", line 296, in _stage_repair_video
    self.video_ai.enhance(Path(job.source_path), video_ai,
  File "E:\WorkBuddy\video-transfer-tools\video_pipeline\adapters\real_video_enhancer.py", line 159, in enhance
    dst.unlink()  # RVE 自身也校验 --overwrite，这里先清干净
    ^^^^^^^^^^^^
  File "D:\anaconda\Lib\pathlib.py", line 1147, in unlink
    os.unlink(self)
PermissionError: [WinError 32] 另一个程序正在使用此文件，进程无法访问。: 'E:\\WorkBuddy\\video-transfer-tools\\video_pipeline\\work\\current\\video_ai.mp4'
2026-09-27 08:24:39,234 [ERROR] pipeline.job.15: 任务失败: [WinError 32] 另一个程序正在使用此文件，进程无法访问。: 'E:\\WorkBuddy\\video-transfer-tools\\video_pipeline\\work\\current\\video_ai.mp4'
2026-09-27 08:24:39,236 [WARNING] pipeline.job.15: 隔离失败文件时出错: [WinError 32] 另一个程序正在使用此文件，进程无法访问。: 'E:\\WorkBuddy\\video-transfer-tools\\video_pipeline\\work\\current\\video_ai.mp4' -> 'E:\\WorkBuddy\\video-transfer-tools\\video_pipeline\\failed\\job_0015\\video_ai.mp4'
2026-09-27 08:24:39,237 [ERROR] pipeline.job.15: FAILED_FINAL
2026-09-27 08:24:39,239 [INFO] pipeline.job.16: === 开始处理 E:\WorkBuddy\video-transfer-tools\video_pipeline\input\课程\录像10.wmv ===
2026-09-27 08:24:39,241 [INFO] pipeline.runner: RUN ffprobe -v error -print_format json -show_format -show_streams E:\WorkBuddy\video-transfer-tools\video_pipeline\input\课程\录像10.wmv
2026-09-27 08:24:39,268 [INFO] pipeline.runner: EXIT rc=0 0.0s ffprobe
2026-09-27 08:24:39,270 [INFO] pipeline.job.16: VALIDATING 完成 profile=legacy
2026-09-27 08:24:39,270 [INFO] pipeline.job.16: 自动档位：1x+2x（完整修复） —— 预算内：完整修复约 3.1h ≤ 4.0h，启用 1x+2x
2026-09-27 08:24:39,270 [INFO] pipeline.job.16: 耗时预估：完整档 3.07h / 快速档 0.32h / 单文件预算 4.00h
2026-09-27 08:24:39,270 [INFO] pipeline.job.16: RVE 参数：超分 2x，压缩修复 开，timeout 9.4h
2026-09-27 08:24:39,270 [INFO] adapters.rve: RVE 调用: E:\WorkBuddy\video-transfer-tools\video_pipeline\tools\backend\rve-backend.py -i E:\WorkBuddy\video-transfer-tools\video_pipeline\input\课程\录像10.wmv -o E:\WorkBuddy\video-transfer-tools\video_pipeline\work\current\video_ai.mp4 --extra_restoration_models E:\WorkBuddy\video-transfer-tools\video_pipeline\tools\models\1xDeH264_realplksr.pth --upscale_model E:\WorkBuddy\video-transfer-tools\video_pipeline\tools\models\2x_OpenProteus_Compact_i2_70K.pth --device cuda --backend pytorch --precision auto --pytorch_gpu_id 0 --tilesize 0 --ffmpeg_path E:\WorkBuddy\video-transfer-tools\video_pipeline\.tools\ffmpeg\ffmpeg.exe --overwrite --crf 16 --video_encoder_preset libx264 --audio_encoder_preset aac
2026-09-27 08:24:39,270 [ERROR] pipeline.scheduler: 任务 16 未预期异常
Traceback (most recent call last):
  File "E:\WorkBuddy\video-transfer-tools\video_pipeline\pipeline\scheduler.py", line 120, in run
    self._process_job(job)
  File "E:\WorkBuddy\video-transfer-tools\video_pipeline\pipeline\scheduler.py", line 214, in _process_job
    self._stage_repair_video(job, info, profile, video_ai, log_file, jlog)
  File "E:\WorkBuddy\video-transfer-tools\video_pipeline\pipeline\scheduler.py", line 296, in _stage_repair_video
    self.video_ai.enhance(Path(job.source_path), video_ai,
  File "E:\WorkBuddy\video-transfer-tools\video_pipeline\adapters\real_video_enhancer.py", line 159, in enhance
    dst.unlink()  # RVE 自身也校验 --overwrite，这里先清干净
    ^^^^^^^^^^^^
  File "D:\anaconda\Lib\pathlib.py", line 1147, in unlink
    os.unlink(self)
PermissionError: [WinError 32] 另一个程序正在使用此文件，进程无法访问。: 'E:\\WorkBuddy\\video-transfer-tools\\video_pipeline\\work\\current\\video_ai.mp4'
2026-09-27 08:24:39,274 [ERROR] pipeline.job.16: 任务失败: [WinError 32] 另一个程序正在使用此文件，进程无法访问。: 'E:\\WorkBuddy\\video-transfer-tools\\video_pipeline\\work\\current\\video_ai.mp4'
2026-09-27 08:24:39,276 [WARNING] pipeline.job.16: 进入 RETRY_PENDING (第 1 次)
2026-09-27 08:24:39,276 [INFO] pipeline.job.16: === 开始处理 E:\WorkBuddy\video-transfer-tools\video_pipeline\input\课程\录像10.wmv ===
2026-09-27 08:24:39,280 [INFO] pipeline.job.16: 自动档位：1x+2x（完整修复） —— 预算内：完整修复约 3.1h ≤ 4.0h，启用 1x+2x
2026-09-27 08:24:39,280 [INFO] pipeline.job.16: 耗时预估：完整档 3.07h / 快速档 0.32h / 单文件预算 4.00h
2026-09-27 08:24:39,282 [INFO] pipeline.job.16: RVE 参数：超分 2x，压缩修复 开，timeout 9.4h
2026-09-27 08:24:39,282 [INFO] adapters.rve: RVE 调用: E:\WorkBuddy\video-transfer-tools\video_pipeline\tools\backend\rve-backend.py -i E:\WorkBuddy\video-transfer-tools\video_pipeline\input\课程\录像10.wmv -o E:\WorkBuddy\video-transfer-tools\video_pipeline\work\current\video_ai.mp4 --extra_restoration_models E:\WorkBuddy\video-transfer-tools\video_pipeline\tools\models\1xDeH264_realplksr.pth --upscale_model E:\WorkBuddy\video-transfer-tools\video_pipeline\tools\models\2x_OpenProteus_Compact_i2_70K.pth --device cuda --backend pytorch --precision auto --pytorch_gpu_id 0 --tilesize 0 --ffmpeg_path E:\WorkBuddy\video-transfer-tools\video_pipeline\.tools\ffmpeg\ffmpeg.exe --overwrite --crf 16 --video_encoder_preset libx264 --audio_encoder_preset aac
2026-09-27 08:24:39,282 [ERROR] pipeline.scheduler: 任务 16 未预期异常
Traceback (most recent call last):
  File "E:\WorkBuddy\video-transfer-tools\video_pipeline\pipeline\scheduler.py", line 120, in run
    self._process_job(job)
  File "E:\WorkBuddy\video-transfer-tools\video_pipeline\pipeline\scheduler.py", line 214, in _process_job
    self._stage_repair_video(job, info, profile, video_ai, log_file, jlog)
  File "E:\WorkBuddy\video-transfer-tools\video_pipeline\pipeline\scheduler.py", line 296, in _stage_repair_video
    self.video_ai.enhance(Path(job.source_path), video_ai,
  File "E:\WorkBuddy\video-transfer-tools\video_pipeline\adapters\real_video_enhancer.py", line 159, in enhance
    dst.unlink()  # RVE 自身也校验 --overwrite，这里先清干净
    ^^^^^^^^^^^^
  File "D:\anaconda\Lib\pathlib.py", line 1147, in unlink
    os.unlink(self)
PermissionError: [WinError 32] 另一个程序正在使用此文件，进程无法访问。: 'E:\\WorkBuddy\\video-transfer-tools\\video_pipeline\\work\\current\\video_ai.mp4'
2026-09-27 08:24:39,283 [ERROR] pipeline.job.16: 任务失败: [WinError 32] 另一个程序正在使用此文件，进程无法访问。: 'E:\\WorkBuddy\\video-transfer-tools\\video_pipeline\\work\\current\\video_ai.mp4'
2026-09-27 08:24:39,284 [WARNING] pipeline.job.16: 隔离失败文件时出错: [WinError 32] 另一个程序正在使用此文件，进程无法访问。: 'E:\\WorkBuddy\\video-transfer-tools\\video_pipeline\\work\\current\\video_ai.mp4' -> 'E:\\WorkBuddy\\video-transfer-tools\\video_pipeline\\failed\\job_0016\\video_ai.mp4'
2026-09-27 08:24:39,284 [ERROR] pipeline.job.16: FAILED_FINAL
2026-09-27 08:24:39,286 [INFO] pipeline.job.17: === 开始处理 E:\WorkBuddy\video-transfer-tools\video_pipeline\input\课程\录像11.wmv ===
2026-09-27 08:24:39,290 [INFO] pipeline.runner: RUN ffprobe -v error -print_format json -show_format -show_streams E:\WorkBuddy\video-transfer-tools\video_pipeline\input\课程\录像11.wmv
2026-09-27 08:24:39,314 [INFO] pipeline.runner: EXIT rc=0 0.0s ffprobe
2026-09-27 08:24:39,316 [INFO] pipeline.job.17: VALIDATING 完成 profile=legacy
2026-09-27 08:24:39,318 [INFO] pipeline.job.17: 自动档位：2x（仅超分） —— 超预算：完整修复约 7.5h > 4.0h，退回 2x（约快 9 倍）
2026-09-27 08:24:39,319 [INFO] pipeline.job.17: 耗时预估：完整档 7.53h / 快速档 0.77h / 单文件预算 4.00h
2026-09-27 08:24:39,319 [INFO] pipeline.job.17: RVE 参数：超分 2x，压缩修复 关，timeout 4.0h
2026-09-27 08:24:39,319 [INFO] adapters.rve: RVE 调用: E:\WorkBuddy\video-transfer-tools\video_pipeline\tools\backend\rve-backend.py -i E:\WorkBuddy\video-transfer-tools\video_pipeline\input\课程\录像11.wmv -o E:\WorkBuddy\video-transfer-tools\video_pipeline\work\current\video_ai.mp4 --upscale_model E:\WorkBuddy\video-transfer-tools\video_pipeline\tools\models\2x_OpenProteus_Compact_i2_70K.pth --device cuda --backend pytorch --precision auto --pytorch_gpu_id 0 --tilesize 0 --ffmpeg_path E:\WorkBuddy\video-transfer-tools\video_pipeline\.tools\ffmpeg\ffmpeg.exe --overwrite --crf 16 --video_encoder_preset libx264 --audio_encoder_preset aac
2026-09-27 08:24:39,319 [ERROR] pipeline.scheduler: 任务 17 未预期异常
Traceback (most recent call last):
  File "E:\WorkBuddy\video-transfer-tools\video_pipeline\pipeline\scheduler.py", line 120, in run
    self._process_job(job)
  File "E:\WorkBuddy\video-transfer-tools\video_pipeline\pipeline\scheduler.py", line 214, in _process_job
    self._stage_repair_video(job, info, profile, video_ai, log_file, jlog)
  File "E:\WorkBuddy\video-transfer-tools\video_pipeline\pipeline\scheduler.py", line 296, in _stage_repair_video
    self.video_ai.enhance(Path(job.source_path), video_ai,
  File "E:\WorkBuddy\video-transfer-tools\video_pipeline\adapters\real_video_enhancer.py", line 159, in enhance
    dst.unlink()  # RVE 自身也校验 --overwrite，这里先清干净
    ^^^^^^^^^^^^
  File "D:\anaconda\Lib\pathlib.py", line 1147, in unlink
    os.unlink(self)
PermissionError: [WinError 32] 另一个程序正在使用此文件，进程无法访问。: 'E:\\WorkBuddy\\video-transfer-tools\\video_pipeline\\work\\current\\video_ai.mp4'
2026-09-27 08:24:39,321 [ERROR] pipeline.job.17: 任务失败: [WinError 32] 另一个程序正在使用此文件，进程无法访问。: 'E:\\WorkBuddy\\video-transfer-tools\\video_pipeline\\work\\current\\video_ai.mp4'
2026-09-27 08:24:39,324 [WARNING] pipeline.job.17: 进入 RETRY_PENDING (第 1 次)
2026-09-27 08:24:39,324 [INFO] pipeline.job.17: === 开始处理 E:\WorkBuddy\video-transfer-tools\video_pipeline\input\课程\录像11.wmv ===
2026-09-27 08:24:39,328 [INFO] pipeline.job.17: 自动档位：2x（仅超分） —— 超预算：完整修复约 7.5h > 4.0h，退回 2x（约快 9 倍）
2026-09-27 08:24:39,328 [INFO] pipeline.job.17: 耗时预估：完整档 7.53h / 快速档 0.77h / 单文件预算 4.00h
2026-09-27 08:24:39,329 [INFO] pipeline.job.17: RVE 参数：超分 2x，压缩修复 关，timeout 4.0h
2026-09-27 08:24:39,329 [INFO] adapters.rve: RVE 调用: E:\WorkBuddy\video-transfer-tools\video_pipeline\tools\backend\rve-backend.py -i E:\WorkBuddy\video-transfer-tools\video_pipeline\input\课程\录像11.wmv -o E:\WorkBuddy\video-transfer-tools\video_pipeline\work\current\video_ai.mp4 --upscale_model E:\WorkBuddy\video-transfer-tools\video_pipeline\tools\models\2x_OpenProteus_Compact_i2_70K.pth --device cuda --backend pytorch --precision auto --pytorch_gpu_id 0 --tilesize 0 --ffmpeg_path E:\WorkBuddy\video-transfer-tools\video_pipeline\.tools\ffmpeg\ffmpeg.exe --overwrite --crf 16 --video_encoder_preset libx264 --audio_encoder_preset aac
2026-09-27 08:24:39,329 [ERROR] pipeline.scheduler: 任务 17 未预期异常
Traceback (most recent call last):
  File "E:\WorkBuddy\video-transfer-tools\video_pipeline\pipeline\scheduler.py", line 120, in run
    self._process_job(job)
  File "E:\WorkBuddy\video-transfer-tools\video_pipeline\pipeline\scheduler.py", line 214, in _process_job
    self._stage_repair_video(job, info, profile, video_ai, log_file, jlog)
  File "E:\WorkBuddy\video-transfer-tools\video_pipeline\pipeline\scheduler.py", line 296, in _stage_repair_video
    self.video_ai.enhance(Path(job.source_path), video_ai,
  File "E:\WorkBuddy\video-transfer-tools\video_pipeline\adapters\real_video_enhancer.py", line 159, in enhance
    dst.unlink()  # RVE 自身也校验 --overwrite，这里先清干净
    ^^^^^^^^^^^^
  File "D:\anaconda\Lib\pathlib.py", line 1147, in unlink
    os.unlink(self)
PermissionError: [WinError 32] 另一个程序正在使用此文件，进程无法访问。: 'E:\\WorkBuddy\\video-transfer-tools\\video_pipeline\\work\\current\\video_ai.mp4'
2026-09-27 08:24:39,329 [ERROR] pipeline.job.17: 任务失败: [WinError 32] 另一个程序正在使用此文件，进程无法访问。: 'E:\\WorkBuddy\\video-transfer-tools\\video_pipeline\\work\\current\\video_ai.mp4'
2026-09-27 08:24:39,331 [WARNING] pipeline.job.17: 隔离失败文件时出错: [WinError 32] 另一个程序正在使用此文件，进程无法访问。: 'E:\\WorkBuddy\\video-transfer-tools\\video_pipeline\\work\\current\\video_ai.mp4' -> 'E:\\WorkBuddy\\video-transfer-tools\\video_pipeline\\failed\\job_0017\\video_ai.mp4'
2026-09-27 08:24:39,331 [ERROR] pipeline.job.17: FAILED_FINAL
2026-09-27 08:24:39,334 [INFO] pipeline.job.18: === 开始处理 E:\WorkBuddy\video-transfer-tools\video_pipeline\input\课程\录像12.wmv ===
2026-09-27 08:24:39,336 [INFO] pipeline.runner: RUN ffprobe -v error -print_format json -show_format -show_streams E:\WorkBuddy\video-transfer-tools\video_pipeline\input\课程\录像12.wmv
2026-09-27 08:24:39,371 [INFO] pipeline.runner: EXIT rc=0 0.0s ffprobe
2026-09-27 08:24:39,373 [INFO] pipeline.job.18: VALIDATING 完成 profile=legacy
2026-09-27 08:24:39,374 [INFO] pipeline.job.18: 自动档位：2x（仅超分） —— 超预算：完整修复约 5.5h > 4.0h，退回 2x（约快 9 倍）
2026-09-27 08:24:39,374 [INFO] pipeline.job.18: 耗时预估：完整档 5.46h / 快速档 0.56h / 单文件预算 4.00h
2026-09-27 08:24:39,376 [INFO] pipeline.job.18: RVE 参数：超分 2x，压缩修复 关，timeout 4.0h
2026-09-27 08:24:39,376 [INFO] adapters.rve: RVE 调用: E:\WorkBuddy\video-transfer-tools\video_pipeline\tools\backend\rve-backend.py -i E:\WorkBuddy\video-transfer-tools\video_pipeline\input\课程\录像12.wmv -o E:\WorkBuddy\video-transfer-tools\video_pipeline\work\current\video_ai.mp4 --upscale_model E:\WorkBuddy\video-transfer-tools\video_pipeline\tools\models\2x_OpenProteus_Compact_i2_70K.pth --device cuda --backend pytorch --precision auto --pytorch_gpu_id 0 --tilesize 0 --ffmpeg_path E:\WorkBuddy\video-transfer-tools\video_pipeline\.tools\ffmpeg\ffmpeg.exe --overwrite --crf 16 --video_encoder_preset libx264 --audio_encoder_preset aac
2026-09-27 08:24:39,376 [ERROR] pipeline.scheduler: 任务 18 未预期异常
Traceback (most recent call last):
  File "E:\WorkBuddy\video-transfer-tools\video_pipeline\pipeline\scheduler.py", line 120, in run
    self._process_job(job)
  File "E:\WorkBuddy\video-transfer-tools\video_pipeline\pipeline\scheduler.py", line 214, in _process_job
    self._stage_repair_video(job, info, profile, video_ai, log_file, jlog)
  File "E:\WorkBuddy\video-transfer-tools\video_pipeline\pipeline\scheduler.py", line 296, in _stage_repair_video
    self.video_ai.enhance(Path(job.source_path), video_ai,
  File "E:\WorkBuddy\video-transfer-tools\video_pipeline\adapters\real_video_enhancer.py", line 159, in enhance
    dst.unlink()  # RVE 自身也校验 --overwrite，这里先清干净
    ^^^^^^^^^^^^
  File "D:\anaconda\Lib\pathlib.py", line 1147, in unlink
    os.unlink(self)
PermissionError: [WinError 32] 另一个程序正在使用此文件，进程无法访问。: 'E:\\WorkBuddy\\video-transfer-tools\\video_pipeline\\work\\current\\video_ai.mp4'
2026-09-27 08:24:39,376 [ERROR] pipeline.job.18: 任务失败: [WinError 32] 另一个程序正在使用此文件，进程无法访问。: 'E:\\WorkBuddy\\video-transfer-tools\\video_pipeline\\work\\current\\video_ai.mp4'
2026-09-27 08:24:39,379 [WARNING] pipeline.job.18: 进入 RETRY_PENDING (第 1 次)
2026-09-27 08:24:39,381 [INFO] pipeline.job.18: === 开始处理 E:\WorkBuddy\video-transfer-tools\video_pipeline\input\课程\录像12.wmv ===
2026-09-27 08:24:39,382 [INFO] pipeline.job.18: 自动档位：2x（仅超分） —— 超预算：完整修复约 5.5h > 4.0h，退回 2x（约快 9 倍）
2026-09-27 08:24:39,383 [INFO] pipeline.job.18: 耗时预估：完整档 5.46h / 快速档 0.56h / 单文件预算 4.00h
2026-09-27 08:24:39,383 [INFO] pipeline.job.18: RVE 参数：超分 2x，压缩修复 关，timeout 4.0h
2026-09-27 08:24:39,384 [INFO] adapters.rve: RVE 调用: E:\WorkBuddy\video-transfer-tools\video_pipeline\tools\backend\rve-backend.py -i E:\WorkBuddy\video-transfer-tools\video_pipeline\input\课程\录像12.wmv -o E:\WorkBuddy\video-transfer-tools\video_pipeline\work\current\video_ai.mp4 --upscale_model E:\WorkBuddy\video-transfer-tools\video_pipeline\tools\models\2x_OpenProteus_Compact_i2_70K.pth --device cuda --backend pytorch --precision auto --pytorch_gpu_id 0 --tilesize 0 --ffmpeg_path E:\WorkBuddy\video-transfer-tools\video_pipeline\.tools\ffmpeg\ffmpeg.exe --overwrite --crf 16 --video_encoder_preset libx264 --audio_encoder_preset aac
2026-09-27 08:24:39,385 [ERROR] pipeline.scheduler: 任务 18 未预期异常
Traceback (most recent call last):
  File "E:\WorkBuddy\video-transfer-tools\video_pipeline\pipeline\scheduler.py", line 120, in run
    self._process_job(job)
  File "E:\WorkBuddy\video-transfer-tools\video_pipeline\pipeline\scheduler.py", line 214, in _process_job
    self._stage_repair_video(job, info, profile, video_ai, log_file, jlog)
  File "E:\WorkBuddy\video-transfer-tools\video_pipeline\pipeline\scheduler.py", line 296, in _stage_repair_video
    self.video_ai.enhance(Path(job.source_path), video_ai,
  File "E:\WorkBuddy\video-transfer-tools\video_pipeline\adapters\real_video_enhancer.py", line 159, in enhance
    dst.unlink()  # RVE 自身也校验 --overwrite，这里先清干净
    ^^^^^^^^^^^^
  File "D:\anaconda\Lib\pathlib.py", line 1147, in unlink
    os.unlink(self)
PermissionError: [WinError 32] 另一个程序正在使用此文件，进程无法访问。: 'E:\\WorkBuddy\\video-transfer-tools\\video_pipeline\\work\\current\\video_ai.mp4'
2026-09-27 08:24:39,386 [ERROR] pipeline.job.18: 任务失败: [WinError 32] 另一个程序正在使用此文件，进程无法访问。: 'E:\\WorkBuddy\\video-transfer-tools\\video_pipeline\\work\\current\\video_ai.mp4'
2026-09-27 08:24:39,388 [WARNING] pipeline.job.18: 隔离失败文件时出错: [WinError 32] 另一个程序正在使用此文件，进程无法访问。: 'E:\\WorkBuddy\\video-transfer-tools\\video_pipeline\\work\\current\\video_ai.mp4' -> 'E:\\WorkBuddy\\video-transfer-tools\\video_pipeline\\failed\\job_0018\\video_ai.mp4'
2026-09-27 08:24:39,389 [ERROR] pipeline.job.18: FAILED_FINAL
2026-09-27 08:24:39,389 [INFO] pipeline.job.19: === 开始处理 E:\WorkBuddy\video-transfer-tools\video_pipeline\input\课程\录像13.wmv ===
2026-09-27 08:24:39,394 [INFO] pipeline.runner: RUN ffprobe -v error -print_format json -show_format -show_streams E:\WorkBuddy\video-transfer-tools\video_pipeline\input\课程\录像13.wmv
2026-09-27 08:24:39,417 [INFO] pipeline.runner: EXIT rc=0 0.0s ffprobe
2026-09-27 08:24:39,420 [INFO] pipeline.job.19: VALIDATING 完成 profile=legacy
2026-09-27 08:24:39,423 [INFO] pipeline.job.19: 自动档位：2x（仅超分） —— 超预算：完整修复约 7.5h > 4.0h，退回 2x（约快 9 倍）
2026-09-27 08:24:39,423 [INFO] pipeline.job.19: 耗时预估：完整档 7.46h / 快速档 0.77h / 单文件预算 4.00h
2026-09-27 08:24:39,424 [INFO] pipeline.job.19: RVE 参数：超分 2x，压缩修复 关，timeout 4.0h
2026-09-27 08:24:39,425 [INFO] adapters.rve: RVE 调用: E:\WorkBuddy\video-transfer-tools\video_pipeline\tools\backend\rve-backend.py -i E:\WorkBuddy\video-transfer-tools\video_pipeline\input\课程\录像13.wmv -o E:\WorkBuddy\video-transfer-tools\video_pipeline\work\current\video_ai.mp4 --upscale_model E:\WorkBuddy\video-transfer-tools\video_pipeline\tools\models\2x_OpenProteus_Compact_i2_70K.pth --device cuda --backend pytorch --precision auto --pytorch_gpu_id 0 --tilesize 0 --ffmpeg_path E:\WorkBuddy\video-transfer-tools\video_pipeline\.tools\ffmpeg\ffmpeg.exe --overwrite --crf 16 --video_encoder_preset libx264 --audio_encoder_preset aac
2026-09-27 08:24:39,425 [ERROR] pipeline.scheduler: 任务 19 未预期异常
Traceback (most recent call last):
  File "E:\WorkBuddy\video-transfer-tools\video_pipeline\pipeline\scheduler.py", line 120, in run
    self._process_job(job)
  File "E:\WorkBuddy\video-transfer-tools\video_pipeline\pipeline\scheduler.py", line 214, in _process_job
    self._stage_repair_video(job, info, profile, video_ai, log_file, jlog)
  File "E:\WorkBuddy\video-transfer-tools\video_pipeline\pipeline\scheduler.py", line 296, in _stage_repair_video
    self.video_ai.enhance(Path(job.source_path), video_ai,
  File "E:\WorkBuddy\video-transfer-tools\video_pipeline\adapters\real_video_enhancer.py", line 159, in enhance
    dst.unlink()  # RVE 自身也校验 --overwrite，这里先清干净
    ^^^^^^^^^^^^
  File "D:\anaconda\Lib\pathlib.py", line 1147, in unlink
    os.unlink(self)
PermissionError: [WinError 32] 另一个程序正在使用此文件，进程无法访问。: 'E:\\WorkBuddy\\video-transfer-tools\\video_pipeline\\work\\current\\video_ai.mp4'
2026-09-27 08:24:39,426 [ERROR] pipeline.job.19: 任务失败: [WinError 32] 另一个程序正在使用此文件，进程无法访问。: 'E:\\WorkBuddy\\video-transfer-tools\\video_pipeline\\work\\current\\video_ai.mp4'
2026-09-27 08:24:39,428 [WARNING] pipeline.job.19: 进入 RETRY_PENDING (第 1 次)
2026-09-27 08:24:39,429 [INFO] pipeline.job.19: === 开始处理 E:\WorkBuddy\video-transfer-tools\video_pipeline\input\课程\录像13.wmv ===
2026-09-27 08:24:39,429 [INFO] pipeline.job.19: 自动档位：2x（仅超分） —— 超预算：完整修复约 7.5h > 4.0h，退回 2x（约快 9 倍）
2026-09-27 08:24:39,429 [INFO] pipeline.job.19: 耗时预估：完整档 7.46h / 快速档 0.77h / 单文件预算 4.00h
2026-09-27 08:24:39,429 [INFO] pipeline.job.19: RVE 参数：超分 2x，压缩修复 关，timeout 4.0h
2026-09-27 08:24:39,433 [INFO] adapters.rve: RVE 调用: E:\WorkBuddy\video-transfer-tools\video_pipeline\tools\backend\rve-backend.py -i E:\WorkBuddy\video-transfer-tools\video_pipeline\input\课程\录像13.wmv -o E:\WorkBuddy\video-transfer-tools\video_pipeline\work\current\video_ai.mp4 --upscale_model E:\WorkBuddy\video-transfer-tools\video_pipeline\tools\models\2x_OpenProteus_Compact_i2_70K.pth --device cuda --backend pytorch --precision auto --pytorch_gpu_id 0 --tilesize 0 --ffmpeg_path E:\WorkBuddy\video-transfer-tools\video_pipeline\.tools\ffmpeg\ffmpeg.exe --overwrite --crf 16 --video_encoder_preset libx264 --audio_encoder_preset aac
2026-09-27 08:24:39,433 [ERROR] pipeline.scheduler: 任务 19 未预期异常
Traceback (most recent call last):
  File "E:\WorkBuddy\video-transfer-tools\video_pipeline\pipeline\scheduler.py", line 120, in run
    self._process_job(job)
  File "E:\WorkBuddy\video-transfer-tools\video_pipeline\pipeline\scheduler.py", line 214, in _process_job
    self._stage_repair_video(job, info, profile, video_ai, log_file, jlog)
  File "E:\WorkBuddy\video-transfer-tools\video_pipeline\pipeline\scheduler.py", line 296, in _stage_repair_video
    self.video_ai.enhance(Path(job.source_path), video_ai,
  File "E:\WorkBuddy\video-transfer-tools\video_pipeline\adapters\real_video_enhancer.py", line 159, in enhance
    dst.unlink()  # RVE 自身也校验 --overwrite，这里先清干净
    ^^^^^^^^^^^^
  File "D:\anaconda\Lib\pathlib.py", line 1147, in unlink
    os.unlink(self)
PermissionError: [WinError 32] 另一个程序正在使用此文件，进程无法访问。: 'E:\\WorkBuddy\\video-transfer-tools\\video_pipeline\\work\\current\\video_ai.mp4'
2026-09-27 08:24:39,435 [ERROR] pipeline.job.19: 任务失败: [WinError 32] 另一个程序正在使用此文件，进程无法访问。: 'E:\\WorkBuddy\\video-transfer-tools\\video_pipeline\\work\\current\\video_ai.mp4'
2026-09-27 08:24:39,436 [WARNING] pipeline.job.19: 隔离失败文件时出错: [WinError 32] 另一个程序正在使用此文件，进程无法访问。: 'E:\\WorkBuddy\\video-transfer-tools\\video_pipeline\\work\\current\\video_ai.mp4' -> 'E:\\WorkBuddy\\video-transfer-tools\\video_pipeline\\failed\\job_0019\\video_ai.mp4'
2026-09-27 08:24:39,436 [ERROR] pipeline.job.19: FAILED_FINAL
2026-09-27 08:24:39,438 [INFO] pipeline.job.20: === 开始处理 E:\WorkBuddy\video-transfer-tools\video_pipeline\input\课程\录像14.wmv ===
2026-09-27 08:24:39,440 [INFO] pipeline.runner: RUN ffprobe -v error -print_format json -show_format -show_streams E:\WorkBuddy\video-transfer-tools\video_pipeline\input\课程\录像14.wmv
2026-09-27 08:24:39,532 [INFO] pipeline.runner: EXIT rc=0 0.1s ffprobe
2026-09-27 08:24:39,535 [INFO] pipeline.job.20: VALIDATING 完成 profile=legacy
2026-09-27 08:24:39,538 [INFO] pipeline.job.20: 自动档位：2x（仅超分） —— 超预算：完整修复约 5.7h > 4.0h，退回 2x（约快 9 倍）
2026-09-27 08:24:39,538 [INFO] pipeline.job.20: 耗时预估：完整档 5.65h / 快速档 0.58h / 单文件预算 4.00h
2026-09-27 08:24:39,539 [INFO] pipeline.job.20: RVE 参数：超分 2x，压缩修复 关，timeout 4.0h
2026-09-27 08:24:39,539 [INFO] adapters.rve: RVE 调用: E:\WorkBuddy\video-transfer-tools\video_pipeline\tools\backend\rve-backend.py -i E:\WorkBuddy\video-transfer-tools\video_pipeline\input\课程\录像14.wmv -o E:\WorkBuddy\video-transfer-tools\video_pipeline\work\current\video_ai.mp4 --upscale_model E:\WorkBuddy\video-transfer-tools\video_pipeline\tools\models\2x_OpenProteus_Compact_i2_70K.pth --device cuda --backend pytorch --precision auto --pytorch_gpu_id 0 --tilesize 0 --ffmpeg_path E:\WorkBuddy\video-transfer-tools\video_pipeline\.tools\ffmpeg\ffmpeg.exe --overwrite --crf 16 --video_encoder_preset libx264 --audio_encoder_preset aac
2026-09-27 08:24:39,540 [ERROR] pipeline.scheduler: 任务 20 未预期异常
Traceback (most recent call last):
  File "E:\WorkBuddy\video-transfer-tools\video_pipeline\pipeline\scheduler.py", line 120, in run
    self._process_job(job)
  File "E:\WorkBuddy\video-transfer-tools\video_pipeline\pipeline\scheduler.py", line 214, in _process_job
    self._stage_repair_video(job, info, profile, video_ai, log_file, jlog)
  File "E:\WorkBuddy\video-transfer-tools\video_pipeline\pipeline\scheduler.py", line 296, in _stage_repair_video
    self.video_ai.enhance(Path(job.source_path), video_ai,
  File "E:\WorkBuddy\video-transfer-tools\video_pipeline\adapters\real_video_enhancer.py", line 159, in enhance
    dst.unlink()  # RVE 自身也校验 --overwrite，这里先清干净
    ^^^^^^^^^^^^
  File "D:\anaconda\Lib\pathlib.py", line 1147, in unlink
    os.unlink(self)
PermissionError: [WinError 32] 另一个程序正在使用此文件，进程无法访问。: 'E:\\WorkBuddy\\video-transfer-tools\\video_pipeline\\work\\current\\video_ai.mp4'
2026-09-27 08:24:39,540 [ERROR] pipeline.job.20: 任务失败: [WinError 32] 另一个程序正在使用此文件，进程无法访问。: 'E:\\WorkBuddy\\video-transfer-tools\\video_pipeline\\work\\current\\video_ai.mp4'
2026-09-27 08:24:39,542 [WARNING] pipeline.job.20: 进入 RETRY_PENDING (第 1 次)
2026-09-27 08:24:39,544 [INFO] pipeline.job.20: === 开始处理 E:\WorkBuddy\video-transfer-tools\video_pipeline\input\课程\录像14.wmv ===
2026-09-27 08:24:39,547 [INFO] pipeline.job.20: 自动档位：2x（仅超分） —— 超预算：完整修复约 5.7h > 4.0h，退回 2x（约快 9 倍）
2026-09-27 08:24:39,547 [INFO] pipeline.job.20: 耗时预估：完整档 5.65h / 快速档 0.58h / 单文件预算 4.00h
2026-09-27 08:24:39,548 [INFO] pipeline.job.20: RVE 参数：超分 2x，压缩修复 关，timeout 4.0h
2026-09-27 08:24:39,549 [INFO] adapters.rve: RVE 调用: E:\WorkBuddy\video-transfer-tools\video_pipeline\tools\backend\rve-backend.py -i E:\WorkBuddy\video-transfer-tools\video_pipeline\input\课程\录像14.wmv -o E:\WorkBuddy\video-transfer-tools\video_pipeline\work\current\video_ai.mp4 --upscale_model E:\WorkBuddy\video-transfer-tools\video_pipeline\tools\models\2x_OpenProteus_Compact_i2_70K.pth --device cuda --backend pytorch --precision auto --pytorch_gpu_id 0 --tilesize 0 --ffmpeg_path E:\WorkBuddy\video-transfer-tools\video_pipeline\.tools\ffmpeg\ffmpeg.exe --overwrite --crf 16 --video_encoder_preset libx264 --audio_encoder_preset aac
2026-09-27 08:24:39,550 [ERROR] pipeline.scheduler: 任务 20 未预期异常
Traceback (most recent call last):
  File "E:\WorkBuddy\video-transfer-tools\video_pipeline\pipeline\scheduler.py", line 120, in run
    self._process_job(job)
  File "E:\WorkBuddy\video-transfer-tools\video_pipeline\pipeline\scheduler.py", line 214, in _process_job
    self._stage_repair_video(job, info, profile, video_ai, log_file, jlog)
  File "E:\WorkBuddy\video-transfer-tools\video_pipeline\pipeline\scheduler.py", line 296, in _stage_repair_video
    self.video_ai.enhance(Path(job.source_path), video_ai,
  File "E:\WorkBuddy\video-transfer-tools\video_pipeline\adapters\real_video_enhancer.py", line 159, in enhance
    dst.unlink()  # RVE 自身也校验 --overwrite，这里先清干净
    ^^^^^^^^^^^^
  File "D:\anaconda\Lib\pathlib.py", line 1147, in unlink
    os.unlink(self)
PermissionError: [WinError 32] 另一个程序正在使用此文件，进程无法访问。: 'E:\\WorkBuddy\\video-transfer-tools\\video_pipeline\\work\\current\\video_ai.mp4'
2026-09-27 08:24:39,551 [ERROR] pipeline.job.20: 任务失败: [WinError 32] 另一个程序正在使用此文件，进程无法访问。: 'E:\\WorkBuddy\\video-transfer-tools\\video_pipeline\\work\\current\\video_ai.mp4'
2026-09-27 08:24:39,552 [WARNING] pipeline.job.20: 隔离失败文件时出错: [WinError 32] 另一个程序正在使用此文件，进程无法访问。: 'E:\\WorkBuddy\\video-transfer-tools\\video_pipeline\\work\\current\\video_ai.mp4' -> 'E:\\WorkBuddy\\video-transfer-tools\\video_pipeline\\failed\\job_0020\\video_ai.mp4'
2026-09-27 08:24:39,553 [ERROR] pipeline.job.20: FAILED_FINAL
2026-09-27 08:24:39,554 [INFO] pipeline.job.21: === 开始处理 E:\WorkBuddy\video-transfer-tools\video_pipeline\input\课程\录像15.wmv ===
2026-09-27 08:24:39,556 [INFO] pipeline.runner: RUN ffprobe -v error -print_format json -show_format -show_streams E:\WorkBuddy\video-transfer-tools\video_pipeline\input\课程\录像15.wmv
2026-09-27 08:24:39,586 [INFO] pipeline.runner: EXIT rc=0 0.0s ffprobe
2026-09-27 08:24:39,588 [INFO] pipeline.job.21: VALIDATING 完成 profile=legacy
2026-09-27 08:24:39,590 [INFO] pipeline.job.21: 自动档位：1x+2x（完整修复） —— 预算内：完整修复约 3.7h ≤ 4.0h，启用 1x+2x
2026-09-27 08:24:39,590 [INFO] pipeline.job.21: 耗时预估：完整档 3.69h / 快速档 0.38h / 单文件预算 4.00h
2026-09-27 08:24:39,591 [INFO] pipeline.job.21: RVE 参数：超分 2x，压缩修复 开，timeout 11.2h
2026-09-27 08:24:39,591 [INFO] adapters.rve: RVE 调用: E:\WorkBuddy\video-transfer-tools\video_pipeline\tools\backend\rve-backend.py -i E:\WorkBuddy\video-transfer-tools\video_pipeline\input\课程\录像15.wmv -o E:\WorkBuddy\video-transfer-tools\video_pipeline\work\current\video_ai.mp4 --extra_restoration_models E:\WorkBuddy\video-transfer-tools\video_pipeline\tools\models\1xDeH264_realplksr.pth --upscale_model E:\WorkBuddy\video-transfer-tools\video_pipeline\tools\models\2x_OpenProteus_Compact_i2_70K.pth --device cuda --backend pytorch --precision auto --pytorch_gpu_id 0 --tilesize 0 --ffmpeg_path E:\WorkBuddy\video-transfer-tools\video_pipeline\.tools\ffmpeg\ffmpeg.exe --overwrite --crf 16 --video_encoder_preset libx264 --audio_encoder_preset aac
2026-09-27 08:24:39,592 [ERROR] pipeline.scheduler: 任务 21 未预期异常
Traceback (most recent call last):
  File "E:\WorkBuddy\video-transfer-tools\video_pipeline\pipeline\scheduler.py", line 120, in run
    self._process_job(job)
  File "E:\WorkBuddy\video-transfer-tools\video_pipeline\pipeline\scheduler.py", line 214, in _process_job
    self._stage_repair_video(job, info, profile, video_ai, log_file, jlog)
  File "E:\WorkBuddy\video-transfer-tools\video_pipeline\pipeline\scheduler.py", line 296, in _stage_repair_video
    self.video_ai.enhance(Path(job.source_path), video_ai,
  File "E:\WorkBuddy\video-transfer-tools\video_pipeline\adapters\real_video_enhancer.py", line 159, in enhance
    dst.unlink()  # RVE 自身也校验 --overwrite，这里先清干净
    ^^^^^^^^^^^^
  File "D:\anaconda\Lib\pathlib.py", line 1147, in unlink
    os.unlink(self)
PermissionError: [WinError 32] 另一个程序正在使用此文件，进程无法访问。: 'E:\\WorkBuddy\\video-transfer-tools\\video_pipeline\\work\\current\\video_ai.mp4'
2026-09-27 08:24:39,594 [ERROR] pipeline.job.21: 任务失败: [WinError 32] 另一个程序正在使用此文件，进程无法访问。: 'E:\\WorkBuddy\\video-transfer-tools\\video_pipeline\\work\\current\\video_ai.mp4'
2026-09-27 08:24:39,597 [WARNING] pipeline.job.21: 进入 RETRY_PENDING (第 1 次)
2026-09-27 08:24:39,598 [INFO] pipeline.job.21: === 开始处理 E:\WorkBuddy\video-transfer-tools\video_pipeline\input\课程\录像15.wmv ===
2026-09-27 08:24:39,600 [INFO] pipeline.job.21: 自动档位：1x+2x（完整修复） —— 预算内：完整修复约 3.7h ≤ 4.0h，启用 1x+2x
2026-09-27 08:24:39,600 [INFO] pipeline.job.21: 耗时预估：完整档 3.69h / 快速档 0.38h / 单文件预算 4.00h
2026-09-27 08:24:39,601 [INFO] pipeline.job.21: RVE 参数：超分 2x，压缩修复 开，timeout 11.2h
2026-09-27 08:24:39,601 [INFO] adapters.rve: RVE 调用: E:\WorkBuddy\video-transfer-tools\video_pipeline\tools\backend\rve-backend.py -i E:\WorkBuddy\video-transfer-tools\video_pipeline\input\课程\录像15.wmv -o E:\WorkBuddy\video-transfer-tools\video_pipeline\work\current\video_ai.mp4 --extra_restoration_models E:\WorkBuddy\video-transfer-tools\video_pipeline\tools\models\1xDeH264_realplksr.pth --upscale_model E:\WorkBuddy\video-transfer-tools\video_pipeline\tools\models\2x_OpenProteus_Compact_i2_70K.pth --device cuda --backend pytorch --precision auto --pytorch_gpu_id 0 --tilesize 0 --ffmpeg_path E:\WorkBuddy\video-transfer-tools\video_pipeline\.tools\ffmpeg\ffmpeg.exe --overwrite --crf 16 --video_encoder_preset libx264 --audio_encoder_preset aac
2026-09-27 08:24:39,603 [ERROR] pipeline.scheduler: 任务 21 未预期异常
Traceback (most recent call last):
  File "E:\WorkBuddy\video-transfer-tools\video_pipeline\pipeline\scheduler.py", line 120, in run
    self._process_job(job)
  File "E:\WorkBuddy\video-transfer-tools\video_pipeline\pipeline\scheduler.py", line 214, in _process_job
    self._stage_repair_video(job, info, profile, video_ai, log_file, jlog)
  File "E:\WorkBuddy\video-transfer-tools\video_pipeline\pipeline\scheduler.py", line 296, in _stage_repair_video
    self.video_ai.enhance(Path(job.source_path), video_ai,
  File "E:\WorkBuddy\video-transfer-tools\video_pipeline\adapters\real_video_enhancer.py", line 159, in enhance
    dst.unlink()  # RVE 自身也校验 --overwrite，这里先清干净
    ^^^^^^^^^^^^
  File "D:\anaconda\Lib\pathlib.py", line 1147, in unlink
    os.unlink(self)
PermissionError: [WinError 32] 另一个程序正在使用此文件，进程无法访问。: 'E:\\WorkBuddy\\video-transfer-tools\\video_pipeline\\work\\current\\video_ai.mp4'
2026-09-27 08:24:39,603 [ERROR] pipeline.job.21: 任务失败: [WinError 32] 另一个程序正在使用此文件，进程无法访问。: 'E:\\WorkBuddy\\video-transfer-tools\\video_pipeline\\work\\current\\video_ai.mp4'
2026-09-27 08:24:39,606 [WARNING] pipeline.job.21: 隔离失败文件时出错: [WinError 32] 另一个程序正在使用此文件，进程无法访问。: 'E:\\WorkBuddy\\video-transfer-tools\\video_pipeline\\work\\current\\video_ai.mp4' -> 'E:\\WorkBuddy\\video-transfer-tools\\video_pipeline\\failed\\job_0021\\video_ai.mp4'
2026-09-27 08:24:39,608 [ERROR] pipeline.job.21: FAILED_FINAL
2026-09-27 08:24:39,609 [INFO] pipeline.job.22: === 开始处理 E:\WorkBuddy\video-transfer-tools\video_pipeline\input\课程\录像16.wmv ===
2026-09-27 08:24:39,612 [INFO] pipeline.runner: RUN ffprobe -v error -print_format json -show_format -show_streams E:\WorkBuddy\video-transfer-tools\video_pipeline\input\课程\录像16.wmv
2026-09-27 08:24:39,638 [INFO] pipeline.runner: EXIT rc=0 0.0s ffprobe
2026-09-27 08:24:39,641 [INFO] pipeline.job.22: VALIDATING 完成 profile=legacy
2026-09-27 08:24:39,644 [INFO] pipeline.job.22: 自动档位：2x（仅超分） —— 超预算：完整修复约 5.6h > 4.0h，退回 2x（约快 9 倍）
2026-09-27 08:24:39,644 [INFO] pipeline.job.22: 耗时预估：完整档 5.60h / 快速档 0.58h / 单文件预算 4.00h
2026-09-27 08:24:39,644 [INFO] pipeline.job.22: RVE 参数：超分 2x，压缩修复 关，timeout 4.0h
2026-09-27 08:24:39,645 [INFO] adapters.rve: RVE 调用: E:\WorkBuddy\video-transfer-tools\video_pipeline\tools\backend\rve-backend.py -i E:\WorkBuddy\video-transfer-tools\video_pipeline\input\课程\录像16.wmv -o E:\WorkBuddy\video-transfer-tools\video_pipeline\work\current\video_ai.mp4 --upscale_model E:\WorkBuddy\video-transfer-tools\video_pipeline\tools\models\2x_OpenProteus_Compact_i2_70K.pth --device cuda --backend pytorch --precision auto --pytorch_gpu_id 0 --tilesize 0 --ffmpeg_path E:\WorkBuddy\video-transfer-tools\video_pipeline\.tools\ffmpeg\ffmpeg.exe --overwrite --crf 16 --video_encoder_preset libx264 --audio_encoder_preset aac
2026-09-27 08:24:39,646 [ERROR] pipeline.scheduler: 任务 22 未预期异常
Traceback (most recent call last):
  File "E:\WorkBuddy\video-transfer-tools\video_pipeline\pipeline\scheduler.py", line 120, in run
    self._process_job(job)
  File "E:\WorkBuddy\video-transfer-tools\video_pipeline\pipeline\scheduler.py", line 214, in _process_job
    self._stage_repair_video(job, info, profile, video_ai, log_file, jlog)
  File "E:\WorkBuddy\video-transfer-tools\video_pipeline\pipeline\scheduler.py", line 296, in _stage_repair_video
    self.video_ai.enhance(Path(job.source_path), video_ai,
  File "E:\WorkBuddy\video-transfer-tools\video_pipeline\adapters\real_video_enhancer.py", line 159, in enhance
    dst.unlink()  # RVE 自身也校验 --overwrite，这里先清干净
    ^^^^^^^^^^^^
  File "D:\anaconda\Lib\pathlib.py", line 1147, in unlink
    os.unlink(self)
PermissionError: [WinError 32] 另一个程序正在使用此文件，进程无法访问。: 'E:\\WorkBuddy\\video-transfer-tools\\video_pipeline\\work\\current\\video_ai.mp4'
2026-09-27 08:24:39,648 [ERROR] pipeline.job.22: 任务失败: [WinError 32] 另一个程序正在使用此文件，进程无法访问。: 'E:\\WorkBuddy\\video-transfer-tools\\video_pipeline\\work\\current\\video_ai.mp4'
2026-09-27 08:24:39,650 [WARNING] pipeline.job.22: 进入 RETRY_PENDING (第 1 次)
2026-09-27 08:24:39,651 [INFO] pipeline.job.22: === 开始处理 E:\WorkBuddy\video-transfer-tools\video_pipeline\input\课程\录像16.wmv ===
2026-09-27 08:24:39,654 [INFO] pipeline.job.22: 自动档位：2x（仅超分） —— 超预算：完整修复约 5.6h > 4.0h，退回 2x（约快 9 倍）
2026-09-27 08:24:39,654 [INFO] pipeline.job.22: 耗时预估：完整档 5.60h / 快速档 0.58h / 单文件预算 4.00h
2026-09-27 08:24:39,654 [INFO] pipeline.job.22: RVE 参数：超分 2x，压缩修复 关，timeout 4.0h
2026-09-27 08:24:39,656 [INFO] adapters.rve: RVE 调用: E:\WorkBuddy\video-transfer-tools\video_pipeline\tools\backend\rve-backend.py -i E:\WorkBuddy\video-transfer-tools\video_pipeline\input\课程\录像16.wmv -o E:\WorkBuddy\video-transfer-tools\video_pipeline\work\current\video_ai.mp4 --upscale_model E:\WorkBuddy\video-transfer-tools\video_pipeline\tools\models\2x_OpenProteus_Compact_i2_70K.pth --device cuda --backend pytorch --precision auto --pytorch_gpu_id 0 --tilesize 0 --ffmpeg_path E:\WorkBuddy\video-transfer-tools\video_pipeline\.tools\ffmpeg\ffmpeg.exe --overwrite --crf 16 --video_encoder_preset libx264 --audio_encoder_preset aac
2026-09-27 08:24:39,656 [ERROR] pipeline.scheduler: 任务 22 未预期异常
Traceback (most recent call last):
  File "E:\WorkBuddy\video-transfer-tools\video_pipeline\pipeline\scheduler.py", line 120, in run
    self._process_job(job)
  File "E:\WorkBuddy\video-transfer-tools\video_pipeline\pipeline\scheduler.py", line 214, in _process_job
    self._stage_repair_video(job, info, profile, video_ai, log_file, jlog)
  File "E:\WorkBuddy\video-transfer-tools\video_pipeline\pipeline\scheduler.py", line 296, in _stage_repair_video
    self.video_ai.enhance(Path(job.source_path), video_ai,
  File "E:\WorkBuddy\video-transfer-tools\video_pipeline\adapters\real_video_enhancer.py", line 159, in enhance
    dst.unlink()  # RVE 自身也校验 --overwrite，这里先清干净
    ^^^^^^^^^^^^
  File "D:\anaconda\Lib\pathlib.py", line 1147, in unlink
    os.unlink(self)
PermissionError: [WinError 32] 另一个程序正在使用此文件，进程无法访问。: 'E:\\WorkBuddy\\video-transfer-tools\\video_pipeline\\work\\current\\video_ai.mp4'
2026-09-27 08:24:39,658 [ERROR] pipeline.job.22: 任务失败: [WinError 32] 另一个程序正在使用此文件，进程无法访问。: 'E:\\WorkBuddy\\video-transfer-tools\\video_pipeline\\work\\current\\video_ai.mp4'
2026-09-27 08:24:39,659 [WARNING] pipeline.job.22: 隔离失败文件时出错: [WinError 32] 另一个程序正在使用此文件，进程无法访问。: 'E:\\WorkBuddy\\video-transfer-tools\\video_pipeline\\work\\current\\video_ai.mp4' -> 'E:\\WorkBuddy\\video-transfer-tools\\video_pipeline\\failed\\job_0022\\video_ai.mp4'
2026-09-27 08:24:39,660 [ERROR] pipeline.job.22: FAILED_FINAL
2026-09-27 08:24:39,662 [INFO] pipeline.job.23: === 开始处理 E:\WorkBuddy\video-transfer-tools\video_pipeline\input\课程\录像17.wmv ===
2026-09-27 08:24:39,666 [INFO] pipeline.runner: RUN ffprobe -v error -print_format json -show_format -show_streams E:\WorkBuddy\video-transfer-tools\video_pipeline\input\课程\录像17.wmv
2026-09-27 08:24:39,690 [INFO] pipeline.runner: EXIT rc=0 0.0s ffprobe
2026-09-27 08:24:39,692 [INFO] pipeline.job.23: VALIDATING 完成 profile=legacy
2026-09-27 08:24:39,694 [INFO] pipeline.job.23: 自动档位：2x（仅超分） —— 超预算：完整修复约 5.6h > 4.0h，退回 2x（约快 9 倍）
2026-09-27 08:24:39,695 [INFO] pipeline.job.23: 耗时预估：完整档 5.59h / 快速档 0.58h / 单文件预算 4.00h
2026-09-27 08:24:39,696 [INFO] pipeline.job.23: RVE 参数：超分 2x，压缩修复 关，timeout 4.0h
2026-09-27 08:24:39,697 [INFO] adapters.rve: RVE 调用: E:\WorkBuddy\video-transfer-tools\video_pipeline\tools\backend\rve-backend.py -i E:\WorkBuddy\video-transfer-tools\video_pipeline\input\课程\录像17.wmv -o E:\WorkBuddy\video-transfer-tools\video_pipeline\work\current\video_ai.mp4 --upscale_model E:\WorkBuddy\video-transfer-tools\video_pipeline\tools\models\2x_OpenProteus_Compact_i2_70K.pth --device cuda --backend pytorch --precision auto --pytorch_gpu_id 0 --tilesize 0 --ffmpeg_path E:\WorkBuddy\video-transfer-tools\video_pipeline\.tools\ffmpeg\ffmpeg.exe --overwrite --crf 16 --video_encoder_preset libx264 --audio_encoder_preset aac
2026-09-27 08:24:39,697 [ERROR] pipeline.scheduler: 任务 23 未预期异常
Traceback (most recent call last):
  File "E:\WorkBuddy\video-transfer-tools\video_pipeline\pipeline\scheduler.py", line 120, in run
    self._process_job(job)
  File "E:\WorkBuddy\video-transfer-tools\video_pipeline\pipeline\scheduler.py", line 214, in _process_job
    self._stage_repair_video(job, info, profile, video_ai, log_file, jlog)
  File "E:\WorkBuddy\video-transfer-tools\video_pipeline\pipeline\scheduler.py", line 296, in _stage_repair_video
    self.video_ai.enhance(Path(job.source_path), video_ai,
  File "E:\WorkBuddy\video-transfer-tools\video_pipeline\adapters\real_video_enhancer.py", line 159, in enhance
    dst.unlink()  # RVE 自身也校验 --overwrite，这里先清干净
    ^^^^^^^^^^^^
  File "D:\anaconda\Lib\pathlib.py", line 1147, in unlink
    os.unlink(self)
PermissionError: [WinError 32] 另一个程序正在使用此文件，进程无法访问。: 'E:\\WorkBuddy\\video-transfer-tools\\video_pipeline\\work\\current\\video_ai.mp4'
2026-09-27 08:24:39,698 [ERROR] pipeline.job.23: 任务失败: [WinError 32] 另一个程序正在使用此文件，进程无法访问。: 'E:\\WorkBuddy\\video-transfer-tools\\video_pipeline\\work\\current\\video_ai.mp4'
2026-09-27 08:24:39,701 [WARNING] pipeline.job.23: 进入 RETRY_PENDING (第 1 次)
2026-09-27 08:24:39,703 [INFO] pipeline.job.23: === 开始处理 E:\WorkBuddy\video-transfer-tools\video_pipeline\input\课程\录像17.wmv ===
2026-09-27 08:24:39,704 [INFO] pipeline.job.23: 自动档位：2x（仅超分） —— 超预算：完整修复约 5.6h > 4.0h，退回 2x（约快 9 倍）
2026-09-27 08:24:39,706 [INFO] pipeline.job.23: 耗时预估：完整档 5.59h / 快速档 0.58h / 单文件预算 4.00h
2026-09-27 08:24:39,706 [INFO] pipeline.job.23: RVE 参数：超分 2x，压缩修复 关，timeout 4.0h
2026-09-27 08:24:39,707 [INFO] adapters.rve: RVE 调用: E:\WorkBuddy\video-transfer-tools\video_pipeline\tools\backend\rve-backend.py -i E:\WorkBuddy\video-transfer-tools\video_pipeline\input\课程\录像17.wmv -o E:\WorkBuddy\video-transfer-tools\video_pipeline\work\current\video_ai.mp4 --upscale_model E:\WorkBuddy\video-transfer-tools\video_pipeline\tools\models\2x_OpenProteus_Compact_i2_70K.pth --device cuda --backend pytorch --precision auto --pytorch_gpu_id 0 --tilesize 0 --ffmpeg_path E:\WorkBuddy\video-transfer-tools\video_pipeline\.tools\ffmpeg\ffmpeg.exe --overwrite --crf 16 --video_encoder_preset libx264 --audio_encoder_preset aac
2026-09-27 08:24:39,707 [ERROR] pipeline.scheduler: 任务 23 未预期异常
Traceback (most recent call last):
  File "E:\WorkBuddy\video-transfer-tools\video_pipeline\pipeline\scheduler.py", line 120, in run
    self._process_job(job)
  File "E:\WorkBuddy\video-transfer-tools\video_pipeline\pipeline\scheduler.py", line 214, in _process_job
    self._stage_repair_video(job, info, profile, video_ai, log_file, jlog)
  File "E:\WorkBuddy\video-transfer-tools\video_pipeline\pipeline\scheduler.py", line 296, in _stage_repair_video
    self.video_ai.enhance(Path(job.source_path), video_ai,
  File "E:\WorkBuddy\video-transfer-tools\video_pipeline\adapters\real_video_enhancer.py", line 159, in enhance
    dst.unlink()  # RVE 自身也校验 --overwrite，这里先清干净
    ^^^^^^^^^^^^
  File "D:\anaconda\Lib\pathlib.py", line 1147, in unlink
    os.unlink(self)
PermissionError: [WinError 32] 另一个程序正在使用此文件，进程无法访问。: 'E:\\WorkBuddy\\video-transfer-tools\\video_pipeline\\work\\current\\video_ai.mp4'
2026-09-27 08:24:39,708 [ERROR] pipeline.job.23: 任务失败: [WinError 32] 另一个程序正在使用此文件，进程无法访问。: 'E:\\WorkBuddy\\video-transfer-tools\\video_pipeline\\work\\current\\video_ai.mp4'
2026-09-27 08:24:39,710 [WARNING] pipeline.job.23: 隔离失败文件时出错: [WinError 32] 另一个程序正在使用此文件，进程无法访问。: 'E:\\WorkBuddy\\video-transfer-tools\\video_pipeline\\work\\current\\video_ai.mp4' -> 'E:\\WorkBuddy\\video-transfer-tools\\video_pipeline\\failed\\job_0023\\video_ai.mp4'
2026-09-27 08:24:39,711 [ERROR] pipeline.job.23: FAILED_FINAL
2026-09-27 08:24:39,713 [INFO] pipeline.job.24: === 开始处理 E:\WorkBuddy\video-transfer-tools\video_pipeline\input\课程\录像18.wmv ===
2026-09-27 08:24:39,716 [INFO] pipeline.runner: RUN ffprobe -v error -print_format json -show_format -show_streams E:\WorkBuddy\video-transfer-tools\video_pipeline\input\课程\录像18.wmv
2026-09-27 08:24:39,789 [INFO] pipeline.runner: EXIT rc=0 0.1s ffprobe
2026-09-27 08:24:39,791 [INFO] pipeline.job.24: VALIDATING 完成 profile=legacy
2026-09-27 08:24:39,792 [INFO] pipeline.job.24: 自动档位：2x（仅超分） —— 超预算：完整修复约 4.3h > 4.0h，退回 2x（约快 9 倍）
2026-09-27 08:24:39,794 [INFO] pipeline.job.24: 耗时预估：完整档 4.33h / 快速档 0.45h / 单文件预算 4.00h
2026-09-27 08:24:39,794 [INFO] pipeline.job.24: RVE 参数：超分 2x，压缩修复 关，timeout 4.0h
2026-09-27 08:24:39,794 [INFO] adapters.rve: RVE 调用: E:\WorkBuddy\video-transfer-tools\video_pipeline\tools\backend\rve-backend.py -i E:\WorkBuddy\video-transfer-tools\video_pipeline\input\课程\录像18.wmv -o E:\WorkBuddy\video-transfer-tools\video_pipeline\work\current\video_ai.mp4 --upscale_model E:\WorkBuddy\video-transfer-tools\video_pipeline\tools\models\2x_OpenProteus_Compact_i2_70K.pth --device cuda --backend pytorch --precision auto --pytorch_gpu_id 0 --tilesize 0 --ffmpeg_path E:\WorkBuddy\video-transfer-tools\video_pipeline\.tools\ffmpeg\ffmpeg.exe --overwrite --crf 16 --video_encoder_preset libx264 --audio_encoder_preset aac
2026-09-27 08:24:39,794 [ERROR] pipeline.scheduler: 任务 24 未预期异常
Traceback (most recent call last):
  File "E:\WorkBuddy\video-transfer-tools\video_pipeline\pipeline\scheduler.py", line 120, in run
    self._process_job(job)
  File "E:\WorkBuddy\video-transfer-tools\video_pipeline\pipeline\scheduler.py", line 214, in _process_job
    self._stage_repair_video(job, info, profile, video_ai, log_file, jlog)
  File "E:\WorkBuddy\video-transfer-tools\video_pipeline\pipeline\scheduler.py", line 296, in _stage_repair_video
    self.video_ai.enhance(Path(job.source_path), video_ai,
  File "E:\WorkBuddy\video-transfer-tools\video_pipeline\adapters\real_video_enhancer.py", line 159, in enhance
    dst.unlink()  # RVE 自身也校验 --overwrite，这里先清干净
    ^^^^^^^^^^^^
  File "D:\anaconda\Lib\pathlib.py", line 1147, in unlink
    os.unlink(self)
PermissionError: [WinError 32] 另一个程序正在使用此文件，进程无法访问。: 'E:\\WorkBuddy\\video-transfer-tools\\video_pipeline\\work\\current\\video_ai.mp4'
2026-09-27 08:24:39,796 [ERROR] pipeline.job.24: 任务失败: [WinError 32] 另一个程序正在使用此文件，进程无法访问。: 'E:\\WorkBuddy\\video-transfer-tools\\video_pipeline\\work\\current\\video_ai.mp4'
2026-09-27 08:24:39,799 [WARNING] pipeline.job.24: 进入 RETRY_PENDING (第 1 次)
2026-09-27 08:24:39,799 [INFO] pipeline.job.24: === 开始处理 E:\WorkBuddy\video-transfer-tools\video_pipeline\input\课程\录像18.wmv ===
2026-09-27 08:24:39,801 [INFO] pipeline.job.24: 自动档位：2x（仅超分） —— 超预算：完整修复约 4.3h > 4.0h，退回 2x（约快 9 倍）
2026-09-27 08:24:39,801 [INFO] pipeline.job.24: 耗时预估：完整档 4.33h / 快速档 0.45h / 单文件预算 4.00h
2026-09-27 08:24:39,802 [INFO] pipeline.job.24: RVE 参数：超分 2x，压缩修复 关，timeout 4.0h
2026-09-27 08:24:39,803 [INFO] adapters.rve: RVE 调用: E:\WorkBuddy\video-transfer-tools\video_pipeline\tools\backend\rve-backend.py -i E:\WorkBuddy\video-transfer-tools\video_pipeline\input\课程\录像18.wmv -o E:\WorkBuddy\video-transfer-tools\video_pipeline\work\current\video_ai.mp4 --upscale_model E:\WorkBuddy\video-transfer-tools\video_pipeline\tools\models\2x_OpenProteus_Compact_i2_70K.pth --device cuda --backend pytorch --precision auto --pytorch_gpu_id 0 --tilesize 0 --ffmpeg_path E:\WorkBuddy\video-transfer-tools\video_pipeline\.tools\ffmpeg\ffmpeg.exe --overwrite --crf 16 --video_encoder_preset libx264 --audio_encoder_preset aac
2026-09-27 08:24:39,803 [ERROR] pipeline.scheduler: 任务 24 未预期异常
Traceback (most recent call last):
  File "E:\WorkBuddy\video-transfer-tools\video_pipeline\pipeline\scheduler.py", line 120, in run
    self._process_job(job)
  File "E:\WorkBuddy\video-transfer-tools\video_pipeline\pipeline\scheduler.py", line 214, in _process_job
    self._stage_repair_video(job, info, profile, video_ai, log_file, jlog)
  File "E:\WorkBuddy\video-transfer-tools\video_pipeline\pipeline\scheduler.py", line 296, in _stage_repair_video
    self.video_ai.enhance(Path(job.source_path), video_ai,
  File "E:\WorkBuddy\video-transfer-tools\video_pipeline\adapters\real_video_enhancer.py", line 159, in enhance
    dst.unlink()  # RVE 自身也校验 --overwrite，这里先清干净
    ^^^^^^^^^^^^
  File "D:\anaconda\Lib\pathlib.py", line 1147, in unlink
    os.unlink(self)
PermissionError: [WinError 32] 另一个程序正在使用此文件，进程无法访问。: 'E:\\WorkBuddy\\video-transfer-tools\\video_pipeline\\work\\current\\video_ai.mp4'
2026-09-27 08:24:39,804 [ERROR] pipeline.job.24: 任务失败: [WinError 32] 另一个程序正在使用此文件，进程无法访问。: 'E:\\WorkBuddy\\video-transfer-tools\\video_pipeline\\work\\current\\video_ai.mp4'
2026-09-27 08:24:39,805 [WARNING] pipeline.job.24: 隔离失败文件时出错: [WinError 32] 另一个程序正在使用此文件，进程无法访问。: 'E:\\WorkBuddy\\video-transfer-tools\\video_pipeline\\work\\current\\video_ai.mp4' -> 'E:\\WorkBuddy\\video-transfer-tools\\video_pipeline\\failed\\job_0024\\video_ai.mp4'
2026-09-27 08:24:39,806 [ERROR] pipeline.job.24: FAILED_FINAL
2026-09-27 08:24:39,808 [INFO] pipeline.job.25: === 开始处理 E:\WorkBuddy\video-transfer-tools\video_pipeline\input\课程\录像19.wmv ===
2026-09-27 08:24:39,810 [INFO] pipeline.runner: RUN ffprobe -v error -print_format json -show_format -show_streams E:\WorkBuddy\video-transfer-tools\video_pipeline\input\课程\录像19.wmv
2026-09-27 08:24:39,837 [INFO] pipeline.runner: EXIT rc=0 0.0s ffprobe
2026-09-27 08:24:39,839 [INFO] pipeline.job.25: VALIDATING 完成 profile=legacy
2026-09-27 08:24:39,841 [INFO] pipeline.job.25: 自动档位：2x（仅超分） —— 超预算：完整修复约 4.5h > 4.0h，退回 2x（约快 9 倍）
2026-09-27 08:24:39,842 [INFO] pipeline.job.25: 耗时预估：完整档 4.46h / 快速档 0.46h / 单文件预算 4.00h
2026-09-27 08:24:39,842 [INFO] pipeline.job.25: RVE 参数：超分 2x，压缩修复 关，timeout 4.0h
2026-09-27 08:24:39,843 [INFO] adapters.rve: RVE 调用: E:\WorkBuddy\video-transfer-tools\video_pipeline\tools\backend\rve-backend.py -i E:\WorkBuddy\video-transfer-tools\video_pipeline\input\课程\录像19.wmv -o E:\WorkBuddy\video-transfer-tools\video_pipeline\work\current\video_ai.mp4 --upscale_model E:\WorkBuddy\video-transfer-tools\video_pipeline\tools\models\2x_OpenProteus_Compact_i2_70K.pth --device cuda --backend pytorch --precision auto --pytorch_gpu_id 0 --tilesize 0 --ffmpeg_path E:\WorkBuddy\video-transfer-tools\video_pipeline\.tools\ffmpeg\ffmpeg.exe --overwrite --crf 16 --video_encoder_preset libx264 --audio_encoder_preset aac
2026-09-27 08:24:39,844 [ERROR] pipeline.scheduler: 任务 25 未预期异常
Traceback (most recent call last):
  File "E:\WorkBuddy\video-transfer-tools\video_pipeline\pipeline\scheduler.py", line 120, in run
    self._process_job(job)
  File "E:\WorkBuddy\video-transfer-tools\video_pipeline\pipeline\scheduler.py", line 214, in _process_job
    self._stage_repair_video(job, info, profile, video_ai, log_file, jlog)
  File "E:\WorkBuddy\video-transfer-tools\video_pipeline\pipeline\scheduler.py", line 296, in _stage_repair_video
    self.video_ai.enhance(Path(job.source_path), video_ai,
  File "E:\WorkBuddy\video-transfer-tools\video_pipeline\adapters\real_video_enhancer.py", line 159, in enhance
    dst.unlink()  # RVE 自身也校验 --overwrite，这里先清干净
    ^^^^^^^^^^^^
  File "D:\anaconda\Lib\pathlib.py", line 1147, in unlink
    os.unlink(self)
PermissionError: [WinError 32] 另一个程序正在使用此文件，进程无法访问。: 'E:\\WorkBuddy\\video-transfer-tools\\video_pipeline\\work\\current\\video_ai.mp4'
2026-09-27 08:24:39,845 [ERROR] pipeline.job.25: 任务失败: [WinError 32] 另一个程序正在使用此文件，进程无法访问。: 'E:\\WorkBuddy\\video-transfer-tools\\video_pipeline\\work\\current\\video_ai.mp4'
2026-09-27 08:24:39,849 [WARNING] pipeline.job.25: 进入 RETRY_PENDING (第 1 次)
2026-09-27 08:24:39,850 [INFO] pipeline.job.25: === 开始处理 E:\WorkBuddy\video-transfer-tools\video_pipeline\input\课程\录像19.wmv ===
2026-09-27 08:24:39,852 [INFO] pipeline.job.25: 自动档位：2x（仅超分） —— 超预算：完整修复约 4.5h > 4.0h，退回 2x（约快 9 倍）
2026-09-27 08:24:39,853 [INFO] pipeline.job.25: 耗时预估：完整档 4.46h / 快速档 0.46h / 单文件预算 4.00h
2026-09-27 08:24:39,853 [INFO] pipeline.job.25: RVE 参数：超分 2x，压缩修复 关，timeout 4.0h
2026-09-27 08:24:39,854 [INFO] adapters.rve: RVE 调用: E:\WorkBuddy\video-transfer-tools\video_pipeline\tools\backend\rve-backend.py -i E:\WorkBuddy\video-transfer-tools\video_pipeline\input\课程\录像19.wmv -o E:\WorkBuddy\video-transfer-tools\video_pipeline\work\current\video_ai.mp4 --upscale_model E:\WorkBuddy\video-transfer-tools\video_pipeline\tools\models\2x_OpenProteus_Compact_i2_70K.pth --device cuda --backend pytorch --precision auto --pytorch_gpu_id 0 --tilesize 0 --ffmpeg_path E:\WorkBuddy\video-transfer-tools\video_pipeline\.tools\ffmpeg\ffmpeg.exe --overwrite --crf 16 --video_encoder_preset libx264 --audio_encoder_preset aac
2026-09-27 08:24:39,854 [ERROR] pipeline.scheduler: 任务 25 未预期异常
Traceback (most recent call last):
  File "E:\WorkBuddy\video-transfer-tools\video_pipeline\pipeline\scheduler.py", line 120, in run
    self._process_job(job)
  File "E:\WorkBuddy\video-transfer-tools\video_pipeline\pipeline\scheduler.py", line 214, in _process_job
    self._stage_repair_video(job, info, profile, video_ai, log_file, jlog)
  File "E:\WorkBuddy\video-transfer-tools\video_pipeline\pipeline\scheduler.py", line 296, in _stage_repair_video
    self.video_ai.enhance(Path(job.source_path), video_ai,
  File "E:\WorkBuddy\video-transfer-tools\video_pipeline\adapters\real_video_enhancer.py", line 159, in enhance
    dst.unlink()  # RVE 自身也校验 --overwrite，这里先清干净
    ^^^^^^^^^^^^
  File "D:\anaconda\Lib\pathlib.py", line 1147, in unlink
    os.unlink(self)
PermissionError: [WinError 32] 另一个程序正在使用此文件，进程无法访问。: 'E:\\WorkBuddy\\video-transfer-tools\\video_pipeline\\work\\current\\video_ai.mp4'
2026-09-27 08:24:39,856 [ERROR] pipeline.job.25: 任务失败: [WinError 32] 另一个程序正在使用此文件，进程无法访问。: 'E:\\WorkBuddy\\video-transfer-tools\\video_pipeline\\work\\current\\video_ai.mp4'
2026-09-27 08:24:39,858 [WARNING] pipeline.job.25: 隔离失败文件时出错: [WinError 32] 另一个程序正在使用此文件，进程无法访问。: 'E:\\WorkBuddy\\video-transfer-tools\\video_pipeline\\work\\current\\video_ai.mp4' -> 'E:\\WorkBuddy\\video-transfer-tools\\video_pipeline\\failed\\job_0025\\video_ai.mp4'
2026-09-27 08:24:39,859 [ERROR] pipeline.job.25: FAILED_FINAL
2026-09-27 08:24:39,860 [INFO] pipeline.job.26: === 开始处理 E:\WorkBuddy\video-transfer-tools\video_pipeline\input\课程\录像20.wmv ===
2026-09-27 08:24:39,864 [INFO] pipeline.runner: RUN ffprobe -v error -print_format json -show_format -show_streams E:\WorkBuddy\video-transfer-tools\video_pipeline\input\课程\录像20.wmv
2026-09-27 08:24:39,889 [INFO] pipeline.runner: EXIT rc=0 0.0s ffprobe
2026-09-27 08:24:39,891 [INFO] pipeline.job.26: VALIDATING 完成 profile=legacy
2026-09-27 08:24:39,894 [INFO] pipeline.job.26: 自动档位：2x（仅超分） —— 超预算：完整修复约 6.5h > 4.0h，退回 2x（约快 9 倍）
2026-09-27 08:24:39,895 [INFO] pipeline.job.26: 耗时预估：完整档 6.52h / 快速档 0.67h / 单文件预算 4.00h
2026-09-27 08:24:39,895 [INFO] pipeline.job.26: RVE 参数：超分 2x，压缩修复 关，timeout 4.0h
2026-09-27 08:24:39,896 [INFO] adapters.rve: RVE 调用: E:\WorkBuddy\video-transfer-tools\video_pipeline\tools\backend\rve-backend.py -i E:\WorkBuddy\video-transfer-tools\video_pipeline\input\课程\录像20.wmv -o E:\WorkBuddy\video-transfer-tools\video_pipeline\work\current\video_ai.mp4 --upscale_model E:\WorkBuddy\video-transfer-tools\video_pipeline\tools\models\2x_OpenProteus_Compact_i2_70K.pth --device cuda --backend pytorch --precision auto --pytorch_gpu_id 0 --tilesize 0 --ffmpeg_path E:\WorkBuddy\video-transfer-tools\video_pipeline\.tools\ffmpeg\ffmpeg.exe --overwrite --crf 16 --video_encoder_preset libx264 --audio_encoder_preset aac
2026-09-27 08:24:39,897 [ERROR] pipeline.scheduler: 任务 26 未预期异常
Traceback (most recent call last):
  File "E:\WorkBuddy\video-transfer-tools\video_pipeline\pipeline\scheduler.py", line 120, in run
    self._process_job(job)
  File "E:\WorkBuddy\video-transfer-tools\video_pipeline\pipeline\scheduler.py", line 214, in _process_job
    self._stage_repair_video(job, info, profile, video_ai, log_file, jlog)
  File "E:\WorkBuddy\video-transfer-tools\video_pipeline\pipeline\scheduler.py", line 296, in _stage_repair_video
    self.video_ai.enhance(Path(job.source_path), video_ai,
  File "E:\WorkBuddy\video-transfer-tools\video_pipeline\adapters\real_video_enhancer.py", line 159, in enhance
    dst.unlink()  # RVE 自身也校验 --overwrite，这里先清干净
    ^^^^^^^^^^^^
  File "D:\anaconda\Lib\pathlib.py", line 1147, in unlink
    os.unlink(self)
PermissionError: [WinError 32] 另一个程序正在使用此文件，进程无法访问。: 'E:\\WorkBuddy\\video-transfer-tools\\video_pipeline\\work\\current\\video_ai.mp4'
2026-09-27 08:24:39,899 [ERROR] pipeline.job.26: 任务失败: [WinError 32] 另一个程序正在使用此文件，进程无法访问。: 'E:\\WorkBuddy\\video-transfer-tools\\video_pipeline\\work\\current\\video_ai.mp4'
2026-09-27 08:24:39,901 [WARNING] pipeline.job.26: 进入 RETRY_PENDING (第 1 次)
2026-09-27 08:24:39,902 [INFO] pipeline.job.26: === 开始处理 E:\WorkBuddy\video-transfer-tools\video_pipeline\input\课程\录像20.wmv ===
2026-09-27 08:24:39,905 [INFO] pipeline.job.26: 自动档位：2x（仅超分） —— 超预算：完整修复约 6.5h > 4.0h，退回 2x（约快 9 倍）
2026-09-27 08:24:39,906 [INFO] pipeline.job.26: 耗时预估：完整档 6.52h / 快速档 0.67h / 单文件预算 4.00h
2026-09-27 08:24:39,906 [INFO] pipeline.job.26: RVE 参数：超分 2x，压缩修复 关，timeout 4.0h
2026-09-27 08:24:39,907 [INFO] adapters.rve: RVE 调用: E:\WorkBuddy\video-transfer-tools\video_pipeline\tools\backend\rve-backend.py -i E:\WorkBuddy\video-transfer-tools\video_pipeline\input\课程\录像20.wmv -o E:\WorkBuddy\video-transfer-tools\video_pipeline\work\current\video_ai.mp4 --upscale_model E:\WorkBuddy\video-transfer-tools\video_pipeline\tools\models\2x_OpenProteus_Compact_i2_70K.pth --device cuda --backend pytorch --precision auto --pytorch_gpu_id 0 --tilesize 0 --ffmpeg_path E:\WorkBuddy\video-transfer-tools\video_pipeline\.tools\ffmpeg\ffmpeg.exe --overwrite --crf 16 --video_encoder_preset libx264 --audio_encoder_preset aac
2026-09-27 08:24:39,908 [ERROR] pipeline.scheduler: 任务 26 未预期异常
Traceback (most recent call last):
  File "E:\WorkBuddy\video-transfer-tools\video_pipeline\pipeline\scheduler.py", line 120, in run
    self._process_job(job)
  File "E:\WorkBuddy\video-transfer-tools\video_pipeline\pipeline\scheduler.py", line 214, in _process_job
    self._stage_repair_video(job, info, profile, video_ai, log_file, jlog)
  File "E:\WorkBuddy\video-transfer-tools\video_pipeline\pipeline\scheduler.py", line 296, in _stage_repair_video
    self.video_ai.enhance(Path(job.source_path), video_ai,
  File "E:\WorkBuddy\video-transfer-tools\video_pipeline\adapters\real_video_enhancer.py", line 159, in enhance
    dst.unlink()  # RVE 自身也校验 --overwrite，这里先清干净
    ^^^^^^^^^^^^
  File "D:\anaconda\Lib\pathlib.py", line 1147, in unlink
    os.unlink(self)
PermissionError: [WinError 32] 另一个程序正在使用此文件，进程无法访问。: 'E:\\WorkBuddy\\video-transfer-tools\\video_pipeline\\work\\current\\video_ai.mp4'
2026-09-27 08:24:39,909 [ERROR] pipeline.job.26: 任务失败: [WinError 32] 另一个程序正在使用此文件，进程无法访问。: 'E:\\WorkBuddy\\video-transfer-tools\\video_pipeline\\work\\current\\video_ai.mp4'
2026-09-27 08:24:39,910 [WARNING] pipeline.job.26: 隔离失败文件时出错: [WinError 32] 另一个程序正在使用此文件，进程无法访问。: 'E:\\WorkBuddy\\video-transfer-tools\\video_pipeline\\work\\current\\video_ai.mp4' -> 'E:\\WorkBuddy\\video-transfer-tools\\video_pipeline\\failed\\job_0026\\video_ai.mp4'
2026-09-27 08:24:39,911 [ERROR] pipeline.job.26: FAILED_FINAL
2026-09-27 08:24:39,913 [INFO] pipeline.job.27: === 开始处理 E:\WorkBuddy\video-transfer-tools\video_pipeline\input\课程\录像21.wmv ===
2026-09-27 08:24:39,916 [INFO] pipeline.runner: RUN ffprobe -v error -print_format json -show_format -show_streams E:\WorkBuddy\video-transfer-tools\video_pipeline\input\课程\录像21.wmv
2026-09-27 08:24:39,938 [INFO] pipeline.runner: EXIT rc=0 0.0s ffprobe
2026-09-27 08:24:39,940 [INFO] pipeline.job.27: VALIDATING 完成 profile=legacy
2026-09-27 08:24:39,943 [INFO] pipeline.job.27: 自动档位：1x+2x（完整修复） —— 预算内：完整修复约 3.9h ≤ 4.0h，启用 1x+2x
2026-09-27 08:24:39,944 [INFO] pipeline.job.27: 耗时预估：完整档 3.93h / 快速档 0.41h / 单文件预算 4.00h
2026-09-27 08:24:39,944 [INFO] pipeline.job.27: RVE 参数：超分 2x，压缩修复 开，timeout 12.0h
2026-09-27 08:24:39,944 [INFO] adapters.rve: RVE 调用: E:\WorkBuddy\video-transfer-tools\video_pipeline\tools\backend\rve-backend.py -i E:\WorkBuddy\video-transfer-tools\video_pipeline\input\课程\录像21.wmv -o E:\WorkBuddy\video-transfer-tools\video_pipeline\work\current\video_ai.mp4 --extra_restoration_models E:\WorkBuddy\video-transfer-tools\video_pipeline\tools\models\1xDeH264_realplksr.pth --upscale_model E:\WorkBuddy\video-transfer-tools\video_pipeline\tools\models\2x_OpenProteus_Compact_i2_70K.pth --device cuda --backend pytorch --precision auto --pytorch_gpu_id 0 --tilesize 0 --ffmpeg_path E:\WorkBuddy\video-transfer-tools\video_pipeline\.tools\ffmpeg\ffmpeg.exe --overwrite --crf 16 --video_encoder_preset libx264 --audio_encoder_preset aac
2026-09-27 08:24:39,945 [ERROR] pipeline.scheduler: 任务 27 未预期异常
Traceback (most recent call last):
  File "E:\WorkBuddy\video-transfer-tools\video_pipeline\pipeline\scheduler.py", line 120, in run
    self._process_job(job)
  File "E:\WorkBuddy\video-transfer-tools\video_pipeline\pipeline\scheduler.py", line 214, in _process_job
    self._stage_repair_video(job, info, profile, video_ai, log_file, jlog)
  File "E:\WorkBuddy\video-transfer-tools\video_pipeline\pipeline\scheduler.py", line 296, in _stage_repair_video
    self.video_ai.enhance(Path(job.source_path), video_ai,
  File "E:\WorkBuddy\video-transfer-tools\video_pipeline\adapters\real_video_enhancer.py", line 159, in enhance
    dst.unlink()  # RVE 自身也校验 --overwrite，这里先清干净
    ^^^^^^^^^^^^
  File "D:\anaconda\Lib\pathlib.py", line 1147, in unlink
    os.unlink(self)
PermissionError: [WinError 32] 另一个程序正在使用此文件，进程无法访问。: 'E:\\WorkBuddy\\video-transfer-tools\\video_pipeline\\work\\current\\video_ai.mp4'
2026-09-27 08:24:39,945 [ERROR] pipeline.job.27: 任务失败: [WinError 32] 另一个程序正在使用此文件，进程无法访问。: 'E:\\WorkBuddy\\video-transfer-tools\\video_pipeline\\work\\current\\video_ai.mp4'
2026-09-27 08:24:39,948 [WARNING] pipeline.job.27: 进入 RETRY_PENDING (第 1 次)
2026-09-27 08:24:39,949 [INFO] pipeline.job.27: === 开始处理 E:\WorkBuddy\video-transfer-tools\video_pipeline\input\课程\录像21.wmv ===
2026-09-27 08:24:39,952 [INFO] pipeline.job.27: 自动档位：1x+2x（完整修复） —— 预算内：完整修复约 3.9h ≤ 4.0h，启用 1x+2x
2026-09-27 08:24:39,952 [INFO] pipeline.job.27: 耗时预估：完整档 3.93h / 快速档 0.41h / 单文件预算 4.00h
2026-09-27 08:24:39,953 [INFO] pipeline.job.27: RVE 参数：超分 2x，压缩修复 开，timeout 12.0h
2026-09-27 08:24:39,954 [INFO] adapters.rve: RVE 调用: E:\WorkBuddy\video-transfer-tools\video_pipeline\tools\backend\rve-backend.py -i E:\WorkBuddy\video-transfer-tools\video_pipeline\input\课程\录像21.wmv -o E:\WorkBuddy\video-transfer-tools\video_pipeline\work\current\video_ai.mp4 --extra_restoration_models E:\WorkBuddy\video-transfer-tools\video_pipeline\tools\models\1xDeH264_realplksr.pth --upscale_model E:\WorkBuddy\video-transfer-tools\video_pipeline\tools\models\2x_OpenProteus_Compact_i2_70K.pth --device cuda --backend pytorch --precision auto --pytorch_gpu_id 0 --tilesize 0 --ffmpeg_path E:\WorkBuddy\video-transfer-tools\video_pipeline\.tools\ffmpeg\ffmpeg.exe --overwrite --crf 16 --video_encoder_preset libx264 --audio_encoder_preset aac
2026-09-27 08:24:39,954 [ERROR] pipeline.scheduler: 任务 27 未预期异常
Traceback (most recent call last):
  File "E:\WorkBuddy\video-transfer-tools\video_pipeline\pipeline\scheduler.py", line 120, in run
    self._process_job(job)
  File "E:\WorkBuddy\video-transfer-tools\video_pipeline\pipeline\scheduler.py", line 214, in _process_job
    self._stage_repair_video(job, info, profile, video_ai, log_file, jlog)
  File "E:\WorkBuddy\video-transfer-tools\video_pipeline\pipeline\scheduler.py", line 296, in _stage_repair_video
    self.video_ai.enhance(Path(job.source_path), video_ai,
  File "E:\WorkBuddy\video-transfer-tools\video_pipeline\adapters\real_video_enhancer.py", line 159, in enhance
    dst.unlink()  # RVE 自身也校验 --overwrite，这里先清干净
    ^^^^^^^^^^^^
  File "D:\anaconda\Lib\pathlib.py", line 1147, in unlink
    os.unlink(self)
PermissionError: [WinError 32] 另一个程序正在使用此文件，进程无法访问。: 'E:\\WorkBuddy\\video-transfer-tools\\video_pipeline\\work\\current\\video_ai.mp4'
2026-09-27 08:24:39,955 [ERROR] pipeline.job.27: 任务失败: [WinError 32] 另一个程序正在使用此文件，进程无法访问。: 'E:\\WorkBuddy\\video-transfer-tools\\video_pipeline\\work\\current\\video_ai.mp4'
2026-09-27 08:24:39,956 [WARNING] pipeline.job.27: 隔离失败文件时出错: [WinError 32] 另一个程序正在使用此文件，进程无法访问。: 'E:\\WorkBuddy\\video-transfer-tools\\video_pipeline\\work\\current\\video_ai.mp4' -> 'E:\\WorkBuddy\\video-transfer-tools\\video_pipeline\\failed\\job_0027\\video_ai.mp4'
2026-09-27 08:24:39,957 [ERROR] pipeline.job.27: FAILED_FINAL
2026-09-27 08:24:39,957 [INFO] pipeline.job.28: === 开始处理 E:\WorkBuddy\video-transfer-tools\video_pipeline\input\课程\录像22.wmv ===
2026-09-27 08:24:39,961 [INFO] pipeline.runner: RUN ffprobe -v error -print_format json -show_format -show_streams E:\WorkBuddy\video-transfer-tools\video_pipeline\input\课程\录像22.wmv
2026-09-27 08:24:39,987 [INFO] pipeline.runner: EXIT rc=0 0.0s ffprobe
2026-09-27 08:24:39,989 [INFO] pipeline.job.28: VALIDATING 完成 profile=legacy
2026-09-27 08:24:39,992 [INFO] pipeline.job.28: 自动档位：2x（仅超分） —— 超预算：完整修复约 4.1h > 4.0h，退回 2x（约快 9 倍）
2026-09-27 08:24:39,992 [INFO] pipeline.job.28: 耗时预估：完整档 4.14h / 快速档 0.43h / 单文件预算 4.00h
2026-09-27 08:24:39,992 [INFO] pipeline.job.28: RVE 参数：超分 2x，压缩修复 关，timeout 4.0h
2026-09-27 08:24:39,993 [INFO] adapters.rve: RVE 调用: E:\WorkBuddy\video-transfer-tools\video_pipeline\tools\backend\rve-backend.py -i E:\WorkBuddy\video-transfer-tools\video_pipeline\input\课程\录像22.wmv -o E:\WorkBuddy\video-transfer-tools\video_pipeline\work\current\video_ai.mp4 --upscale_model E:\WorkBuddy\video-transfer-tools\video_pipeline\tools\models\2x_OpenProteus_Compact_i2_70K.pth --device cuda --backend pytorch --precision auto --pytorch_gpu_id 0 --tilesize 0 --ffmpeg_path E:\WorkBuddy\video-transfer-tools\video_pipeline\.tools\ffmpeg\ffmpeg.exe --overwrite --crf 16 --video_encoder_preset libx264 --audio_encoder_preset aac
2026-09-27 08:24:39,993 [ERROR] pipeline.scheduler: 任务 28 未预期异常
Traceback (most recent call last):
  File "E:\WorkBuddy\video-transfer-tools\video_pipeline\pipeline\scheduler.py", line 120, in run
    self._process_job(job)
  File "E:\WorkBuddy\video-transfer-tools\video_pipeline\pipeline\scheduler.py", line 214, in _process_job
    self._stage_repair_video(job, info, profile, video_ai, log_file, jlog)
  File "E:\WorkBuddy\video-transfer-tools\video_pipeline\pipeline\scheduler.py", line 296, in _stage_repair_video
    self.video_ai.enhance(Path(job.source_path), video_ai,
  File "E:\WorkBuddy\video-transfer-tools\video_pipeline\adapters\real_video_enhancer.py", line 159, in enhance
    dst.unlink()  # RVE 自身也校验 --overwrite，这里先清干净
    ^^^^^^^^^^^^
  File "D:\anaconda\Lib\pathlib.py", line 1147, in unlink
    os.unlink(self)
PermissionError: [WinError 32] 另一个程序正在使用此文件，进程无法访问。: 'E:\\WorkBuddy\\video-transfer-tools\\video_pipeline\\work\\current\\video_ai.mp4'
2026-09-27 08:24:39,994 [ERROR] pipeline.job.28: 任务失败: [WinError 32] 另一个程序正在使用此文件，进程无法访问。: 'E:\\WorkBuddy\\video-transfer-tools\\video_pipeline\\work\\current\\video_ai.mp4'
2026-09-27 08:24:39,997 [WARNING] pipeline.job.28: 进入 RETRY_PENDING (第 1 次)
2026-09-27 08:24:39,997 [INFO] pipeline.job.28: === 开始处理 E:\WorkBuddy\video-transfer-tools\video_pipeline\input\课程\录像22.wmv ===
2026-09-27 08:24:40,000 [INFO] pipeline.job.28: 自动档位：2x（仅超分） —— 超预算：完整修复约 4.1h > 4.0h，退回 2x（约快 9 倍）
2026-09-27 08:24:40,000 [INFO] pipeline.job.28: 耗时预估：完整档 4.14h / 快速档 0.43h / 单文件预算 4.00h
2026-09-27 08:24:40,001 [INFO] pipeline.job.28: RVE 参数：超分 2x，压缩修复 关，timeout 4.0h
2026-09-27 08:24:40,002 [INFO] adapters.rve: RVE 调用: E:\WorkBuddy\video-transfer-tools\video_pipeline\tools\backend\rve-backend.py -i E:\WorkBuddy\video-transfer-tools\video_pipeline\input\课程\录像22.wmv -o E:\WorkBuddy\video-transfer-tools\video_pipeline\work\current\video_ai.mp4 --upscale_model E:\WorkBuddy\video-transfer-tools\video_pipeline\tools\models\2x_OpenProteus_Compact_i2_70K.pth --device cuda --backend pytorch --precision auto --pytorch_gpu_id 0 --tilesize 0 --ffmpeg_path E:\WorkBuddy\video-transfer-tools\video_pipeline\.tools\ffmpeg\ffmpeg.exe --overwrite --crf 16 --video_encoder_preset libx264 --audio_encoder_preset aac
2026-09-27 08:24:40,002 [ERROR] pipeline.scheduler: 任务 28 未预期异常
Traceback (most recent call last):
  File "E:\WorkBuddy\video-transfer-tools\video_pipeline\pipeline\scheduler.py", line 120, in run
    self._process_job(job)
  File "E:\WorkBuddy\video-transfer-tools\video_pipeline\pipeline\scheduler.py", line 214, in _process_job
    self._stage_repair_video(job, info, profile, video_ai, log_file, jlog)
  File "E:\WorkBuddy\video-transfer-tools\video_pipeline\pipeline\scheduler.py", line 296, in _stage_repair_video
    self.video_ai.enhance(Path(job.source_path), video_ai,
  File "E:\WorkBuddy\video-transfer-tools\video_pipeline\adapters\real_video_enhancer.py", line 159, in enhance
    dst.unlink()  # RVE 自身也校验 --overwrite，这里先清干净
    ^^^^^^^^^^^^
  File "D:\anaconda\Lib\pathlib.py", line 1147, in unlink
    os.unlink(self)
PermissionError: [WinError 32] 另一个程序正在使用此文件，进程无法访问。: 'E:\\WorkBuddy\\video-transfer-tools\\video_pipeline\\work\\current\\video_ai.mp4'
2026-09-27 08:24:40,004 [ERROR] pipeline.job.28: 任务失败: [WinError 32] 另一个程序正在使用此文件，进程无法访问。: 'E:\\WorkBuddy\\video-transfer-tools\\video_pipeline\\work\\current\\video_ai.mp4'
2026-09-27 08:24:40,005 [WARNING] pipeline.job.28: 隔离失败文件时出错: [WinError 32] 另一个程序正在使用此文件，进程无法访问。: 'E:\\WorkBuddy\\video-transfer-tools\\video_pipeline\\work\\current\\video_ai.mp4' -> 'E:\\WorkBuddy\\video-transfer-tools\\video_pipeline\\failed\\job_0028\\video_ai.mp4'
2026-09-27 08:24:40,007 [ERROR] pipeline.job.28: FAILED_FINAL
2026-09-27 08:24:40,009 [INFO] pipeline.job.29: === 开始处理 E:\WorkBuddy\video-transfer-tools\video_pipeline\input\课程\录像23.wmv ===
2026-09-27 08:24:40,012 [INFO] pipeline.runner: RUN ffprobe -v error -print_format json -show_format -show_streams E:\WorkBuddy\video-transfer-tools\video_pipeline\input\课程\录像23.wmv
2026-09-27 08:24:40,042 [INFO] pipeline.runner: EXIT rc=0 0.0s ffprobe
2026-09-27 08:24:40,044 [INFO] pipeline.job.29: VALIDATING 完成 profile=legacy
2026-09-27 08:24:40,045 [INFO] pipeline.job.29: 自动档位：2x（仅超分） —— 超预算：完整修复约 6.3h > 4.0h，退回 2x（约快 9 倍）
2026-09-27 08:24:40,047 [INFO] pipeline.job.29: 耗时预估：完整档 6.27h / 快速档 0.65h / 单文件预算 4.00h
2026-09-27 08:24:40,047 [INFO] pipeline.job.29: RVE 参数：超分 2x，压缩修复 关，timeout 4.0h
2026-09-27 08:24:40,048 [INFO] adapters.rve: RVE 调用: E:\WorkBuddy\video-transfer-tools\video_pipeline\tools\backend\rve-backend.py -i E:\WorkBuddy\video-transfer-tools\video_pipeline\input\课程\录像23.wmv -o E:\WorkBuddy\video-transfer-tools\video_pipeline\work\current\video_ai.mp4 --upscale_model E:\WorkBuddy\video-transfer-tools\video_pipeline\tools\models\2x_OpenProteus_Compact_i2_70K.pth --device cuda --backend pytorch --precision auto --pytorch_gpu_id 0 --tilesize 0 --ffmpeg_path E:\WorkBuddy\video-transfer-tools\video_pipeline\.tools\ffmpeg\ffmpeg.exe --overwrite --crf 16 --video_encoder_preset libx264 --audio_encoder_preset aac
2026-09-27 08:24:40,048 [ERROR] pipeline.scheduler: 任务 29 未预期异常
Traceback (most recent call last):
  File "E:\WorkBuddy\video-transfer-tools\video_pipeline\pipeline\scheduler.py", line 120, in run
    self._process_job(job)
  File "E:\WorkBuddy\video-transfer-tools\video_pipeline\pipeline\scheduler.py", line 214, in _process_job
    self._stage_repair_video(job, info, profile, video_ai, log_file, jlog)
  File "E:\WorkBuddy\video-transfer-tools\video_pipeline\pipeline\scheduler.py", line 296, in _stage_repair_video
    self.video_ai.enhance(Path(job.source_path), video_ai,
  File "E:\WorkBuddy\video-transfer-tools\video_pipeline\adapters\real_video_enhancer.py", line 159, in enhance
    dst.unlink()  # RVE 自身也校验 --overwrite，这里先清干净
    ^^^^^^^^^^^^
  File "D:\anaconda\Lib\pathlib.py", line 1147, in unlink
    os.unlink(self)
PermissionError: [WinError 32] 另一个程序正在使用此文件，进程无法访问。: 'E:\\WorkBuddy\\video-transfer-tools\\video_pipeline\\work\\current\\video_ai.mp4'
2026-09-27 08:24:40,048 [ERROR] pipeline.job.29: 任务失败: [WinError 32] 另一个程序正在使用此文件，进程无法访问。: 'E:\\WorkBuddy\\video-transfer-tools\\video_pipeline\\work\\current\\video_ai.mp4'
2026-09-27 08:24:40,051 [WARNING] pipeline.job.29: 进入 RETRY_PENDING (第 1 次)
2026-09-27 08:24:40,052 [INFO] pipeline.job.29: === 开始处理 E:\WorkBuddy\video-transfer-tools\video_pipeline\input\课程\录像23.wmv ===
2026-09-27 08:24:40,055 [INFO] pipeline.job.29: 自动档位：2x（仅超分） —— 超预算：完整修复约 6.3h > 4.0h，退回 2x（约快 9 倍）
2026-09-27 08:24:40,056 [INFO] pipeline.job.29: 耗时预估：完整档 6.27h / 快速档 0.65h / 单文件预算 4.00h
2026-09-27 08:24:40,057 [INFO] pipeline.job.29: RVE 参数：超分 2x，压缩修复 关，timeout 4.0h
2026-09-27 08:24:40,058 [INFO] adapters.rve: RVE 调用: E:\WorkBuddy\video-transfer-tools\video_pipeline\tools\backend\rve-backend.py -i E:\WorkBuddy\video-transfer-tools\video_pipeline\input\课程\录像23.wmv -o E:\WorkBuddy\video-transfer-tools\video_pipeline\work\current\video_ai.mp4 --upscale_model E:\WorkBuddy\video-transfer-tools\video_pipeline\tools\models\2x_OpenProteus_Compact_i2_70K.pth --device cuda --backend pytorch --precision auto --pytorch_gpu_id 0 --tilesize 0 --ffmpeg_path E:\WorkBuddy\video-transfer-tools\video_pipeline\.tools\ffmpeg\ffmpeg.exe --overwrite --crf 16 --video_encoder_preset libx264 --audio_encoder_preset aac
2026-09-27 08:24:40,058 [ERROR] pipeline.scheduler: 任务 29 未预期异常
Traceback (most recent call last):
  File "E:\WorkBuddy\video-transfer-tools\video_pipeline\pipeline\scheduler.py", line 120, in run
    self._process_job(job)
  File "E:\WorkBuddy\video-transfer-tools\video_pipeline\pipeline\scheduler.py", line 214, in _process_job
    self._stage_repair_video(job, info, profile, video_ai, log_file, jlog)
  File "E:\WorkBuddy\video-transfer-tools\video_pipeline\pipeline\scheduler.py", line 296, in _stage_repair_video
    self.video_ai.enhance(Path(job.source_path), video_ai,
  File "E:\WorkBuddy\video-transfer-tools\video_pipeline\adapters\real_video_enhancer.py", line 159, in enhance
    dst.unlink()  # RVE 自身也校验 --overwrite，这里先清干净
    ^^^^^^^^^^^^
  File "D:\anaconda\Lib\pathlib.py", line 1147, in unlink
    os.unlink(self)
PermissionError: [WinError 32] 另一个程序正在使用此文件，进程无法访问。: 'E:\\WorkBuddy\\video-transfer-tools\\video_pipeline\\work\\current\\video_ai.mp4'
2026-09-27 08:24:40,060 [ERROR] pipeline.job.29: 任务失败: [WinError 32] 另一个程序正在使用此文件，进程无法访问。: 'E:\\WorkBuddy\\video-transfer-tools\\video_pipeline\\work\\current\\video_ai.mp4'
2026-09-27 08:24:40,060 [WARNING] pipeline.job.29: 隔离失败文件时出错: [WinError 32] 另一个程序正在使用此文件，进程无法访问。: 'E:\\WorkBuddy\\video-transfer-tools\\video_pipeline\\work\\current\\video_ai.mp4' -> 'E:\\WorkBuddy\\video-transfer-tools\\video_pipeline\\failed\\job_0029\\video_ai.mp4'
2026-09-27 08:24:40,062 [ERROR] pipeline.job.29: FAILED_FINAL
2026-09-27 08:24:40,064 [INFO] pipeline.job.30: === 开始处理 E:\WorkBuddy\video-transfer-tools\video_pipeline\input\课程\录像24.wmv ===
2026-09-27 08:24:40,067 [INFO] pipeline.runner: RUN ffprobe -v error -print_format json -show_format -show_streams E:\WorkBuddy\video-transfer-tools\video_pipeline\input\课程\录像24.wmv
2026-09-27 08:24:40,091 [INFO] pipeline.runner: EXIT rc=0 0.0s ffprobe
2026-09-27 08:24:40,094 [INFO] pipeline.job.30: VALIDATING 完成 profile=legacy
2026-09-27 08:24:40,096 [INFO] pipeline.job.30: 自动档位：1x+2x（完整修复） —— 预算内：完整修复约 3.7h ≤ 4.0h，启用 1x+2x
2026-09-27 08:24:40,096 [INFO] pipeline.job.30: 耗时预估：完整档 3.67h / 快速档 0.38h / 单文件预算 4.00h
2026-09-27 08:24:40,096 [INFO] pipeline.job.30: RVE 参数：超分 2x，压缩修复 开，timeout 11.2h
2026-09-27 08:24:40,097 [INFO] adapters.rve: RVE 调用: E:\WorkBuddy\video-transfer-tools\video_pipeline\tools\backend\rve-backend.py -i E:\WorkBuddy\video-transfer-tools\video_pipeline\input\课程\录像24.wmv -o E:\WorkBuddy\video-transfer-tools\video_pipeline\work\current\video_ai.mp4 --extra_restoration_models E:\WorkBuddy\video-transfer-tools\video_pipeline\tools\models\1xDeH264_realplksr.pth --upscale_model E:\WorkBuddy\video-transfer-tools\video_pipeline\tools\models\2x_OpenProteus_Compact_i2_70K.pth --device cuda --backend pytorch --precision auto --pytorch_gpu_id 0 --tilesize 0 --ffmpeg_path E:\WorkBuddy\video-transfer-tools\video_pipeline\.tools\ffmpeg\ffmpeg.exe --overwrite --crf 16 --video_encoder_preset libx264 --audio_encoder_preset aac
2026-09-27 08:24:40,098 [ERROR] pipeline.scheduler: 任务 30 未预期异常
Traceback (most recent call last):
  File "E:\WorkBuddy\video-transfer-tools\video_pipeline\pipeline\scheduler.py", line 120, in run
    self._process_job(job)
  File "E:\WorkBuddy\video-transfer-tools\video_pipeline\pipeline\scheduler.py", line 214, in _process_job
    self._stage_repair_video(job, info, profile, video_ai, log_file, jlog)
  File "E:\WorkBuddy\video-transfer-tools\video_pipeline\pipeline\scheduler.py", line 296, in _stage_repair_video
    self.video_ai.enhance(Path(job.source_path), video_ai,
  File "E:\WorkBuddy\video-transfer-tools\video_pipeline\adapters\real_video_enhancer.py", line 159, in enhance
    dst.unlink()  # RVE 自身也校验 --overwrite，这里先清干净
    ^^^^^^^^^^^^
  File "D:\anaconda\Lib\pathlib.py", line 1147, in unlink
    os.unlink(self)
PermissionError: [WinError 32] 另一个程序正在使用此文件，进程无法访问。: 'E:\\WorkBuddy\\video-transfer-tools\\video_pipeline\\work\\current\\video_ai.mp4'
2026-09-27 08:24:40,099 [ERROR] pipeline.job.30: 任务失败: [WinError 32] 另一个程序正在使用此文件，进程无法访问。: 'E:\\WorkBuddy\\video-transfer-tools\\video_pipeline\\work\\current\\video_ai.mp4'
2026-09-27 08:24:40,103 [WARNING] pipeline.job.30: 进入 RETRY_PENDING (第 1 次)
2026-09-27 08:24:40,103 [INFO] pipeline.job.30: === 开始处理 E:\WorkBuddy\video-transfer-tools\video_pipeline\input\课程\录像24.wmv ===
2026-09-27 08:24:40,106 [INFO] pipeline.job.30: 自动档位：1x+2x（完整修复） —— 预算内：完整修复约 3.7h ≤ 4.0h，启用 1x+2x
2026-09-27 08:24:40,106 [INFO] pipeline.job.30: 耗时预估：完整档 3.67h / 快速档 0.38h / 单文件预算 4.00h
2026-09-27 08:24:40,106 [INFO] pipeline.job.30: RVE 参数：超分 2x，压缩修复 开，timeout 11.2h
2026-09-27 08:24:40,106 [INFO] adapters.rve: RVE 调用: E:\WorkBuddy\video-transfer-tools\video_pipeline\tools\backend\rve-backend.py -i E:\WorkBuddy\video-transfer-tools\video_pipeline\input\课程\录像24.wmv -o E:\WorkBuddy\video-transfer-tools\video_pipeline\work\current\video_ai.mp4 --extra_restoration_models E:\WorkBuddy\video-transfer-tools\video_pipeline\tools\models\1xDeH264_realplksr.pth --upscale_model E:\WorkBuddy\video-transfer-tools\video_pipeline\tools\models\2x_OpenProteus_Compact_i2_70K.pth --device cuda --backend pytorch --precision auto --pytorch_gpu_id 0 --tilesize 0 --ffmpeg_path E:\WorkBuddy\video-transfer-tools\video_pipeline\.tools\ffmpeg\ffmpeg.exe --overwrite --crf 16 --video_encoder_preset libx264 --audio_encoder_preset aac
2026-09-27 08:24:40,106 [ERROR] pipeline.scheduler: 任务 30 未预期异常
Traceback (most recent call last):
  File "E:\WorkBuddy\video-transfer-tools\video_pipeline\pipeline\scheduler.py", line 120, in run
    self._process_job(job)
  File "E:\WorkBuddy\video-transfer-tools\video_pipeline\pipeline\scheduler.py", line 214, in _process_job
    self._stage_repair_video(job, info, profile, video_ai, log_file, jlog)
  File "E:\WorkBuddy\video-transfer-tools\video_pipeline\pipeline\scheduler.py", line 296, in _stage_repair_video
    self.video_ai.enhance(Path(job.source_path), video_ai,
  File "E:\WorkBuddy\video-transfer-tools\video_pipeline\adapters\real_video_enhancer.py", line 159, in enhance
    dst.unlink()  # RVE 自身也校验 --overwrite，这里先清干净
    ^^^^^^^^^^^^
  File "D:\anaconda\Lib\pathlib.py", line 1147, in unlink
    os.unlink(self)
PermissionError: [WinError 32] 另一个程序正在使用此文件，进程无法访问。: 'E:\\WorkBuddy\\video-transfer-tools\\video_pipeline\\work\\current\\video_ai.mp4'
2026-09-27 08:24:40,109 [ERROR] pipeline.job.30: 任务失败: [WinError 32] 另一个程序正在使用此文件，进程无法访问。: 'E:\\WorkBuddy\\video-transfer-tools\\video_pipeline\\work\\current\\video_ai.mp4'
2026-09-27 08:24:40,111 [WARNING] pipeline.job.30: 隔离失败文件时出错: [WinError 32] 另一个程序正在使用此文件，进程无法访问。: 'E:\\WorkBuddy\\video-transfer-tools\\video_pipeline\\work\\current\\video_ai.mp4' -> 'E:\\WorkBuddy\\video-transfer-tools\\video_pipeline\\failed\\job_0030\\video_ai.mp4'
2026-09-27 08:24:40,112 [ERROR] pipeline.job.30: FAILED_FINAL
2026-09-27 08:24:40,113 [INFO] pipeline.job.31: === 开始处理 E:\WorkBuddy\video-transfer-tools\video_pipeline\input\课程\录像25.wmv ===
2026-09-27 08:24:40,116 [INFO] pipeline.runner: RUN ffprobe -v error -print_format json -show_format -show_streams E:\WorkBuddy\video-transfer-tools\video_pipeline\input\课程\录像25.wmv
2026-09-27 08:24:40,140 [INFO] pipeline.runner: EXIT rc=0 0.0s ffprobe
2026-09-27 08:24:40,142 [INFO] pipeline.job.31: VALIDATING 完成 profile=legacy
2026-09-27 08:24:40,144 [INFO] pipeline.job.31: 自动档位：2x（仅超分） —— 超预算：完整修复约 5.7h > 4.0h，退回 2x（约快 9 倍）
2026-09-27 08:24:40,144 [INFO] pipeline.job.31: 耗时预估：完整档 5.68h / 快速档 0.59h / 单文件预算 4.00h
2026-09-27 08:24:40,144 [INFO] pipeline.job.31: RVE 参数：超分 2x，压缩修复 关，timeout 4.0h
2026-09-27 08:24:40,145 [INFO] adapters.rve: RVE 调用: E:\WorkBuddy\video-transfer-tools\video_pipeline\tools\backend\rve-backend.py -i E:\WorkBuddy\video-transfer-tools\video_pipeline\input\课程\录像25.wmv -o E:\WorkBuddy\video-transfer-tools\video_pipeline\work\current\video_ai.mp4 --upscale_model E:\WorkBuddy\video-transfer-tools\video_pipeline\tools\models\2x_OpenProteus_Compact_i2_70K.pth --device cuda --backend pytorch --precision auto --pytorch_gpu_id 0 --tilesize 0 --ffmpeg_path E:\WorkBuddy\video-transfer-tools\video_pipeline\.tools\ffmpeg\ffmpeg.exe --overwrite --crf 16 --video_encoder_preset libx264 --audio_encoder_preset aac
2026-09-27 08:24:40,145 [ERROR] pipeline.scheduler: 任务 31 未预期异常
Traceback (most recent call last):
  File "E:\WorkBuddy\video-transfer-tools\video_pipeline\pipeline\scheduler.py", line 120, in run
    self._process_job(job)
  File "E:\WorkBuddy\video-transfer-tools\video_pipeline\pipeline\scheduler.py", line 214, in _process_job
    self._stage_repair_video(job, info, profile, video_ai, log_file, jlog)
  File "E:\WorkBuddy\video-transfer-tools\video_pipeline\pipeline\scheduler.py", line 296, in _stage_repair_video
    self.video_ai.enhance(Path(job.source_path), video_ai,
  File "E:\WorkBuddy\video-transfer-tools\video_pipeline\adapters\real_video_enhancer.py", line 159, in enhance
    dst.unlink()  # RVE 自身也校验 --overwrite，这里先清干净
    ^^^^^^^^^^^^
  File "D:\anaconda\Lib\pathlib.py", line 1147, in unlink
    os.unlink(self)
PermissionError: [WinError 32] 另一个程序正在使用此文件，进程无法访问。: 'E:\\WorkBuddy\\video-transfer-tools\\video_pipeline\\work\\current\\video_ai.mp4'
2026-09-27 08:24:40,146 [ERROR] pipeline.job.31: 任务失败: [WinError 32] 另一个程序正在使用此文件，进程无法访问。: 'E:\\WorkBuddy\\video-transfer-tools\\video_pipeline\\work\\current\\video_ai.mp4'
2026-09-27 08:24:40,149 [WARNING] pipeline.job.31: 进入 RETRY_PENDING (第 1 次)
2026-09-27 08:24:40,150 [INFO] pipeline.job.31: === 开始处理 E:\WorkBuddy\video-transfer-tools\video_pipeline\input\课程\录像25.wmv ===
2026-09-27 08:24:40,152 [INFO] pipeline.job.31: 自动档位：2x（仅超分） —— 超预算：完整修复约 5.7h > 4.0h，退回 2x（约快 9 倍）
2026-09-27 08:24:40,152 [INFO] pipeline.job.31: 耗时预估：完整档 5.68h / 快速档 0.59h / 单文件预算 4.00h
2026-09-27 08:24:40,152 [INFO] pipeline.job.31: RVE 参数：超分 2x，压缩修复 关，timeout 4.0h
2026-09-27 08:24:40,153 [INFO] adapters.rve: RVE 调用: E:\WorkBuddy\video-transfer-tools\video_pipeline\tools\backend\rve-backend.py -i E:\WorkBuddy\video-transfer-tools\video_pipeline\input\课程\录像25.wmv -o E:\WorkBuddy\video-transfer-tools\video_pipeline\work\current\video_ai.mp4 --upscale_model E:\WorkBuddy\video-transfer-tools\video_pipeline\tools\models\2x_OpenProteus_Compact_i2_70K.pth --device cuda --backend pytorch --precision auto --pytorch_gpu_id 0 --tilesize 0 --ffmpeg_path E:\WorkBuddy\video-transfer-tools\video_pipeline\.tools\ffmpeg\ffmpeg.exe --overwrite --crf 16 --video_encoder_preset libx264 --audio_encoder_preset aac
2026-09-27 08:24:40,153 [ERROR] pipeline.scheduler: 任务 31 未预期异常
Traceback (most recent call last):
  File "E:\WorkBuddy\video-transfer-tools\video_pipeline\pipeline\scheduler.py", line 120, in run
    self._process_job(job)
  File "E:\WorkBuddy\video-transfer-tools\video_pipeline\pipeline\scheduler.py", line 214, in _process_job
    self._stage_repair_video(job, info, profile, video_ai, log_file, jlog)
  File "E:\WorkBuddy\video-transfer-tools\video_pipeline\pipeline\scheduler.py", line 296, in _stage_repair_video
    self.video_ai.enhance(Path(job.source_path), video_ai,
  File "E:\WorkBuddy\video-transfer-tools\video_pipeline\adapters\real_video_enhancer.py", line 159, in enhance
    dst.unlink()  # RVE 自身也校验 --overwrite，这里先清干净
    ^^^^^^^^^^^^
  File "D:\anaconda\Lib\pathlib.py", line 1147, in unlink
    os.unlink(self)
PermissionError: [WinError 32] 另一个程序正在使用此文件，进程无法访问。: 'E:\\WorkBuddy\\video-transfer-tools\\video_pipeline\\work\\current\\video_ai.mp4'
2026-09-27 08:24:40,153 [ERROR] pipeline.job.31: 任务失败: [WinError 32] 另一个程序正在使用此文件，进程无法访问。: 'E:\\WorkBuddy\\video-transfer-tools\\video_pipeline\\work\\current\\video_ai.mp4'
2026-09-27 08:24:40,154 [WARNING] pipeline.job.31: 隔离失败文件时出错: [WinError 32] 另一个程序正在使用此文件，进程无法访问。: 'E:\\WorkBuddy\\video-transfer-tools\\video_pipeline\\work\\current\\video_ai.mp4' -> 'E:\\WorkBuddy\\video-transfer-tools\\video_pipeline\\failed\\job_0031\\video_ai.mp4'
2026-09-27 08:24:40,156 [ERROR] pipeline.job.31: FAILED_FINAL
2026-09-27 08:24:40,156 [INFO] pipeline.job.32: === 开始处理 E:\WorkBuddy\video-transfer-tools\video_pipeline\input\课程\录像26.wmv ===
2026-09-27 08:24:40,160 [INFO] pipeline.runner: RUN ffprobe -v error -print_format json -show_format -show_streams E:\WorkBuddy\video-transfer-tools\video_pipeline\input\课程\录像26.wmv
2026-09-27 08:24:40,183 [INFO] pipeline.runner: EXIT rc=0 0.0s ffprobe
2026-09-27 08:24:40,184 [INFO] pipeline.job.32: VALIDATING 完成 profile=legacy
2026-09-27 08:24:40,187 [INFO] pipeline.job.32: 自动档位：2x（仅超分） —— 超预算：完整修复约 5.2h > 4.0h，退回 2x（约快 9 倍）
2026-09-27 08:24:40,188 [INFO] pipeline.job.32: 耗时预估：完整档 5.23h / 快速档 0.54h / 单文件预算 4.00h
2026-09-27 08:24:40,188 [INFO] pipeline.job.32: RVE 参数：超分 2x，压缩修复 关，timeout 4.0h
2026-09-27 08:24:40,189 [INFO] adapters.rve: RVE 调用: E:\WorkBuddy\video-transfer-tools\video_pipeline\tools\backend\rve-backend.py -i E:\WorkBuddy\video-transfer-tools\video_pipeline\input\课程\录像26.wmv -o E:\WorkBuddy\video-transfer-tools\video_pipeline\work\current\video_ai.mp4 --upscale_model E:\WorkBuddy\video-transfer-tools\video_pipeline\tools\models\2x_OpenProteus_Compact_i2_70K.pth --device cuda --backend pytorch --precision auto --pytorch_gpu_id 0 --tilesize 0 --ffmpeg_path E:\WorkBuddy\video-transfer-tools\video_pipeline\.tools\ffmpeg\ffmpeg.exe --overwrite --crf 16 --video_encoder_preset libx264 --audio_encoder_preset aac
2026-09-27 08:24:40,190 [ERROR] pipeline.scheduler: 任务 32 未预期异常
Traceback (most recent call last):
  File "E:\WorkBuddy\video-transfer-tools\video_pipeline\pipeline\scheduler.py", line 120, in run
    self._process_job(job)
  File "E:\WorkBuddy\video-transfer-tools\video_pipeline\pipeline\scheduler.py", line 214, in _process_job
    self._stage_repair_video(job, info, profile, video_ai, log_file, jlog)
  File "E:\WorkBuddy\video-transfer-tools\video_pipeline\pipeline\scheduler.py", line 296, in _stage_repair_video
    self.video_ai.enhance(Path(job.source_path), video_ai,
  File "E:\WorkBuddy\video-transfer-tools\video_pipeline\adapters\real_video_enhancer.py", line 159, in enhance
    dst.unlink()  # RVE 自身也校验 --overwrite，这里先清干净
    ^^^^^^^^^^^^
  File "D:\anaconda\Lib\pathlib.py", line 1147, in unlink
    os.unlink(self)
PermissionError: [WinError 32] 另一个程序正在使用此文件，进程无法访问。: 'E:\\WorkBuddy\\video-transfer-tools\\video_pipeline\\work\\current\\video_ai.mp4'
2026-09-27 08:24:40,192 [ERROR] pipeline.job.32: 任务失败: [WinError 32] 另一个程序正在使用此文件，进程无法访问。: 'E:\\WorkBuddy\\video-transfer-tools\\video_pipeline\\work\\current\\video_ai.mp4'
2026-09-27 08:24:40,196 [WARNING] pipeline.job.32: 进入 RETRY_PENDING (第 1 次)
2026-09-27 08:24:40,196 [INFO] pipeline.job.32: === 开始处理 E:\WorkBuddy\video-transfer-tools\video_pipeline\input\课程\录像26.wmv ===
2026-09-27 08:24:40,199 [INFO] pipeline.job.32: 自动档位：2x（仅超分） —— 超预算：完整修复约 5.2h > 4.0h，退回 2x（约快 9 倍）
2026-09-27 08:24:40,199 [INFO] pipeline.job.32: 耗时预估：完整档 5.23h / 快速档 0.54h / 单文件预算 4.00h
2026-09-27 08:24:40,199 [INFO] pipeline.job.32: RVE 参数：超分 2x，压缩修复 关，timeout 4.0h
2026-09-27 08:24:40,201 [INFO] adapters.rve: RVE 调用: E:\WorkBuddy\video-transfer-tools\video_pipeline\tools\backend\rve-backend.py -i E:\WorkBuddy\video-transfer-tools\video_pipeline\input\课程\录像26.wmv -o E:\WorkBuddy\video-transfer-tools\video_pipeline\work\current\video_ai.mp4 --upscale_model E:\WorkBuddy\video-transfer-tools\video_pipeline\tools\models\2x_OpenProteus_Compact_i2_70K.pth --device cuda --backend pytorch --precision auto --pytorch_gpu_id 0 --tilesize 0 --ffmpeg_path E:\WorkBuddy\video-transfer-tools\video_pipeline\.tools\ffmpeg\ffmpeg.exe --overwrite --crf 16 --video_encoder_preset libx264 --audio_encoder_preset aac
2026-09-27 08:24:40,201 [ERROR] pipeline.scheduler: 任务 32 未预期异常
Traceback (most recent call last):
  File "E:\WorkBuddy\video-transfer-tools\video_pipeline\pipeline\scheduler.py", line 120, in run
    self._process_job(job)
  File "E:\WorkBuddy\video-transfer-tools\video_pipeline\pipeline\scheduler.py", line 214, in _process_job
    self._stage_repair_video(job, info, profile, video_ai, log_file, jlog)
  File "E:\WorkBuddy\video-transfer-tools\video_pipeline\pipeline\scheduler.py", line 296, in _stage_repair_video
    self.video_ai.enhance(Path(job.source_path), video_ai,
  File "E:\WorkBuddy\video-transfer-tools\video_pipeline\adapters\real_video_enhancer.py", line 159, in enhance
    dst.unlink()  # RVE 自身也校验 --overwrite，这里先清干净
    ^^^^^^^^^^^^
  File "D:\anaconda\Lib\pathlib.py", line 1147, in unlink
    os.unlink(self)
PermissionError: [WinError 32] 另一个程序正在使用此文件，进程无法访问。: 'E:\\WorkBuddy\\video-transfer-tools\\video_pipeline\\work\\current\\video_ai.mp4'
2026-09-27 08:24:40,203 [ERROR] pipeline.job.32: 任务失败: [WinError 32] 另一个程序正在使用此文件，进程无法访问。: 'E:\\WorkBuddy\\video-transfer-tools\\video_pipeline\\work\\current\\video_ai.mp4'
2026-09-27 08:24:40,205 [WARNING] pipeline.job.32: 隔离失败文件时出错: [WinError 32] 另一个程序正在使用此文件，进程无法访问。: 'E:\\WorkBuddy\\video-transfer-tools\\video_pipeline\\work\\current\\video_ai.mp4' -> 'E:\\WorkBuddy\\video-transfer-tools\\video_pipeline\\failed\\job_0032\\video_ai.mp4'
2026-09-27 08:24:40,206 [ERROR] pipeline.job.32: FAILED_FINAL
2026-09-27 08:24:40,206 [INFO] pipeline.job.33: === 开始处理 E:\WorkBuddy\video-transfer-tools\video_pipeline\input\课程\录像27.wmv ===
2026-09-27 08:24:40,211 [INFO] pipeline.runner: RUN ffprobe -v error -print_format json -show_format -show_streams E:\WorkBuddy\video-transfer-tools\video_pipeline\input\课程\录像27.wmv
2026-09-27 08:24:40,229 [INFO] pipeline.runner: EXIT rc=0 0.0s ffprobe
2026-09-27 08:24:40,235 [INFO] pipeline.job.33: VALIDATING 完成 profile=legacy
2026-09-27 08:24:40,237 [INFO] pipeline.job.33: 自动档位：2x（仅超分） —— 超预算：完整修复约 4.7h > 4.0h，退回 2x（约快 9 倍）
2026-09-27 08:24:40,237 [INFO] pipeline.job.33: 耗时预估：完整档 4.68h / 快速档 0.48h / 单文件预算 4.00h
2026-09-27 08:24:40,238 [INFO] pipeline.job.33: RVE 参数：超分 2x，压缩修复 关，timeout 4.0h
2026-09-27 08:24:40,238 [INFO] adapters.rve: RVE 调用: E:\WorkBuddy\video-transfer-tools\video_pipeline\tools\backend\rve-backend.py -i E:\WorkBuddy\video-transfer-tools\video_pipeline\input\课程\录像27.wmv -o E:\WorkBuddy\video-transfer-tools\video_pipeline\work\current\video_ai.mp4 --upscale_model E:\WorkBuddy\video-transfer-tools\video_pipeline\tools\models\2x_OpenProteus_Compact_i2_70K.pth --device cuda --backend pytorch --precision auto --pytorch_gpu_id 0 --tilesize 0 --ffmpeg_path E:\WorkBuddy\video-transfer-tools\video_pipeline\.tools\ffmpeg\ffmpeg.exe --overwrite --crf 16 --video_encoder_preset libx264 --audio_encoder_preset aac
2026-09-27 08:24:40,238 [ERROR] pipeline.scheduler: 任务 33 未预期异常
Traceback (most recent call last):
  File "E:\WorkBuddy\video-transfer-tools\video_pipeline\pipeline\scheduler.py", line 120, in run
    self._process_job(job)
  File "E:\WorkBuddy\video-transfer-tools\video_pipeline\pipeline\scheduler.py", line 214, in _process_job
    self._stage_repair_video(job, info, profile, video_ai, log_file, jlog)
  File "E:\WorkBuddy\video-transfer-tools\video_pipeline\pipeline\scheduler.py", line 296, in _stage_repair_video
    self.video_ai.enhance(Path(job.source_path), video_ai,
  File "E:\WorkBuddy\video-transfer-tools\video_pipeline\adapters\real_video_enhancer.py", line 159, in enhance
    dst.unlink()  # RVE 自身也校验 --overwrite，这里先清干净
    ^^^^^^^^^^^^
  File "D:\anaconda\Lib\pathlib.py", line 1147, in unlink
    os.unlink(self)
PermissionError: [WinError 32] 另一个程序正在使用此文件，进程无法访问。: 'E:\\WorkBuddy\\video-transfer-tools\\video_pipeline\\work\\current\\video_ai.mp4'
2026-09-27 08:24:40,239 [ERROR] pipeline.job.33: 任务失败: [WinError 32] 另一个程序正在使用此文件，进程无法访问。: 'E:\\WorkBuddy\\video-transfer-tools\\video_pipeline\\work\\current\\video_ai.mp4'
2026-09-27 08:24:40,241 [WARNING] pipeline.job.33: 进入 RETRY_PENDING (第 1 次)
2026-09-27 08:24:40,242 [INFO] pipeline.job.33: === 开始处理 E:\WorkBuddy\video-transfer-tools\video_pipeline\input\课程\录像27.wmv ===
2026-09-27 08:24:40,244 [INFO] pipeline.job.33: 自动档位：2x（仅超分） —— 超预算：完整修复约 4.7h > 4.0h，退回 2x（约快 9 倍）
2026-09-27 08:24:40,244 [INFO] pipeline.job.33: 耗时预估：完整档 4.68h / 快速档 0.48h / 单文件预算 4.00h
2026-09-27 08:24:40,245 [INFO] pipeline.job.33: RVE 参数：超分 2x，压缩修复 关，timeout 4.0h
2026-09-27 08:24:40,245 [INFO] adapters.rve: RVE 调用: E:\WorkBuddy\video-transfer-tools\video_pipeline\tools\backend\rve-backend.py -i E:\WorkBuddy\video-transfer-tools\video_pipeline\input\课程\录像27.wmv -o E:\WorkBuddy\video-transfer-tools\video_pipeline\work\current\video_ai.mp4 --upscale_model E:\WorkBuddy\video-transfer-tools\video_pipeline\tools\models\2x_OpenProteus_Compact_i2_70K.pth --device cuda --backend pytorch --precision auto --pytorch_gpu_id 0 --tilesize 0 --ffmpeg_path E:\WorkBuddy\video-transfer-tools\video_pipeline\.tools\ffmpeg\ffmpeg.exe --overwrite --crf 16 --video_encoder_preset libx264 --audio_encoder_preset aac
2026-09-27 08:24:40,245 [ERROR] pipeline.scheduler: 任务 33 未预期异常
Traceback (most recent call last):
  File "E:\WorkBuddy\video-transfer-tools\video_pipeline\pipeline\scheduler.py", line 120, in run
    self._process_job(job)
  File "E:\WorkBuddy\video-transfer-tools\video_pipeline\pipeline\scheduler.py", line 214, in _process_job
    self._stage_repair_video(job, info, profile, video_ai, log_file, jlog)
  File "E:\WorkBuddy\video-transfer-tools\video_pipeline\pipeline\scheduler.py", line 296, in _stage_repair_video
    self.video_ai.enhance(Path(job.source_path), video_ai,
  File "E:\WorkBuddy\video-transfer-tools\video_pipeline\adapters\real_video_enhancer.py", line 159, in enhance
    dst.unlink()  # RVE 自身也校验 --overwrite，这里先清干净
    ^^^^^^^^^^^^
  File "D:\anaconda\Lib\pathlib.py", line 1147, in unlink
    os.unlink(self)
PermissionError: [WinError 32] 另一个程序正在使用此文件，进程无法访问。: 'E:\\WorkBuddy\\video-transfer-tools\\video_pipeline\\work\\current\\video_ai.mp4'
2026-09-27 08:24:40,246 [ERROR] pipeline.job.33: 任务失败: [WinError 32] 另一个程序正在使用此文件，进程无法访问。: 'E:\\WorkBuddy\\video-transfer-tools\\video_pipeline\\work\\current\\video_ai.mp4'
2026-09-27 08:24:40,247 [WARNING] pipeline.job.33: 隔离失败文件时出错: [WinError 32] 另一个程序正在使用此文件，进程无法访问。: 'E:\\WorkBuddy\\video-transfer-tools\\video_pipeline\\work\\current\\video_ai.mp4' -> 'E:\\WorkBuddy\\video-transfer-tools\\video_pipeline\\failed\\job_0033\\video_ai.mp4'
2026-09-27 08:24:40,248 [ERROR] pipeline.job.33: FAILED_FINAL
2026-09-27 08:24:40,249 [INFO] pipeline.job.34: === 开始处理 E:\WorkBuddy\video-transfer-tools\video_pipeline\input\课程\录像28.wmv ===
2026-09-27 08:24:40,253 [INFO] pipeline.runner: RUN ffprobe -v error -print_format json -show_format -show_streams E:\WorkBuddy\video-transfer-tools\video_pipeline\input\课程\录像28.wmv
2026-09-27 08:24:40,280 [INFO] pipeline.runner: EXIT rc=0 0.0s ffprobe
2026-09-27 08:24:40,285 [INFO] pipeline.job.34: VALIDATING 完成 profile=legacy
2026-09-27 08:24:40,287 [INFO] pipeline.job.34: 自动档位：2x（仅超分） —— 超预算：完整修复约 5.7h > 4.0h，退回 2x（约快 9 倍）
2026-09-27 08:24:40,288 [INFO] pipeline.job.34: 耗时预估：完整档 5.67h / 快速档 0.59h / 单文件预算 4.00h
2026-09-27 08:24:40,288 [INFO] pipeline.job.34: RVE 参数：超分 2x，压缩修复 关，timeout 4.0h
2026-09-27 08:24:40,289 [INFO] adapters.rve: RVE 调用: E:\WorkBuddy\video-transfer-tools\video_pipeline\tools\backend\rve-backend.py -i E:\WorkBuddy\video-transfer-tools\video_pipeline\input\课程\录像28.wmv -o E:\WorkBuddy\video-transfer-tools\video_pipeline\work\current\video_ai.mp4 --upscale_model E:\WorkBuddy\video-transfer-tools\video_pipeline\tools\models\2x_OpenProteus_Compact_i2_70K.pth --device cuda --backend pytorch --precision auto --pytorch_gpu_id 0 --tilesize 0 --ffmpeg_path E:\WorkBuddy\video-transfer-tools\video_pipeline\.tools\ffmpeg\ffmpeg.exe --overwrite --crf 16 --video_encoder_preset libx264 --audio_encoder_preset aac
2026-09-27 08:24:40,290 [ERROR] pipeline.scheduler: 任务 34 未预期异常
Traceback (most recent call last):
  File "E:\WorkBuddy\video-transfer-tools\video_pipeline\pipeline\scheduler.py", line 120, in run
    self._process_job(job)
  File "E:\WorkBuddy\video-transfer-tools\video_pipeline\pipeline\scheduler.py", line 214, in _process_job
    self._stage_repair_video(job, info, profile, video_ai, log_file, jlog)
  File "E:\WorkBuddy\video-transfer-tools\video_pipeline\pipeline\scheduler.py", line 296, in _stage_repair_video
    self.video_ai.enhance(Path(job.source_path), video_ai,
  File "E:\WorkBuddy\video-transfer-tools\video_pipeline\adapters\real_video_enhancer.py", line 159, in enhance
    dst.unlink()  # RVE 自身也校验 --overwrite，这里先清干净
    ^^^^^^^^^^^^
  File "D:\anaconda\Lib\pathlib.py", line 1147, in unlink
    os.unlink(self)
PermissionError: [WinError 32] 另一个程序正在使用此文件，进程无法访问。: 'E:\\WorkBuddy\\video-transfer-tools\\video_pipeline\\work\\current\\video_ai.mp4'
2026-09-27 08:24:40,290 [ERROR] pipeline.job.34: 任务失败: [WinError 32] 另一个程序正在使用此文件，进程无法访问。: 'E:\\WorkBuddy\\video-transfer-tools\\video_pipeline\\work\\current\\video_ai.mp4'
2026-09-27 08:24:40,293 [WARNING] pipeline.job.34: 进入 RETRY_PENDING (第 1 次)
2026-09-27 08:24:40,294 [INFO] pipeline.job.34: === 开始处理 E:\WorkBuddy\video-transfer-tools\video_pipeline\input\课程\录像28.wmv ===
2026-09-27 08:24:40,297 [INFO] pipeline.job.34: 自动档位：2x（仅超分） —— 超预算：完整修复约 5.7h > 4.0h，退回 2x（约快 9 倍）
2026-09-27 08:24:40,297 [INFO] pipeline.job.34: 耗时预估：完整档 5.67h / 快速档 0.59h / 单文件预算 4.00h
2026-09-27 08:24:40,297 [INFO] pipeline.job.34: RVE 参数：超分 2x，压缩修复 关，timeout 4.0h
2026-09-27 08:24:40,298 [INFO] adapters.rve: RVE 调用: E:\WorkBuddy\video-transfer-tools\video_pipeline\tools\backend\rve-backend.py -i E:\WorkBuddy\video-transfer-tools\video_pipeline\input\课程\录像28.wmv -o E:\WorkBuddy\video-transfer-tools\video_pipeline\work\current\video_ai.mp4 --upscale_model E:\WorkBuddy\video-transfer-tools\video_pipeline\tools\models\2x_OpenProteus_Compact_i2_70K.pth --device cuda --backend pytorch --precision auto --pytorch_gpu_id 0 --tilesize 0 --ffmpeg_path E:\WorkBuddy\video-transfer-tools\video_pipeline\.tools\ffmpeg\ffmpeg.exe --overwrite --crf 16 --video_encoder_preset libx264 --audio_encoder_preset aac
2026-09-27 08:24:40,298 [ERROR] pipeline.scheduler: 任务 34 未预期异常
Traceback (most recent call last):
  File "E:\WorkBuddy\video-transfer-tools\video_pipeline\pipeline\scheduler.py", line 120, in run
    self._process_job(job)
  File "E:\WorkBuddy\video-transfer-tools\video_pipeline\pipeline\scheduler.py", line 214, in _process_job
    self._stage_repair_video(job, info, profile, video_ai, log_file, jlog)
  File "E:\WorkBuddy\video-transfer-tools\video_pipeline\pipeline\scheduler.py", line 296, in _stage_repair_video
    self.video_ai.enhance(Path(job.source_path), video_ai,
  File "E:\WorkBuddy\video-transfer-tools\video_pipeline\adapters\real_video_enhancer.py", line 159, in enhance
    dst.unlink()  # RVE 自身也校验 --overwrite，这里先清干净
    ^^^^^^^^^^^^
  File "D:\anaconda\Lib\pathlib.py", line 1147, in unlink
    os.unlink(self)
PermissionError: [WinError 32] 另一个程序正在使用此文件，进程无法访问。: 'E:\\WorkBuddy\\video-transfer-tools\\video_pipeline\\work\\current\\video_ai.mp4'
2026-09-27 08:24:40,299 [ERROR] pipeline.job.34: 任务失败: [WinError 32] 另一个程序正在使用此文件，进程无法访问。: 'E:\\WorkBuddy\\video-transfer-tools\\video_pipeline\\work\\current\\video_ai.mp4'
2026-09-27 08:24:40,300 [WARNING] pipeline.job.34: 隔离失败文件时出错: [WinError 32] 另一个程序正在使用此文件，进程无法访问。: 'E:\\WorkBuddy\\video-transfer-tools\\video_pipeline\\work\\current\\video_ai.mp4' -> 'E:\\WorkBuddy\\video-transfer-tools\\video_pipeline\\failed\\job_0034\\video_ai.mp4'
2026-09-27 08:24:40,301 [ERROR] pipeline.job.34: FAILED_FINAL
2026-09-27 08:24:40,303 [INFO] pipeline.job.35: === 开始处理 E:\WorkBuddy\video-transfer-tools\video_pipeline\input\课程\录像29.wmv ===
2026-09-27 08:24:40,306 [INFO] pipeline.runner: RUN ffprobe -v error -print_format json -show_format -show_streams E:\WorkBuddy\video-transfer-tools\video_pipeline\input\课程\录像29.wmv
2026-09-27 08:24:40,332 [INFO] pipeline.runner: EXIT rc=0 0.0s ffprobe
2026-09-27 08:24:40,334 [INFO] pipeline.job.35: VALIDATING 完成 profile=legacy
2026-09-27 08:24:40,337 [INFO] pipeline.job.35: 自动档位：2x（仅超分） —— 超预算：完整修复约 4.9h > 4.0h，退回 2x（约快 9 倍）
2026-09-27 08:24:40,337 [INFO] pipeline.job.35: 耗时预估：完整档 4.88h / 快速档 0.50h / 单文件预算 4.00h
2026-09-27 08:24:40,337 [INFO] pipeline.job.35: RVE 参数：超分 2x，压缩修复 关，timeout 4.0h
2026-09-27 08:24:40,338 [INFO] adapters.rve: RVE 调用: E:\WorkBuddy\video-transfer-tools\video_pipeline\tools\backend\rve-backend.py -i E:\WorkBuddy\video-transfer-tools\video_pipeline\input\课程\录像29.wmv -o E:\WorkBuddy\video-transfer-tools\video_pipeline\work\current\video_ai.mp4 --upscale_model E:\WorkBuddy\video-transfer-tools\video_pipeline\tools\models\2x_OpenProteus_Compact_i2_70K.pth --device cuda --backend pytorch --precision auto --pytorch_gpu_id 0 --tilesize 0 --ffmpeg_path E:\WorkBuddy\video-transfer-tools\video_pipeline\.tools\ffmpeg\ffmpeg.exe --overwrite --crf 16 --video_encoder_preset libx264 --audio_encoder_preset aac
2026-09-27 08:24:40,338 [ERROR] pipeline.scheduler: 任务 35 未预期异常
Traceback (most recent call last):
  File "E:\WorkBuddy\video-transfer-tools\video_pipeline\pipeline\scheduler.py", line 120, in run
    self._process_job(job)
  File "E:\WorkBuddy\video-transfer-tools\video_pipeline\pipeline\scheduler.py", line 214, in _process_job
    self._stage_repair_video(job, info, profile, video_ai, log_file, jlog)
  File "E:\WorkBuddy\video-transfer-tools\video_pipeline\pipeline\scheduler.py", line 296, in _stage_repair_video
    self.video_ai.enhance(Path(job.source_path), video_ai,
  File "E:\WorkBuddy\video-transfer-tools\video_pipeline\adapters\real_video_enhancer.py", line 159, in enhance
    dst.unlink()  # RVE 自身也校验 --overwrite，这里先清干净
    ^^^^^^^^^^^^
  File "D:\anaconda\Lib\pathlib.py", line 1147, in unlink
    os.unlink(self)
PermissionError: [WinError 32] 另一个程序正在使用此文件，进程无法访问。: 'E:\\WorkBuddy\\video-transfer-tools\\video_pipeline\\work\\current\\video_ai.mp4'
2026-09-27 08:24:40,339 [ERROR] pipeline.job.35: 任务失败: [WinError 32] 另一个程序正在使用此文件，进程无法访问。: 'E:\\WorkBuddy\\video-transfer-tools\\video_pipeline\\work\\current\\video_ai.mp4'
2026-09-27 08:24:40,342 [WARNING] pipeline.job.35: 进入 RETRY_PENDING (第 1 次)
2026-09-27 08:24:40,343 [INFO] pipeline.job.35: === 开始处理 E:\WorkBuddy\video-transfer-tools\video_pipeline\input\课程\录像29.wmv ===
2026-09-27 08:24:40,345 [INFO] pipeline.job.35: 自动档位：2x（仅超分） —— 超预算：完整修复约 4.9h > 4.0h，退回 2x（约快 9 倍）
2026-09-27 08:24:40,345 [INFO] pipeline.job.35: 耗时预估：完整档 4.88h / 快速档 0.50h / 单文件预算 4.00h
2026-09-27 08:24:40,346 [INFO] pipeline.job.35: RVE 参数：超分 2x，压缩修复 关，timeout 4.0h
2026-09-27 08:24:40,347 [INFO] adapters.rve: RVE 调用: E:\WorkBuddy\video-transfer-tools\video_pipeline\tools\backend\rve-backend.py -i E:\WorkBuddy\video-transfer-tools\video_pipeline\input\课程\录像29.wmv -o E:\WorkBuddy\video-transfer-tools\video_pipeline\work\current\video_ai.mp4 --upscale_model E:\WorkBuddy\video-transfer-tools\video_pipeline\tools\models\2x_OpenProteus_Compact_i2_70K.pth --device cuda --backend pytorch --precision auto --pytorch_gpu_id 0 --tilesize 0 --ffmpeg_path E:\WorkBuddy\video-transfer-tools\video_pipeline\.tools\ffmpeg\ffmpeg.exe --overwrite --crf 16 --video_encoder_preset libx264 --audio_encoder_preset aac
2026-09-27 08:24:40,347 [ERROR] pipeline.scheduler: 任务 35 未预期异常
Traceback (most recent call last):
  File "E:\WorkBuddy\video-transfer-tools\video_pipeline\pipeline\scheduler.py", line 120, in run
    self._process_job(job)
  File "E:\WorkBuddy\video-transfer-tools\video_pipeline\pipeline\scheduler.py", line 214, in _process_job
    self._stage_repair_video(job, info, profile, video_ai, log_file, jlog)
  File "E:\WorkBuddy\video-transfer-tools\video_pipeline\pipeline\scheduler.py", line 296, in _stage_repair_video
    self.video_ai.enhance(Path(job.source_path), video_ai,
  File "E:\WorkBuddy\video-transfer-tools\video_pipeline\adapters\real_video_enhancer.py", line 159, in enhance
    dst.unlink()  # RVE 自身也校验 --overwrite，这里先清干净
    ^^^^^^^^^^^^
  File "D:\anaconda\Lib\pathlib.py", line 1147, in unlink
    os.unlink(self)
PermissionError: [WinError 32] 另一个程序正在使用此文件，进程无法访问。: 'E:\\WorkBuddy\\video-transfer-tools\\video_pipeline\\work\\current\\video_ai.mp4'
2026-09-27 08:24:40,347 [ERROR] pipeline.job.35: 任务失败: [WinError 32] 另一个程序正在使用此文件，进程无法访问。: 'E:\\WorkBuddy\\video-transfer-tools\\video_pipeline\\work\\current\\video_ai.mp4'
2026-09-27 08:24:40,348 [WARNING] pipeline.job.35: 隔离失败文件时出错: [WinError 32] 另一个程序正在使用此文件，进程无法访问。: 'E:\\WorkBuddy\\video-transfer-tools\\video_pipeline\\work\\current\\video_ai.mp4' -> 'E:\\WorkBuddy\\video-transfer-tools\\video_pipeline\\failed\\job_0035\\video_ai.mp4'
2026-09-27 08:24:40,349 [ERROR] pipeline.job.35: FAILED_FINAL
2026-09-27 08:24:40,350 [INFO] pipeline.job.36: === 开始处理 E:\WorkBuddy\video-transfer-tools\video_pipeline\input\课程\录像30.wmv ===
2026-09-27 08:24:40,353 [INFO] pipeline.runner: RUN ffprobe -v error -print_format json -show_format -show_streams E:\WorkBuddy\video-transfer-tools\video_pipeline\input\课程\录像30.wmv
2026-09-27 08:24:40,378 [INFO] pipeline.runner: EXIT rc=0 0.0s ffprobe
2026-09-27 08:24:40,380 [INFO] pipeline.job.36: VALIDATING 完成 profile=legacy
2026-09-27 08:24:40,382 [INFO] pipeline.job.36: 自动档位：1x+2x（完整修复） —— 预算内：完整修复约 3.2h ≤ 4.0h，启用 1x+2x
2026-09-27 08:24:40,383 [INFO] pipeline.job.36: 耗时预估：完整档 3.23h / 快速档 0.34h / 单文件预算 4.00h
2026-09-27 08:24:40,383 [INFO] pipeline.job.36: RVE 参数：超分 2x，压缩修复 开，timeout 9.9h
2026-09-27 08:24:40,385 [INFO] adapters.rve: RVE 调用: E:\WorkBuddy\video-transfer-tools\video_pipeline\tools\backend\rve-backend.py -i E:\WorkBuddy\video-transfer-tools\video_pipeline\input\课程\录像30.wmv -o E:\WorkBuddy\video-transfer-tools\video_pipeline\work\current\video_ai.mp4 --extra_restoration_models E:\WorkBuddy\video-transfer-tools\video_pipeline\tools\models\1xDeH264_realplksr.pth --upscale_model E:\WorkBuddy\video-transfer-tools\video_pipeline\tools\models\2x_OpenProteus_Compact_i2_70K.pth --device cuda --backend pytorch --precision auto --pytorch_gpu_id 0 --tilesize 0 --ffmpeg_path E:\WorkBuddy\video-transfer-tools\video_pipeline\.tools\ffmpeg\ffmpeg.exe --overwrite --crf 16 --video_encoder_preset libx264 --audio_encoder_preset aac
2026-09-27 08:24:40,385 [ERROR] pipeline.scheduler: 任务 36 未预期异常
Traceback (most recent call last):
  File "E:\WorkBuddy\video-transfer-tools\video_pipeline\pipeline\scheduler.py", line 120, in run
    self._process_job(job)
  File "E:\WorkBuddy\video-transfer-tools\video_pipeline\pipeline\scheduler.py", line 214, in _process_job
    self._stage_repair_video(job, info, profile, video_ai, log_file, jlog)
  File "E:\WorkBuddy\video-transfer-tools\video_pipeline\pipeline\scheduler.py", line 296, in _stage_repair_video
    self.video_ai.enhance(Path(job.source_path), video_ai,
  File "E:\WorkBuddy\video-transfer-tools\video_pipeline\adapters\real_video_enhancer.py", line 159, in enhance
    dst.unlink()  # RVE 自身也校验 --overwrite，这里先清干净
    ^^^^^^^^^^^^
  File "D:\anaconda\Lib\pathlib.py", line 1147, in unlink
    os.unlink(self)
PermissionError: [WinError 32] 另一个程序正在使用此文件，进程无法访问。: 'E:\\WorkBuddy\\video-transfer-tools\\video_pipeline\\work\\current\\video_ai.mp4'
2026-09-27 08:24:40,386 [ERROR] pipeline.job.36: 任务失败: [WinError 32] 另一个程序正在使用此文件，进程无法访问。: 'E:\\WorkBuddy\\video-transfer-tools\\video_pipeline\\work\\current\\video_ai.mp4'
2026-09-27 08:24:40,388 [WARNING] pipeline.job.36: 进入 RETRY_PENDING (第 1 次)
2026-09-27 08:24:40,388 [INFO] pipeline.job.36: === 开始处理 E:\WorkBuddy\video-transfer-tools\video_pipeline\input\课程\录像30.wmv ===
2026-09-27 08:24:40,390 [INFO] pipeline.job.36: 自动档位：1x+2x（完整修复） —— 预算内：完整修复约 3.2h ≤ 4.0h，启用 1x+2x
2026-09-27 08:24:40,390 [INFO] pipeline.job.36: 耗时预估：完整档 3.23h / 快速档 0.34h / 单文件预算 4.00h
2026-09-27 08:24:40,392 [INFO] pipeline.job.36: RVE 参数：超分 2x，压缩修复 开，timeout 9.9h
2026-09-27 08:24:40,393 [INFO] adapters.rve: RVE 调用: E:\WorkBuddy\video-transfer-tools\video_pipeline\tools\backend\rve-backend.py -i E:\WorkBuddy\video-transfer-tools\video_pipeline\input\课程\录像30.wmv -o E:\WorkBuddy\video-transfer-tools\video_pipeline\work\current\video_ai.mp4 --extra_restoration_models E:\WorkBuddy\video-transfer-tools\video_pipeline\tools\models\1xDeH264_realplksr.pth --upscale_model E:\WorkBuddy\video-transfer-tools\video_pipeline\tools\models\2x_OpenProteus_Compact_i2_70K.pth --device cuda --backend pytorch --precision auto --pytorch_gpu_id 0 --tilesize 0 --ffmpeg_path E:\WorkBuddy\video-transfer-tools\video_pipeline\.tools\ffmpeg\ffmpeg.exe --overwrite --crf 16 --video_encoder_preset libx264 --audio_encoder_preset aac
2026-09-27 08:24:40,393 [ERROR] pipeline.scheduler: 任务 36 未预期异常
Traceback (most recent call last):
  File "E:\WorkBuddy\video-transfer-tools\video_pipeline\pipeline\scheduler.py", line 120, in run
    self._process_job(job)
  File "E:\WorkBuddy\video-transfer-tools\video_pipeline\pipeline\scheduler.py", line 214, in _process_job
    self._stage_repair_video(job, info, profile, video_ai, log_file, jlog)
  File "E:\WorkBuddy\video-transfer-tools\video_pipeline\pipeline\scheduler.py", line 296, in _stage_repair_video
    self.video_ai.enhance(Path(job.source_path), video_ai,
  File "E:\WorkBuddy\video-transfer-tools\video_pipeline\adapters\real_video_enhancer.py", line 159, in enhance
    dst.unlink()  # RVE 自身也校验 --overwrite，这里先清干净
    ^^^^^^^^^^^^
  File "D:\anaconda\Lib\pathlib.py", line 1147, in unlink
    os.unlink(self)
PermissionError: [WinError 32] 另一个程序正在使用此文件，进程无法访问。: 'E:\\WorkBuddy\\video-transfer-tools\\video_pipeline\\work\\current\\video_ai.mp4'
2026-09-27 08:24:40,393 [ERROR] pipeline.job.36: 任务失败: [WinError 32] 另一个程序正在使用此文件，进程无法访问。: 'E:\\WorkBuddy\\video-transfer-tools\\video_pipeline\\work\\current\\video_ai.mp4'
2026-09-27 08:24:40,396 [WARNING] pipeline.job.36: 隔离失败文件时出错: [WinError 32] 另一个程序正在使用此文件，进程无法访问。: 'E:\\WorkBuddy\\video-transfer-tools\\video_pipeline\\work\\current\\video_ai.mp4' -> 'E:\\WorkBuddy\\video-transfer-tools\\video_pipeline\\failed\\job_0036\\video_ai.mp4'
2026-09-27 08:24:40,396 [ERROR] pipeline.job.36: FAILED_FINAL
2026-09-27 08:24:40,399 [INFO] pipeline.job.37: === 开始处理 E:\WorkBuddy\video-transfer-tools\video_pipeline\input\课程\录像31.wmv ===
2026-09-27 08:24:40,402 [INFO] pipeline.runner: RUN ffprobe -v error -print_format json -show_format -show_streams E:\WorkBuddy\video-transfer-tools\video_pipeline\input\课程\录像31.wmv
2026-09-27 08:24:40,430 [INFO] pipeline.runner: EXIT rc=0 0.0s ffprobe
2026-09-27 08:24:40,430 [INFO] pipeline.job.37: VALIDATING 完成 profile=legacy
2026-09-27 08:24:40,436 [INFO] pipeline.job.37: 自动档位：2x（仅超分） —— 超预算：完整修复约 5.0h > 4.0h，退回 2x（约快 9 倍）
2026-09-27 08:24:40,436 [INFO] pipeline.job.37: 耗时预估：完整档 5.00h / 快速档 0.52h / 单文件预算 4.00h
2026-09-27 08:24:40,437 [INFO] pipeline.job.37: RVE 参数：超分 2x，压缩修复 关，timeout 4.0h
2026-09-27 08:24:40,437 [INFO] adapters.rve: RVE 调用: E:\WorkBuddy\video-transfer-tools\video_pipeline\tools\backend\rve-backend.py -i E:\WorkBuddy\video-transfer-tools\video_pipeline\input\课程\录像31.wmv -o E:\WorkBuddy\video-transfer-tools\video_pipeline\work\current\video_ai.mp4 --upscale_model E:\WorkBuddy\video-transfer-tools\video_pipeline\tools\models\2x_OpenProteus_Compact_i2_70K.pth --device cuda --backend pytorch --precision auto --pytorch_gpu_id 0 --tilesize 0 --ffmpeg_path E:\WorkBuddy\video-transfer-tools\video_pipeline\.tools\ffmpeg\ffmpeg.exe --overwrite --crf 16 --video_encoder_preset libx264 --audio_encoder_preset aac
2026-09-27 08:24:40,437 [ERROR] pipeline.scheduler: 任务 37 未预期异常
Traceback (most recent call last):
  File "E:\WorkBuddy\video-transfer-tools\video_pipeline\pipeline\scheduler.py", line 120, in run
    self._process_job(job)
  File "E:\WorkBuddy\video-transfer-tools\video_pipeline\pipeline\scheduler.py", line 214, in _process_job
    self._stage_repair_video(job, info, profile, video_ai, log_file, jlog)
  File "E:\WorkBuddy\video-transfer-tools\video_pipeline\pipeline\scheduler.py", line 296, in _stage_repair_video
    self.video_ai.enhance(Path(job.source_path), video_ai,
  File "E:\WorkBuddy\video-transfer-tools\video_pipeline\adapters\real_video_enhancer.py", line 159, in enhance
    dst.unlink()  # RVE 自身也校验 --overwrite，这里先清干净
    ^^^^^^^^^^^^
  File "D:\anaconda\Lib\pathlib.py", line 1147, in unlink
    os.unlink(self)
PermissionError: [WinError 32] 另一个程序正在使用此文件，进程无法访问。: 'E:\\WorkBuddy\\video-transfer-tools\\video_pipeline\\work\\current\\video_ai.mp4'
2026-09-27 08:24:40,439 [ERROR] pipeline.job.37: 任务失败: [WinError 32] 另一个程序正在使用此文件，进程无法访问。: 'E:\\WorkBuddy\\video-transfer-tools\\video_pipeline\\work\\current\\video_ai.mp4'
2026-09-27 08:24:40,441 [WARNING] pipeline.job.37: 进入 RETRY_PENDING (第 1 次)
2026-09-27 08:24:40,441 [INFO] pipeline.job.37: === 开始处理 E:\WorkBuddy\video-transfer-tools\video_pipeline\input\课程\录像31.wmv ===
2026-09-27 08:24:40,444 [INFO] pipeline.job.37: 自动档位：2x（仅超分） —— 超预算：完整修复约 5.0h > 4.0h，退回 2x（约快 9 倍）
2026-09-27 08:24:40,444 [INFO] pipeline.job.37: 耗时预估：完整档 5.00h / 快速档 0.52h / 单文件预算 4.00h
2026-09-27 08:24:40,444 [INFO] pipeline.job.37: RVE 参数：超分 2x，压缩修复 关，timeout 4.0h
2026-09-27 08:24:40,445 [INFO] adapters.rve: RVE 调用: E:\WorkBuddy\video-transfer-tools\video_pipeline\tools\backend\rve-backend.py -i E:\WorkBuddy\video-transfer-tools\video_pipeline\input\课程\录像31.wmv -o E:\WorkBuddy\video-transfer-tools\video_pipeline\work\current\video_ai.mp4 --upscale_model E:\WorkBuddy\video-transfer-tools\video_pipeline\tools\models\2x_OpenProteus_Compact_i2_70K.pth --device cuda --backend pytorch --precision auto --pytorch_gpu_id 0 --tilesize 0 --ffmpeg_path E:\WorkBuddy\video-transfer-tools\video_pipeline\.tools\ffmpeg\ffmpeg.exe --overwrite --crf 16 --video_encoder_preset libx264 --audio_encoder_preset aac
2026-09-27 08:24:40,445 [ERROR] pipeline.scheduler: 任务 37 未预期异常
Traceback (most recent call last):
  File "E:\WorkBuddy\video-transfer-tools\video_pipeline\pipeline\scheduler.py", line 120, in run
    self._process_job(job)
  File "E:\WorkBuddy\video-transfer-tools\video_pipeline\pipeline\scheduler.py", line 214, in _process_job
    self._stage_repair_video(job, info, profile, video_ai, log_file, jlog)
  File "E:\WorkBuddy\video-transfer-tools\video_pipeline\pipeline\scheduler.py", line 296, in _stage_repair_video
    self.video_ai.enhance(Path(job.source_path), video_ai,
  File "E:\WorkBuddy\video-transfer-tools\video_pipeline\adapters\real_video_enhancer.py", line 159, in enhance
    dst.unlink()  # RVE 自身也校验 --overwrite，这里先清干净
    ^^^^^^^^^^^^
  File "D:\anaconda\Lib\pathlib.py", line 1147, in unlink
    os.unlink(self)
PermissionError: [WinError 32] 另一个程序正在使用此文件，进程无法访问。: 'E:\\WorkBuddy\\video-transfer-tools\\video_pipeline\\work\\current\\video_ai.mp4'
2026-09-27 08:24:40,458 [ERROR] pipeline.job.37: 任务失败: [WinError 32] 另一个程序正在使用此文件，进程无法访问。: 'E:\\WorkBuddy\\video-transfer-tools\\video_pipeline\\work\\current\\video_ai.mp4'
2026-09-27 08:24:40,459 [WARNING] pipeline.job.37: 隔离失败文件时出错: [WinError 32] 另一个程序正在使用此文件，进程无法访问。: 'E:\\WorkBuddy\\video-transfer-tools\\video_pipeline\\work\\current\\video_ai.mp4' -> 'E:\\WorkBuddy\\video-transfer-tools\\video_pipeline\\failed\\job_0037\\video_ai.mp4'
2026-09-27 08:24:40,461 [ERROR] pipeline.job.37: FAILED_FINAL
2026-09-27 08:24:40,461 [INFO] pipeline.job.38: === 开始处理 E:\WorkBuddy\video-transfer-tools\video_pipeline\input\课程\录像32.wmv ===
2026-09-27 08:24:40,465 [INFO] pipeline.runner: RUN ffprobe -v error -print_format json -show_format -show_streams E:\WorkBuddy\video-transfer-tools\video_pipeline\input\课程\录像32.wmv
2026-09-27 08:24:40,492 [INFO] pipeline.runner: EXIT rc=0 0.0s ffprobe
2026-09-27 08:24:40,495 [INFO] pipeline.job.38: VALIDATING 完成 profile=legacy
2026-09-27 08:24:40,497 [INFO] pipeline.job.38: 自动档位：1x+2x（完整修复） —— 预算内：完整修复约 3.7h ≤ 4.0h，启用 1x+2x
2026-09-27 08:24:40,497 [INFO] pipeline.job.38: 耗时预估：完整档 3.66h / 快速档 0.38h / 单文件预算 4.00h
2026-09-27 08:24:40,497 [INFO] pipeline.job.38: RVE 参数：超分 2x，压缩修复 开，timeout 11.2h
2026-09-27 08:24:40,498 [INFO] adapters.rve: RVE 调用: E:\WorkBuddy\video-transfer-tools\video_pipeline\tools\backend\rve-backend.py -i E:\WorkBuddy\video-transfer-tools\video_pipeline\input\课程\录像32.wmv -o E:\WorkBuddy\video-transfer-tools\video_pipeline\work\current\video_ai.mp4 --extra_restoration_models E:\WorkBuddy\video-transfer-tools\video_pipeline\tools\models\1xDeH264_realplksr.pth --upscale_model E:\WorkBuddy\video-transfer-tools\video_pipeline\tools\models\2x_OpenProteus_Compact_i2_70K.pth --device cuda --backend pytorch --precision auto --pytorch_gpu_id 0 --tilesize 0 --ffmpeg_path E:\WorkBuddy\video-transfer-tools\video_pipeline\.tools\ffmpeg\ffmpeg.exe --overwrite --crf 16 --video_encoder_preset libx264 --audio_encoder_preset aac
2026-09-27 08:24:40,498 [ERROR] pipeline.scheduler: 任务 38 未预期异常
Traceback (most recent call last):
  File "E:\WorkBuddy\video-transfer-tools\video_pipeline\pipeline\scheduler.py", line 120, in run
    self._process_job(job)
  File "E:\WorkBuddy\video-transfer-tools\video_pipeline\pipeline\scheduler.py", line 214, in _process_job
    self._stage_repair_video(job, info, profile, video_ai, log_file, jlog)
  File "E:\WorkBuddy\video-transfer-tools\video_pipeline\pipeline\scheduler.py", line 296, in _stage_repair_video
    self.video_ai.enhance(Path(job.source_path), video_ai,
  File "E:\WorkBuddy\video-transfer-tools\video_pipeline\adapters\real_video_enhancer.py", line 159, in enhance
    dst.unlink()  # RVE 自身也校验 --overwrite，这里先清干净
    ^^^^^^^^^^^^
  File "D:\anaconda\Lib\pathlib.py", line 1147, in unlink
    os.unlink(self)
PermissionError: [WinError 32] 另一个程序正在使用此文件，进程无法访问。: 'E:\\WorkBuddy\\video-transfer-tools\\video_pipeline\\work\\current\\video_ai.mp4'
2026-09-27 08:24:40,500 [ERROR] pipeline.job.38: 任务失败: [WinError 32] 另一个程序正在使用此文件，进程无法访问。: 'E:\\WorkBuddy\\video-transfer-tools\\video_pipeline\\work\\current\\video_ai.mp4'
2026-09-27 08:24:40,502 [WARNING] pipeline.job.38: 进入 RETRY_PENDING (第 1 次)
2026-09-27 08:24:40,503 [INFO] pipeline.job.38: === 开始处理 E:\WorkBuddy\video-transfer-tools\video_pipeline\input\课程\录像32.wmv ===
2026-09-27 08:24:40,504 [INFO] pipeline.job.38: 自动档位：1x+2x（完整修复） —— 预算内：完整修复约 3.7h ≤ 4.0h，启用 1x+2x
2026-09-27 08:24:40,505 [INFO] pipeline.job.38: 耗时预估：完整档 3.66h / 快速档 0.38h / 单文件预算 4.00h
2026-09-27 08:24:40,505 [INFO] pipeline.job.38: RVE 参数：超分 2x，压缩修复 开，timeout 11.2h
2026-09-27 08:24:40,506 [INFO] adapters.rve: RVE 调用: E:\WorkBuddy\video-transfer-tools\video_pipeline\tools\backend\rve-backend.py -i E:\WorkBuddy\video-transfer-tools\video_pipeline\input\课程\录像32.wmv -o E:\WorkBuddy\video-transfer-tools\video_pipeline\work\current\video_ai.mp4 --extra_restoration_models E:\WorkBuddy\video-transfer-tools\video_pipeline\tools\models\1xDeH264_realplksr.pth --upscale_model E:\WorkBuddy\video-transfer-tools\video_pipeline\tools\models\2x_OpenProteus_Compact_i2_70K.pth --device cuda --backend pytorch --precision auto --pytorch_gpu_id 0 --tilesize 0 --ffmpeg_path E:\WorkBuddy\video-transfer-tools\video_pipeline\.tools\ffmpeg\ffmpeg.exe --overwrite --crf 16 --video_encoder_preset libx264 --audio_encoder_preset aac
2026-09-27 08:24:40,506 [ERROR] pipeline.scheduler: 任务 38 未预期异常
Traceback (most recent call last):
  File "E:\WorkBuddy\video-transfer-tools\video_pipeline\pipeline\scheduler.py", line 120, in run
    self._process_job(job)
  File "E:\WorkBuddy\video-transfer-tools\video_pipeline\pipeline\scheduler.py", line 214, in _process_job
    self._stage_repair_video(job, info, profile, video_ai, log_file, jlog)
  File "E:\WorkBuddy\video-transfer-tools\video_pipeline\pipeline\scheduler.py", line 296, in _stage_repair_video
    self.video_ai.enhance(Path(job.source_path), video_ai,
  File "E:\WorkBuddy\video-transfer-tools\video_pipeline\adapters\real_video_enhancer.py", line 159, in enhance
    dst.unlink()  # RVE 自身也校验 --overwrite，这里先清干净
    ^^^^^^^^^^^^
  File "D:\anaconda\Lib\pathlib.py", line 1147, in unlink
    os.unlink(self)
PermissionError: [WinError 32] 另一个程序正在使用此文件，进程无法访问。: 'E:\\WorkBuddy\\video-transfer-tools\\video_pipeline\\work\\current\\video_ai.mp4'
2026-09-27 08:24:40,513 [ERROR] pipeline.job.38: 任务失败: [WinError 32] 另一个程序正在使用此文件，进程无法访问。: 'E:\\WorkBuddy\\video-transfer-tools\\video_pipeline\\work\\current\\video_ai.mp4'
2026-09-27 08:24:40,515 [WARNING] pipeline.job.38: 隔离失败文件时出错: [WinError 32] 另一个程序正在使用此文件，进程无法访问。: 'E:\\WorkBuddy\\video-transfer-tools\\video_pipeline\\work\\current\\video_ai.mp4' -> 'E:\\WorkBuddy\\video-transfer-tools\\video_pipeline\\failed\\job_0038\\video_ai.mp4'
2026-09-27 08:24:40,516 [ERROR] pipeline.job.38: FAILED_FINAL
2026-09-27 08:24:40,516 [INFO] pipeline.job.39: === 开始处理 E:\WorkBuddy\video-transfer-tools\video_pipeline\input\课程\录像33.wmv ===
2026-09-27 08:24:40,519 [INFO] pipeline.runner: RUN ffprobe -v error -print_format json -show_format -show_streams E:\WorkBuddy\video-transfer-tools\video_pipeline\input\课程\录像33.wmv
2026-09-27 08:24:40,542 [INFO] pipeline.runner: EXIT rc=0 0.0s ffprobe
2026-09-27 08:24:40,545 [INFO] pipeline.job.39: VALIDATING 完成 profile=legacy
2026-09-27 08:24:40,546 [INFO] pipeline.job.39: 自动档位：2x（仅超分） —— 超预算：完整修复约 4.9h > 4.0h，退回 2x（约快 9 倍）
2026-09-27 08:24:40,548 [INFO] pipeline.job.39: 耗时预估：完整档 4.87h / 快速档 0.50h / 单文件预算 4.00h
2026-09-27 08:24:40,548 [INFO] pipeline.job.39: RVE 参数：超分 2x，压缩修复 关，timeout 4.0h
2026-09-27 08:24:40,549 [INFO] adapters.rve: RVE 调用: E:\WorkBuddy\video-transfer-tools\video_pipeline\tools\backend\rve-backend.py -i E:\WorkBuddy\video-transfer-tools\video_pipeline\input\课程\录像33.wmv -o E:\WorkBuddy\video-transfer-tools\video_pipeline\work\current\video_ai.mp4 --upscale_model E:\WorkBuddy\video-transfer-tools\video_pipeline\tools\models\2x_OpenProteus_Compact_i2_70K.pth --device cuda --backend pytorch --precision auto --pytorch_gpu_id 0 --tilesize 0 --ffmpeg_path E:\WorkBuddy\video-transfer-tools\video_pipeline\.tools\ffmpeg\ffmpeg.exe --overwrite --crf 16 --video_encoder_preset libx264 --audio_encoder_preset aac
2026-09-27 08:24:40,549 [ERROR] pipeline.scheduler: 任务 39 未预期异常
Traceback (most recent call last):
  File "E:\WorkBuddy\video-transfer-tools\video_pipeline\pipeline\scheduler.py", line 120, in run
    self._process_job(job)
  File "E:\WorkBuddy\video-transfer-tools\video_pipeline\pipeline\scheduler.py", line 214, in _process_job
    self._stage_repair_video(job, info, profile, video_ai, log_file, jlog)
  File "E:\WorkBuddy\video-transfer-tools\video_pipeline\pipeline\scheduler.py", line 296, in _stage_repair_video
    self.video_ai.enhance(Path(job.source_path), video_ai,
  File "E:\WorkBuddy\video-transfer-tools\video_pipeline\adapters\real_video_enhancer.py", line 159, in enhance
    dst.unlink()  # RVE 自身也校验 --overwrite，这里先清干净
    ^^^^^^^^^^^^
  File "D:\anaconda\Lib\pathlib.py", line 1147, in unlink
    os.unlink(self)
PermissionError: [WinError 32] 另一个程序正在使用此文件，进程无法访问。: 'E:\\WorkBuddy\\video-transfer-tools\\video_pipeline\\work\\current\\video_ai.mp4'
2026-09-27 08:24:40,550 [ERROR] pipeline.job.39: 任务失败: [WinError 32] 另一个程序正在使用此文件，进程无法访问。: 'E:\\WorkBuddy\\video-transfer-tools\\video_pipeline\\work\\current\\video_ai.mp4'
2026-09-27 08:24:40,554 [WARNING] pipeline.job.39: 进入 RETRY_PENDING (第 1 次)
2026-09-27 08:24:40,555 [INFO] pipeline.job.39: === 开始处理 E:\WorkBuddy\video-transfer-tools\video_pipeline\input\课程\录像33.wmv ===
2026-09-27 08:24:40,556 [INFO] pipeline.job.39: 自动档位：2x（仅超分） —— 超预算：完整修复约 4.9h > 4.0h，退回 2x（约快 9 倍）
2026-09-27 08:24:40,556 [INFO] pipeline.job.39: 耗时预估：完整档 4.87h / 快速档 0.50h / 单文件预算 4.00h
2026-09-27 08:24:40,558 [INFO] pipeline.job.39: RVE 参数：超分 2x，压缩修复 关，timeout 4.0h
2026-09-27 08:24:40,558 [INFO] adapters.rve: RVE 调用: E:\WorkBuddy\video-transfer-tools\video_pipeline\tools\backend\rve-backend.py -i E:\WorkBuddy\video-transfer-tools\video_pipeline\input\课程\录像33.wmv -o E:\WorkBuddy\video-transfer-tools\video_pipeline\work\current\video_ai.mp4 --upscale_model E:\WorkBuddy\video-transfer-tools\video_pipeline\tools\models\2x_OpenProteus_Compact_i2_70K.pth --device cuda --backend pytorch --precision auto --pytorch_gpu_id 0 --tilesize 0 --ffmpeg_path E:\WorkBuddy\video-transfer-tools\video_pipeline\.tools\ffmpeg\ffmpeg.exe --overwrite --crf 16 --video_encoder_preset libx264 --audio_encoder_preset aac
2026-09-27 08:24:40,559 [ERROR] pipeline.scheduler: 任务 39 未预期异常
Traceback (most recent call last):
  File "E:\WorkBuddy\video-transfer-tools\video_pipeline\pipeline\scheduler.py", line 120, in run
    self._process_job(job)
  File "E:\WorkBuddy\video-transfer-tools\video_pipeline\pipeline\scheduler.py", line 214, in _process_job
    self._stage_repair_video(job, info, profile, video_ai, log_file, jlog)
  File "E:\WorkBuddy\video-transfer-tools\video_pipeline\pipeline\scheduler.py", line 296, in _stage_repair_video
    self.video_ai.enhance(Path(job.source_path), video_ai,
  File "E:\WorkBuddy\video-transfer-tools\video_pipeline\adapters\real_video_enhancer.py", line 159, in enhance
    dst.unlink()  # RVE 自身也校验 --overwrite，这里先清干净
    ^^^^^^^^^^^^
  File "D:\anaconda\Lib\pathlib.py", line 1147, in unlink
    os.unlink(self)
PermissionError: [WinError 32] 另一个程序正在使用此文件，进程无法访问。: 'E:\\WorkBuddy\\video-transfer-tools\\video_pipeline\\work\\current\\video_ai.mp4'
2026-09-27 08:24:40,574 [ERROR] pipeline.job.39: 任务失败: [WinError 32] 另一个程序正在使用此文件，进程无法访问。: 'E:\\WorkBuddy\\video-transfer-tools\\video_pipeline\\work\\current\\video_ai.mp4'
2026-09-27 08:24:40,576 [WARNING] pipeline.job.39: 隔离失败文件时出错: [WinError 32] 另一个程序正在使用此文件，进程无法访问。: 'E:\\WorkBuddy\\video-transfer-tools\\video_pipeline\\work\\current\\video_ai.mp4' -> 'E:\\WorkBuddy\\video-transfer-tools\\video_pipeline\\failed\\job_0039\\video_ai.mp4'
2026-09-27 08:24:40,576 [ERROR] pipeline.job.39: FAILED_FINAL
2026-09-27 08:24:40,578 [INFO] pipeline.job.40: === 开始处理 E:\WorkBuddy\video-transfer-tools\video_pipeline\input\课程\录像34.wmv ===
2026-09-27 08:24:40,582 [INFO] pipeline.runner: RUN ffprobe -v error -print_format json -show_format -show_streams E:\WorkBuddy\video-transfer-tools\video_pipeline\input\课程\录像34.wmv
2026-09-27 08:24:40,608 [INFO] pipeline.runner: EXIT rc=0 0.0s ffprobe
2026-09-27 08:24:40,609 [INFO] pipeline.job.40: VALIDATING 完成 profile=legacy
2026-09-27 08:24:40,613 [INFO] pipeline.job.40: 自动档位：1x+2x（完整修复） —— 预算内：完整修复约 3.7h ≤ 4.0h，启用 1x+2x
2026-09-27 08:24:40,613 [INFO] pipeline.job.40: 耗时预估：完整档 3.74h / 快速档 0.39h / 单文件预算 4.00h
2026-09-27 08:24:40,613 [INFO] pipeline.job.40: RVE 参数：超分 2x，压缩修复 开，timeout 11.4h
2026-09-27 08:24:40,614 [INFO] adapters.rve: RVE 调用: E:\WorkBuddy\video-transfer-tools\video_pipeline\tools\backend\rve-backend.py -i E:\WorkBuddy\video-transfer-tools\video_pipeline\input\课程\录像34.wmv -o E:\WorkBuddy\video-transfer-tools\video_pipeline\work\current\video_ai.mp4 --extra_restoration_models E:\WorkBuddy\video-transfer-tools\video_pipeline\tools\models\1xDeH264_realplksr.pth --upscale_model E:\WorkBuddy\video-transfer-tools\video_pipeline\tools\models\2x_OpenProteus_Compact_i2_70K.pth --device cuda --backend pytorch --precision auto --pytorch_gpu_id 0 --tilesize 0 --ffmpeg_path E:\WorkBuddy\video-transfer-tools\video_pipeline\.tools\ffmpeg\ffmpeg.exe --overwrite --crf 16 --video_encoder_preset libx264 --audio_encoder_preset aac
2026-09-27 08:24:40,614 [ERROR] pipeline.scheduler: 任务 40 未预期异常
Traceback (most recent call last):
  File "E:\WorkBuddy\video-transfer-tools\video_pipeline\pipeline\scheduler.py", line 120, in run
    self._process_job(job)
  File "E:\WorkBuddy\video-transfer-tools\video_pipeline\pipeline\scheduler.py", line 214, in _process_job
    self._stage_repair_video(job, info, profile, video_ai, log_file, jlog)
  File "E:\WorkBuddy\video-transfer-tools\video_pipeline\pipeline\scheduler.py", line 296, in _stage_repair_video
    self.video_ai.enhance(Path(job.source_path), video_ai,
  File "E:\WorkBuddy\video-transfer-tools\video_pipeline\adapters\real_video_enhancer.py", line 159, in enhance
    dst.unlink()  # RVE 自身也校验 --overwrite，这里先清干净
    ^^^^^^^^^^^^
  File "D:\anaconda\Lib\pathlib.py", line 1147, in unlink
    os.unlink(self)
PermissionError: [WinError 32] 另一个程序正在使用此文件，进程无法访问。: 'E:\\WorkBuddy\\video-transfer-tools\\video_pipeline\\work\\current\\video_ai.mp4'
2026-09-27 08:24:40,616 [ERROR] pipeline.job.40: 任务失败: [WinError 32] 另一个程序正在使用此文件，进程无法访问。: 'E:\\WorkBuddy\\video-transfer-tools\\video_pipeline\\work\\current\\video_ai.mp4'
2026-09-27 08:24:40,620 [WARNING] pipeline.job.40: 进入 RETRY_PENDING (第 1 次)
2026-09-27 08:24:40,620 [INFO] pipeline.job.40: === 开始处理 E:\WorkBuddy\video-transfer-tools\video_pipeline\input\课程\录像34.wmv ===
2026-09-27 08:24:40,620 [INFO] pipeline.job.40: 自动档位：1x+2x（完整修复） —— 预算内：完整修复约 3.7h ≤ 4.0h，启用 1x+2x
2026-09-27 08:24:40,620 [INFO] pipeline.job.40: 耗时预估：完整档 3.74h / 快速档 0.39h / 单文件预算 4.00h
2026-09-27 08:24:40,624 [INFO] pipeline.job.40: RVE 参数：超分 2x，压缩修复 开，timeout 11.4h
2026-09-27 08:24:40,624 [INFO] adapters.rve: RVE 调用: E:\WorkBuddy\video-transfer-tools\video_pipeline\tools\backend\rve-backend.py -i E:\WorkBuddy\video-transfer-tools\video_pipeline\input\课程\录像34.wmv -o E:\WorkBuddy\video-transfer-tools\video_pipeline\work\current\video_ai.mp4 --extra_restoration_models E:\WorkBuddy\video-transfer-tools\video_pipeline\tools\models\1xDeH264_realplksr.pth --upscale_model E:\WorkBuddy\video-transfer-tools\video_pipeline\tools\models\2x_OpenProteus_Compact_i2_70K.pth --device cuda --backend pytorch --precision auto --pytorch_gpu_id 0 --tilesize 0 --ffmpeg_path E:\WorkBuddy\video-transfer-tools\video_pipeline\.tools\ffmpeg\ffmpeg.exe --overwrite --crf 16 --video_encoder_preset libx264 --audio_encoder_preset aac
2026-09-27 08:24:40,624 [ERROR] pipeline.scheduler: 任务 40 未预期异常
Traceback (most recent call last):
  File "E:\WorkBuddy\video-transfer-tools\video_pipeline\pipeline\scheduler.py", line 120, in run
    self._process_job(job)
  File "E:\WorkBuddy\video-transfer-tools\video_pipeline\pipeline\scheduler.py", line 214, in _process_job
    self._stage_repair_video(job, info, profile, video_ai, log_file, jlog)
  File "E:\WorkBuddy\video-transfer-tools\video_pipeline\pipeline\scheduler.py", line 296, in _stage_repair_video
    self.video_ai.enhance(Path(job.source_path), video_ai,
  File "E:\WorkBuddy\video-transfer-tools\video_pipeline\adapters\real_video_enhancer.py", line 159, in enhance
    dst.unlink()  # RVE 自身也校验 --overwrite，这里先清干净
    ^^^^^^^^^^^^
  File "D:\anaconda\Lib\pathlib.py", line 1147, in unlink
    os.unlink(self)
PermissionError: [WinError 32] 另一个程序正在使用此文件，进程无法访问。: 'E:\\WorkBuddy\\video-transfer-tools\\video_pipeline\\work\\current\\video_ai.mp4'
2026-09-27 08:24:40,641 [ERROR] pipeline.job.40: 任务失败: [WinError 32] 另一个程序正在使用此文件，进程无法访问。: 'E:\\WorkBuddy\\video-transfer-tools\\video_pipeline\\work\\current\\video_ai.mp4'
2026-09-27 08:24:40,644 [WARNING] pipeline.job.40: 隔离失败文件时出错: [WinError 32] 另一个程序正在使用此文件，进程无法访问。: 'E:\\WorkBuddy\\video-transfer-tools\\video_pipeline\\work\\current\\video_ai.mp4' -> 'E:\\WorkBuddy\\video-transfer-tools\\video_pipeline\\failed\\job_0040\\video_ai.mp4'
2026-09-27 08:24:40,645 [ERROR] pipeline.job.40: FAILED_FINAL
2026-09-27 08:24:40,647 [INFO] pipeline.job.41: === 开始处理 E:\WorkBuddy\video-transfer-tools\video_pipeline\input\课程\录像35.wmv ===
2026-09-27 08:24:40,651 [INFO] pipeline.runner: RUN ffprobe -v error -print_format json -show_format -show_streams E:\WorkBuddy\video-transfer-tools\video_pipeline\input\课程\录像35.wmv
2026-09-27 08:24:40,674 [INFO] pipeline.runner: EXIT rc=0 0.0s ffprobe
2026-09-27 08:24:40,676 [INFO] pipeline.job.41: VALIDATING 完成 profile=legacy
2026-09-27 08:24:40,677 [INFO] pipeline.job.41: 自动档位：2x（仅超分） —— 超预算：完整修复约 5.7h > 4.0h，退回 2x（约快 9 倍）
2026-09-27 08:24:40,679 [INFO] pipeline.job.41: 耗时预估：完整档 5.70h / 快速档 0.59h / 单文件预算 4.00h
2026-09-27 08:24:40,679 [INFO] pipeline.job.41: RVE 参数：超分 2x，压缩修复 关，timeout 4.0h
2026-09-27 08:24:40,679 [INFO] adapters.rve: RVE 调用: E:\WorkBuddy\video-transfer-tools\video_pipeline\tools\backend\rve-backend.py -i E:\WorkBuddy\video-transfer-tools\video_pipeline\input\课程\录像35.wmv -o E:\WorkBuddy\video-transfer-tools\video_pipeline\work\current\video_ai.mp4 --upscale_model E:\WorkBuddy\video-transfer-tools\video_pipeline\tools\models\2x_OpenProteus_Compact_i2_70K.pth --device cuda --backend pytorch --precision auto --pytorch_gpu_id 0 --tilesize 0 --ffmpeg_path E:\WorkBuddy\video-transfer-tools\video_pipeline\.tools\ffmpeg\ffmpeg.exe --overwrite --crf 16 --video_encoder_preset libx264 --audio_encoder_preset aac
2026-09-27 08:24:40,679 [ERROR] pipeline.scheduler: 任务 41 未预期异常
Traceback (most recent call last):
  File "E:\WorkBuddy\video-transfer-tools\video_pipeline\pipeline\scheduler.py", line 120, in run
    self._process_job(job)
  File "E:\WorkBuddy\video-transfer-tools\video_pipeline\pipeline\scheduler.py", line 214, in _process_job
    self._stage_repair_video(job, info, profile, video_ai, log_file, jlog)
  File "E:\WorkBuddy\video-transfer-tools\video_pipeline\pipeline\scheduler.py", line 296, in _stage_repair_video
    self.video_ai.enhance(Path(job.source_path), video_ai,
  File "E:\WorkBuddy\video-transfer-tools\video_pipeline\adapters\real_video_enhancer.py", line 159, in enhance
    dst.unlink()  # RVE 自身也校验 --overwrite，这里先清干净
    ^^^^^^^^^^^^
  File "D:\anaconda\Lib\pathlib.py", line 1147, in unlink
    os.unlink(self)
PermissionError: [WinError 32] 另一个程序正在使用此文件，进程无法访问。: 'E:\\WorkBuddy\\video-transfer-tools\\video_pipeline\\work\\current\\video_ai.mp4'
2026-09-27 08:24:40,679 [ERROR] pipeline.job.41: 任务失败: [WinError 32] 另一个程序正在使用此文件，进程无法访问。: 'E:\\WorkBuddy\\video-transfer-tools\\video_pipeline\\work\\current\\video_ai.mp4'
2026-09-27 08:24:40,684 [WARNING] pipeline.job.41: 进入 RETRY_PENDING (第 1 次)
2026-09-27 08:24:40,684 [INFO] pipeline.job.41: === 开始处理 E:\WorkBuddy\video-transfer-tools\video_pipeline\input\课程\录像35.wmv ===
2026-09-27 08:24:40,688 [INFO] pipeline.job.41: 自动档位：2x（仅超分） —— 超预算：完整修复约 5.7h > 4.0h，退回 2x（约快 9 倍）
2026-09-27 08:24:40,688 [INFO] pipeline.job.41: 耗时预估：完整档 5.70h / 快速档 0.59h / 单文件预算 4.00h
2026-09-27 08:24:40,688 [INFO] pipeline.job.41: RVE 参数：超分 2x，压缩修复 关，timeout 4.0h
2026-09-27 08:24:40,689 [INFO] adapters.rve: RVE 调用: E:\WorkBuddy\video-transfer-tools\video_pipeline\tools\backend\rve-backend.py -i E:\WorkBuddy\video-transfer-tools\video_pipeline\input\课程\录像35.wmv -o E:\WorkBuddy\video-transfer-tools\video_pipeline\work\current\video_ai.mp4 --upscale_model E:\WorkBuddy\video-transfer-tools\video_pipeline\tools\models\2x_OpenProteus_Compact_i2_70K.pth --device cuda --backend pytorch --precision auto --pytorch_gpu_id 0 --tilesize 0 --ffmpeg_path E:\WorkBuddy\video-transfer-tools\video_pipeline\.tools\ffmpeg\ffmpeg.exe --overwrite --crf 16 --video_encoder_preset libx264 --audio_encoder_preset aac
2026-09-27 08:24:40,689 [ERROR] pipeline.scheduler: 任务 41 未预期异常
Traceback (most recent call last):
  File "E:\WorkBuddy\video-transfer-tools\video_pipeline\pipeline\scheduler.py", line 120, in run
    self._process_job(job)
  File "E:\WorkBuddy\video-transfer-tools\video_pipeline\pipeline\scheduler.py", line 214, in _process_job
    self._stage_repair_video(job, info, profile, video_ai, log_file, jlog)
  File "E:\WorkBuddy\video-transfer-tools\video_pipeline\pipeline\scheduler.py", line 296, in _stage_repair_video
    self.video_ai.enhance(Path(job.source_path), video_ai,
  File "E:\WorkBuddy\video-transfer-tools\video_pipeline\adapters\real_video_enhancer.py", line 159, in enhance
    dst.unlink()  # RVE 自身也校验 --overwrite，这里先清干净
    ^^^^^^^^^^^^
  File "D:\anaconda\Lib\pathlib.py", line 1147, in unlink
    os.unlink(self)
PermissionError: [WinError 32] 另一个程序正在使用此文件，进程无法访问。: 'E:\\WorkBuddy\\video-transfer-tools\\video_pipeline\\work\\current\\video_ai.mp4'
2026-09-27 08:24:40,704 [ERROR] pipeline.job.41: 任务失败: [WinError 32] 另一个程序正在使用此文件，进程无法访问。: 'E:\\WorkBuddy\\video-transfer-tools\\video_pipeline\\work\\current\\video_ai.mp4'
2026-09-27 08:24:40,705 [WARNING] pipeline.job.41: 隔离失败文件时出错: [WinError 32] 另一个程序正在使用此文件，进程无法访问。: 'E:\\WorkBuddy\\video-transfer-tools\\video_pipeline\\work\\current\\video_ai.mp4' -> 'E:\\WorkBuddy\\video-transfer-tools\\video_pipeline\\failed\\job_0041\\video_ai.mp4'
2026-09-27 08:24:40,706 [ERROR] pipeline.job.41: FAILED_FINAL
2026-09-27 08:24:40,707 [INFO] pipeline.job.42: === 开始处理 E:\WorkBuddy\video-transfer-tools\video_pipeline\input\课程\录像36.wmv ===
2026-09-27 08:24:40,710 [INFO] pipeline.runner: RUN ffprobe -v error -print_format json -show_format -show_streams E:\WorkBuddy\video-transfer-tools\video_pipeline\input\课程\录像36.wmv
2026-09-27 08:24:40,728 [INFO] pipeline.runner: EXIT rc=0 0.0s ffprobe
2026-09-27 08:24:40,734 [INFO] pipeline.job.42: VALIDATING 完成 profile=legacy
2026-09-27 08:24:40,738 [INFO] pipeline.job.42: 自动档位：1x+2x（完整修复） —— 预算内：完整修复约 2.6h ≤ 4.0h，启用 1x+2x
2026-09-27 08:24:40,738 [INFO] pipeline.job.42: 耗时预估：完整档 2.56h / 快速档 0.27h / 单文件预算 4.00h
2026-09-27 08:24:40,739 [INFO] pipeline.job.42: RVE 参数：超分 2x，压缩修复 开，timeout 7.8h
2026-09-27 08:24:40,739 [INFO] adapters.rve: RVE 调用: E:\WorkBuddy\video-transfer-tools\video_pipeline\tools\backend\rve-backend.py -i E:\WorkBuddy\video-transfer-tools\video_pipeline\input\课程\录像36.wmv -o E:\WorkBuddy\video-transfer-tools\video_pipeline\work\current\video_ai.mp4 --extra_restoration_models E:\WorkBuddy\video-transfer-tools\video_pipeline\tools\models\1xDeH264_realplksr.pth --upscale_model E:\WorkBuddy\video-transfer-tools\video_pipeline\tools\models\2x_OpenProteus_Compact_i2_70K.pth --device cuda --backend pytorch --precision auto --pytorch_gpu_id 0 --tilesize 0 --ffmpeg_path E:\WorkBuddy\video-transfer-tools\video_pipeline\.tools\ffmpeg\ffmpeg.exe --overwrite --crf 16 --video_encoder_preset libx264 --audio_encoder_preset aac
2026-09-27 08:24:40,740 [ERROR] pipeline.scheduler: 任务 42 未预期异常
Traceback (most recent call last):
  File "E:\WorkBuddy\video-transfer-tools\video_pipeline\pipeline\scheduler.py", line 120, in run
    self._process_job(job)
  File "E:\WorkBuddy\video-transfer-tools\video_pipeline\pipeline\scheduler.py", line 214, in _process_job
    self._stage_repair_video(job, info, profile, video_ai, log_file, jlog)
  File "E:\WorkBuddy\video-transfer-tools\video_pipeline\pipeline\scheduler.py", line 296, in _stage_repair_video
    self.video_ai.enhance(Path(job.source_path), video_ai,
  File "E:\WorkBuddy\video-transfer-tools\video_pipeline\adapters\real_video_enhancer.py", line 159, in enhance
    dst.unlink()  # RVE 自身也校验 --overwrite，这里先清干净
    ^^^^^^^^^^^^
  File "D:\anaconda\Lib\pathlib.py", line 1147, in unlink
    os.unlink(self)
PermissionError: [WinError 32] 另一个程序正在使用此文件，进程无法访问。: 'E:\\WorkBuddy\\video-transfer-tools\\video_pipeline\\work\\current\\video_ai.mp4'
2026-09-27 08:24:40,742 [ERROR] pipeline.job.42: 任务失败: [WinError 32] 另一个程序正在使用此文件，进程无法访问。: 'E:\\WorkBuddy\\video-transfer-tools\\video_pipeline\\work\\current\\video_ai.mp4'
2026-09-27 08:24:40,745 [WARNING] pipeline.job.42: 进入 RETRY_PENDING (第 1 次)
2026-09-27 08:24:40,745 [INFO] pipeline.job.42: === 开始处理 E:\WorkBuddy\video-transfer-tools\video_pipeline\input\课程\录像36.wmv ===
2026-09-27 08:24:40,748 [INFO] pipeline.job.42: 自动档位：1x+2x（完整修复） —— 预算内：完整修复约 2.6h ≤ 4.0h，启用 1x+2x
2026-09-27 08:24:40,748 [INFO] pipeline.job.42: 耗时预估：完整档 2.56h / 快速档 0.27h / 单文件预算 4.00h
2026-09-27 08:24:40,748 [INFO] pipeline.job.42: RVE 参数：超分 2x，压缩修复 开，timeout 7.8h
2026-09-27 08:24:40,748 [INFO] adapters.rve: RVE 调用: E:\WorkBuddy\video-transfer-tools\video_pipeline\tools\backend\rve-backend.py -i E:\WorkBuddy\video-transfer-tools\video_pipeline\input\课程\录像36.wmv -o E:\WorkBuddy\video-transfer-tools\video_pipeline\work\current\video_ai.mp4 --extra_restoration_models E:\WorkBuddy\video-transfer-tools\video_pipeline\tools\models\1xDeH264_realplksr.pth --upscale_model E:\WorkBuddy\video-transfer-tools\video_pipeline\tools\models\2x_OpenProteus_Compact_i2_70K.pth --device cuda --backend pytorch --precision auto --pytorch_gpu_id 0 --tilesize 0 --ffmpeg_path E:\WorkBuddy\video-transfer-tools\video_pipeline\.tools\ffmpeg\ffmpeg.exe --overwrite --crf 16 --video_encoder_preset libx264 --audio_encoder_preset aac
2026-09-27 08:24:40,749 [ERROR] pipeline.scheduler: 任务 42 未预期异常
Traceback (most recent call last):
  File "E:\WorkBuddy\video-transfer-tools\video_pipeline\pipeline\scheduler.py", line 120, in run
    self._process_job(job)
  File "E:\WorkBuddy\video-transfer-tools\video_pipeline\pipeline\scheduler.py", line 214, in _process_job
    self._stage_repair_video(job, info, profile, video_ai, log_file, jlog)
  File "E:\WorkBuddy\video-transfer-tools\video_pipeline\pipeline\scheduler.py", line 296, in _stage_repair_video
    self.video_ai.enhance(Path(job.source_path), video_ai,
  File "E:\WorkBuddy\video-transfer-tools\video_pipeline\adapters\real_video_enhancer.py", line 159, in enhance
    dst.unlink()  # RVE 自身也校验 --overwrite，这里先清干净
    ^^^^^^^^^^^^
  File "D:\anaconda\Lib\pathlib.py", line 1147, in unlink
    os.unlink(self)
PermissionError: [WinError 32] 另一个程序正在使用此文件，进程无法访问。: 'E:\\WorkBuddy\\video-transfer-tools\\video_pipeline\\work\\current\\video_ai.mp4'
2026-09-27 08:24:40,768 [ERROR] pipeline.job.42: 任务失败: [WinError 32] 另一个程序正在使用此文件，进程无法访问。: 'E:\\WorkBuddy\\video-transfer-tools\\video_pipeline\\work\\current\\video_ai.mp4'
2026-09-27 08:24:40,769 [WARNING] pipeline.job.42: 隔离失败文件时出错: [WinError 32] 另一个程序正在使用此文件，进程无法访问。: 'E:\\WorkBuddy\\video-transfer-tools\\video_pipeline\\work\\current\\video_ai.mp4' -> 'E:\\WorkBuddy\\video-transfer-tools\\video_pipeline\\failed\\job_0042\\video_ai.mp4'
2026-09-27 08:24:40,772 [ERROR] pipeline.job.42: FAILED_FINAL
2026-09-27 08:24:40,772 [INFO] pipeline.job.43: === 开始处理 E:\WorkBuddy\video-transfer-tools\video_pipeline\input\课程\录像37.wmv ===
2026-09-27 08:24:40,776 [INFO] pipeline.runner: RUN ffprobe -v error -print_format json -show_format -show_streams E:\WorkBuddy\video-transfer-tools\video_pipeline\input\课程\录像37.wmv
2026-09-27 08:24:40,808 [INFO] pipeline.runner: EXIT rc=0 0.0s ffprobe
2026-09-27 08:24:40,810 [INFO] pipeline.job.43: VALIDATING 完成 profile=legacy
2026-09-27 08:24:40,812 [INFO] pipeline.job.43: 自动档位：2x（仅超分） —— 超预算：完整修复约 6.7h > 4.0h，退回 2x（约快 9 倍）
2026-09-27 08:24:40,812 [INFO] pipeline.job.43: 耗时预估：完整档 6.66h / 快速档 0.69h / 单文件预算 4.00h
2026-09-27 08:24:40,813 [INFO] pipeline.job.43: RVE 参数：超分 2x，压缩修复 关，timeout 4.0h
2026-09-27 08:24:40,814 [INFO] adapters.rve: RVE 调用: E:\WorkBuddy\video-transfer-tools\video_pipeline\tools\backend\rve-backend.py -i E:\WorkBuddy\video-transfer-tools\video_pipeline\input\课程\录像37.wmv -o E:\WorkBuddy\video-transfer-tools\video_pipeline\work\current\video_ai.mp4 --upscale_model E:\WorkBuddy\video-transfer-tools\video_pipeline\tools\models\2x_OpenProteus_Compact_i2_70K.pth --device cuda --backend pytorch --precision auto --pytorch_gpu_id 0 --tilesize 0 --ffmpeg_path E:\WorkBuddy\video-transfer-tools\video_pipeline\.tools\ffmpeg\ffmpeg.exe --overwrite --crf 16 --video_encoder_preset libx264 --audio_encoder_preset aac
2026-09-27 08:24:40,814 [ERROR] pipeline.scheduler: 任务 43 未预期异常
Traceback (most recent call last):
  File "E:\WorkBuddy\video-transfer-tools\video_pipeline\pipeline\scheduler.py", line 120, in run
    self._process_job(job)
  File "E:\WorkBuddy\video-transfer-tools\video_pipeline\pipeline\scheduler.py", line 214, in _process_job
    self._stage_repair_video(job, info, profile, video_ai, log_file, jlog)
  File "E:\WorkBuddy\video-transfer-tools\video_pipeline\pipeline\scheduler.py", line 296, in _stage_repair_video
    self.video_ai.enhance(Path(job.source_path), video_ai,
  File "E:\WorkBuddy\video-transfer-tools\video_pipeline\adapters\real_video_enhancer.py", line 159, in enhance
    dst.unlink()  # RVE 自身也校验 --overwrite，这里先清干净
    ^^^^^^^^^^^^
  File "D:\anaconda\Lib\pathlib.py", line 1147, in unlink
    os.unlink(self)
PermissionError: [WinError 32] 另一个程序正在使用此文件，进程无法访问。: 'E:\\WorkBuddy\\video-transfer-tools\\video_pipeline\\work\\current\\video_ai.mp4'
2026-09-27 08:24:40,815 [ERROR] pipeline.job.43: 任务失败: [WinError 32] 另一个程序正在使用此文件，进程无法访问。: 'E:\\WorkBuddy\\video-transfer-tools\\video_pipeline\\work\\current\\video_ai.mp4'
2026-09-27 08:24:40,818 [WARNING] pipeline.job.43: 进入 RETRY_PENDING (第 1 次)
2026-09-27 08:24:40,818 [INFO] pipeline.job.43: === 开始处理 E:\WorkBuddy\video-transfer-tools\video_pipeline\input\课程\录像37.wmv ===
2026-09-27 08:24:40,821 [INFO] pipeline.job.43: 自动档位：2x（仅超分） —— 超预算：完整修复约 6.7h > 4.0h，退回 2x（约快 9 倍）
2026-09-27 08:24:40,821 [INFO] pipeline.job.43: 耗时预估：完整档 6.66h / 快速档 0.69h / 单文件预算 4.00h
2026-09-27 08:24:40,821 [INFO] pipeline.job.43: RVE 参数：超分 2x，压缩修复 关，timeout 4.0h
2026-09-27 08:24:40,821 [INFO] adapters.rve: RVE 调用: E:\WorkBuddy\video-transfer-tools\video_pipeline\tools\backend\rve-backend.py -i E:\WorkBuddy\video-transfer-tools\video_pipeline\input\课程\录像37.wmv -o E:\WorkBuddy\video-transfer-tools\video_pipeline\work\current\video_ai.mp4 --upscale_model E:\WorkBuddy\video-transfer-tools\video_pipeline\tools\models\2x_OpenProteus_Compact_i2_70K.pth --device cuda --backend pytorch --precision auto --pytorch_gpu_id 0 --tilesize 0 --ffmpeg_path E:\WorkBuddy\video-transfer-tools\video_pipeline\.tools\ffmpeg\ffmpeg.exe --overwrite --crf 16 --video_encoder_preset libx264 --audio_encoder_preset aac
2026-09-27 08:24:40,821 [ERROR] pipeline.scheduler: 任务 43 未预期异常
Traceback (most recent call last):
  File "E:\WorkBuddy\video-transfer-tools\video_pipeline\pipeline\scheduler.py", line 120, in run
    self._process_job(job)
  File "E:\WorkBuddy\video-transfer-tools\video_pipeline\pipeline\scheduler.py", line 214, in _process_job
    self._stage_repair_video(job, info, profile, video_ai, log_file, jlog)
  File "E:\WorkBuddy\video-transfer-tools\video_pipeline\pipeline\scheduler.py", line 296, in _stage_repair_video
    self.video_ai.enhance(Path(job.source_path), video_ai,
  File "E:\WorkBuddy\video-transfer-tools\video_pipeline\adapters\real_video_enhancer.py", line 159, in enhance
    dst.unlink()  # RVE 自身也校验 --overwrite，这里先清干净
    ^^^^^^^^^^^^
  File "D:\anaconda\Lib\pathlib.py", line 1147, in unlink
    os.unlink(self)
PermissionError: [WinError 32] 另一个程序正在使用此文件，进程无法访问。: 'E:\\WorkBuddy\\video-transfer-tools\\video_pipeline\\work\\current\\video_ai.mp4'
2026-09-27 08:24:40,831 [ERROR] pipeline.job.43: 任务失败: [WinError 32] 另一个程序正在使用此文件，进程无法访问。: 'E:\\WorkBuddy\\video-transfer-tools\\video_pipeline\\work\\current\\video_ai.mp4'
2026-09-27 08:24:40,831 [WARNING] pipeline.job.43: 隔离失败文件时出错: [WinError 32] 另一个程序正在使用此文件，进程无法访问。: 'E:\\WorkBuddy\\video-transfer-tools\\video_pipeline\\work\\current\\video_ai.mp4' -> 'E:\\WorkBuddy\\video-transfer-tools\\video_pipeline\\failed\\job_0043\\video_ai.mp4'
2026-09-27 08:24:40,833 [ERROR] pipeline.job.43: FAILED_FINAL
2026-09-27 08:24:40,833 [INFO] pipeline.scheduler: 队列已清空，调度器退出
2026-09-27 10:32:56,409 [INFO] pipeline.scheduler: 自动档位：队列 34 个任务，单文件画质 AI 预算 0.4h，压缩修复能力 可用
2026-09-27 10:32:56,413 [INFO] pipeline.scheduler: 调度器启动：max_workspaces=1
2026-09-27 10:32:56,415 [INFO] pipeline.job.10: === 开始处理 E:\WorkBuddy\video-transfer-tools\video_pipeline\input\课程\录像04.wmv ===
2026-09-27 10:32:56,417 [INFO] pipeline.job.10: 自动档位：2x（仅超分） —— 超预算：完整修复约 6.6h > 0.4h，退回 2x（约快 9 倍）
2026-09-27 10:32:56,417 [INFO] pipeline.job.10: 耗时预估：完整档 6.60h / 快速档 0.68h / 单文件预算 0.35h
2026-09-27 10:32:56,417 [WARNING] pipeline.job.10: 自动档位提示：即使只做 2x，单文件也约 0.7h > 单文件预算 0.35h（本批共 34 个文件）。预算只用于决定是否启用压缩修复，不会限速；如需消除该提示可调大 video_repair.auto.total_budget_hours
2026-09-27 10:32:56,417 [INFO] pipeline.job.10: RVE 参数：超分 2x，压缩修复 关，timeout 4.0h
2026-09-27 10:32:56,419 [INFO] adapters.rve: RVE 调用: E:\WorkBuddy\video-transfer-tools\video_pipeline\tools\backend\rve-backend.py -i E:\WorkBuddy\video-transfer-tools\video_pipeline\input\课程\录像04.wmv -o E:\WorkBuddy\video-transfer-tools\video_pipeline\work\current\video_ai.mp4 --upscale_model E:\WorkBuddy\video-transfer-tools\video_pipeline\tools\models\2x_OpenProteus_Compact_i2_70K.pth --device cuda --backend pytorch --precision auto --pytorch_gpu_id 0 --tilesize 0 --ffmpeg_path E:\WorkBuddy\video-transfer-tools\video_pipeline\.tools\ffmpeg\ffmpeg.exe --overwrite --crf 16 --video_encoder_preset libx264 --audio_encoder_preset aac
2026-09-27 10:32:56,419 [INFO] pipeline.runner: RUN E:\WorkBuddy\video-transfer-tools\video_pipeline\.venv-rve\Scripts\python.exe E:\WorkBuddy\video-transfer-tools\video_pipeline\tools\backend\rve-backend.py -i E:\WorkBuddy\video-transfer-tools\video_pipeline\input\课程\录像04.wmv -o E:\WorkBuddy\video-transfer-tools\video_pipeline\work\current\video_ai.mp4 --upscale_model E:\WorkBuddy\video-transfer-tools\video_pipeline\tools\models\2x_OpenProteus_Compact_i2_70K.pth --device cuda --backend pytorch --precision auto --pytorch_gpu_id 0 --tilesize 0 --ffmpeg_path E:\WorkBuddy\video-transfer-tools\video_pipeline\.tools\ffmpeg\ffmpeg.exe --overwrite --crf 16 --video_encoder_preset libx264 --audio_encoder_preset aac
2026-09-27 10:52:37,339 [INFO] pipeline.runner: EXIT rc=1 1180.9s E:\WorkBuddy\video-transfer-tools\video_pipeline\.venv-rve\Scripts\python.exe
2026-09-27 10:52:37,340 [ERROR] pipeline.job.10: 任务失败: 命令失败 rc=1: E:\WorkBuddy\video-transfer-tools\video_pipeline\.venv-rve\Scripts\python.exe
2026-09-27 10:52:37,347 [WARNING] pipeline.job.10: 进入 RETRY_PENDING (第 1 次)
2026-09-27 10:52:37,347 [INFO] pipeline.job.10: === 开始处理 E:\WorkBuddy\video-transfer-tools\video_pipeline\input\课程\录像04.wmv ===
2026-09-27 10:52:37,354 [INFO] pipeline.job.10: 自动档位：2x（仅超分） —— 超预算：完整修复约 6.6h > 0.4h，退回 2x（约快 9 倍）
2026-09-27 10:52:37,356 [INFO] pipeline.job.10: 耗时预估：完整档 6.60h / 快速档 0.68h / 单文件预算 0.35h
2026-09-27 10:52:37,356 [INFO] pipeline.job.10: RVE 参数：超分 2x，压缩修复 关，timeout 4.0h
2026-09-27 10:52:37,356 [INFO] adapters.rve: RVE 调用: E:\WorkBuddy\video-transfer-tools\video_pipeline\tools\backend\rve-backend.py -i E:\WorkBuddy\video-transfer-tools\video_pipeline\input\课程\录像04.wmv -o E:\WorkBuddy\video-transfer-tools\video_pipeline\work\current\video_ai.mp4 --upscale_model E:\WorkBuddy\video-transfer-tools\video_pipeline\tools\models\2x_OpenProteus_Compact_i2_70K.pth --device cuda --backend pytorch --precision auto --pytorch_gpu_id 0 --tilesize 0 --ffmpeg_path E:\WorkBuddy\video-transfer-tools\video_pipeline\.tools\ffmpeg\ffmpeg.exe --overwrite --crf 16 --video_encoder_preset libx264 --audio_encoder_preset aac
2026-09-27 10:53:24,888 [INFO] pipeline.runner: RUN E:\WorkBuddy\video-transfer-tools\video_pipeline\.venv-rve\Scripts\python.exe E:\WorkBuddy\video-transfer-tools\video_pipeline\tools\backend\rve-backend.py -i E:\WorkBuddy\video-transfer-tools\video_pipeline\input\课程\录像04.wmv -o E:\WorkBuddy\video-transfer-tools\video_pipeline\work\current\video_ai.mp4 --upscale_model E:\WorkBuddy\video-transfer-tools\video_pipeline\tools\models\2x_OpenProteus_Compact_i2_70K.pth --device cuda --backend pytorch --precision auto --pytorch_gpu_id 0 --tilesize 0 --ffmpeg_path E:\WorkBuddy\video-transfer-tools\video_pipeline\.tools\ffmpeg\ffmpeg.exe --overwrite --crf 16 --video_encoder_preset libx264 --audio_encoder_preset aac
2026-09-27 10:53:52,769 [INFO] pipeline.runner: EXIT rc=3221225477 27.9s E:\WorkBuddy\video-transfer-tools\video_pipeline\.venv-rve\Scripts\python.exe
2026-09-27 10:53:52,769 [ERROR] pipeline.job.10: 任务失败: 命令失败 rc=3221225477: E:\WorkBuddy\video-transfer-tools\video_pipeline\.venv-rve\Scripts\python.exe
2026-09-27 10:53:52,772 [WARNING] pipeline.job.10: 进入 RETRY_PENDING (第 2 次)
2026-09-27 10:53:52,776 [INFO] pipeline.job.10: === 开始处理 E:\WorkBuddy\video-transfer-tools\video_pipeline\input\课程\录像04.wmv ===
2026-09-27 10:53:52,779 [INFO] pipeline.job.10: 自动档位：2x（仅超分） —— 超预算：完整修复约 6.6h > 0.4h，退回 2x（约快 9 倍）
2026-09-27 10:53:52,779 [INFO] pipeline.job.10: 耗时预估：完整档 6.60h / 快速档 0.68h / 单文件预算 0.35h
2026-09-27 10:53:52,779 [INFO] pipeline.job.10: RVE 参数：超分 2x，压缩修复 关，timeout 4.0h
2026-09-27 10:53:52,779 [INFO] adapters.rve: RVE 调用: E:\WorkBuddy\video-transfer-tools\video_pipeline\tools\backend\rve-backend.py -i E:\WorkBuddy\video-transfer-tools\video_pipeline\input\课程\录像04.wmv -o E:\WorkBuddy\video-transfer-tools\video_pipeline\work\current\video_ai.mp4 --upscale_model E:\WorkBuddy\video-transfer-tools\video_pipeline\tools\models\2x_OpenProteus_Compact_i2_70K.pth --device cuda --backend pytorch --precision auto --pytorch_gpu_id 0 --tilesize 0 --ffmpeg_path E:\WorkBuddy\video-transfer-tools\video_pipeline\.tools\ffmpeg\ffmpeg.exe --overwrite --crf 16 --video_encoder_preset libx264 --audio_encoder_preset aac
2026-09-27 10:54:52,776 [WARNING] adapters.rve: 删除 E:\WorkBuddy\video-transfer-tools\video_pipeline\work\current\video_ai.mp4 失败（等待 60s 后仍被占用）: [WinError 32] 另一个程序正在使用此文件，进程无法访问。: 'E:\\WorkBuddy\\video-transfer-tools\\video_pipeline\\work\\current\\video_ai.mp4'
2026-09-27 10:54:52,777 [ERROR] pipeline.job.10: 任务失败: 中间文件 E:\WorkBuddy\video-transfer-tools\video_pipeline\work\current\video_ai.mp4 仍被其他进程占用，无法清理；请确认没有遗留的 RVE / ffmpeg 进程后重试
2026-09-27 10:54:52,796 [WARNING] pipeline.job.10: 隔离失败文件时出错: [WinError 32] 另一个程序正在使用此文件，进程无法访问。: 'E:\\WorkBuddy\\video-transfer-tools\\video_pipeline\\work\\current\\video_ai.mp4' -> 'E:\\WorkBuddy\\video-transfer-tools\\video_pipeline\\failed\\job_0010\\video_ai.mp4'
2026-09-27 10:54:52,797 [ERROR] pipeline.job.10: FAILED_FINAL
2026-09-27 10:54:52,799 [INFO] pipeline.job.11: === 开始处理 E:\WorkBuddy\video-transfer-tools\video_pipeline\input\课程\录像05.wmv ===
2026-09-27 10:54:52,802 [INFO] pipeline.job.11: 自动档位：2x（仅超分） —— 超预算：完整修复约 5.0h > 0.4h，退回 2x（约快 9 倍）
2026-09-27 10:54:52,804 [INFO] pipeline.job.11: 耗时预估：完整档 4.97h / 快速档 0.51h / 单文件预算 0.35h
2026-09-27 10:54:52,804 [INFO] pipeline.job.11: RVE 参数：超分 2x，压缩修复 关，timeout 4.0h
2026-09-27 10:54:52,806 [INFO] adapters.rve: RVE 调用: E:\WorkBuddy\video-transfer-tools\video_pipeline\tools\backend\rve-backend.py -i E:\WorkBuddy\video-transfer-tools\video_pipeline\input\课程\录像05.wmv -o E:\WorkBuddy\video-transfer-tools\video_pipeline\work\current\video_ai.mp4 --upscale_model E:\WorkBuddy\video-transfer-tools\video_pipeline\tools\models\2x_OpenProteus_Compact_i2_70K.pth --device cuda --backend pytorch --precision auto --pytorch_gpu_id 0 --tilesize 0 --ffmpeg_path E:\WorkBuddy\video-transfer-tools\video_pipeline\.tools\ffmpeg\ffmpeg.exe --overwrite --crf 16 --video_encoder_preset libx264 --audio_encoder_preset aac
2026-09-27 10:55:52,810 [INFO] pipeline.runner: RUN E:\WorkBuddy\video-transfer-tools\video_pipeline\.venv-rve\Scripts\python.exe E:\WorkBuddy\video-transfer-tools\video_pipeline\tools\backend\rve-backend.py -i E:\WorkBuddy\video-transfer-tools\video_pipeline\input\课程\录像05.wmv -o E:\WorkBuddy\video-transfer-tools\video_pipeline\work\current\video_ai.mp4 --upscale_model E:\WorkBuddy\video-transfer-tools\video_pipeline\tools\models\2x_OpenProteus_Compact_i2_70K.pth --device cuda --backend pytorch --precision auto --pytorch_gpu_id 0 --tilesize 0 --ffmpeg_path E:\WorkBuddy\video-transfer-tools\video_pipeline\.tools\ffmpeg\ffmpeg.exe --overwrite --crf 16 --video_encoder_preset libx264 --audio_encoder_preset aac
2026-09-27 12:47:43,952 [INFO] pipeline.scheduler: 恢复 1 个被中断的任务
2026-09-27 12:47:43,953 [INFO] pipeline.scheduler: 自动档位：队列 33 个任务，单文件画质 AI 预算 0.4h，压缩修复能力 可用
2026-09-27 12:47:43,953 [INFO] pipeline.scheduler: 调度器启动：max_workspaces=1
2026-09-27 12:47:43,955 [INFO] pipeline.job.11: === 开始处理 E:\WorkBuddy\video-transfer-tools\video_pipeline\input\课程\录像05.wmv ===
2026-09-27 12:47:43,957 [INFO] pipeline.job.11: 自动档位：2x（仅超分） —— 超预算：完整修复约 5.0h > 0.4h，退回 2x（约快 9 倍）
2026-09-27 12:47:43,957 [INFO] pipeline.job.11: 耗时预估：完整档 4.97h / 快速档 0.51h / 单文件预算 0.36h
2026-09-27 12:47:43,957 [WARNING] pipeline.job.11: 自动档位提示：即使只做 2x，单文件也约 0.5h > 单文件预算 0.36h（本批共 33 个文件）。预算只用于决定是否启用压缩修复，不会限速；如需消除该提示可调大 video_repair.auto.total_budget_hours
2026-09-27 12:47:43,957 [INFO] pipeline.job.11: RVE 参数：超分 2x，压缩修复 关，timeout 4.0h
2026-09-27 12:47:43,957 [INFO] adapters.rve: RVE 调用: E:\WorkBuddy\video-transfer-tools\video_pipeline\tools\backend\rve-backend.py -i E:\WorkBuddy\video-transfer-tools\video_pipeline\input\课程\录像05.wmv -o E:\WorkBuddy\video-transfer-tools\video_pipeline\work\current\video_ai.mp4 --upscale_model E:\WorkBuddy\video-transfer-tools\video_pipeline\tools\models\2x_OpenProteus_Compact_i2_70K.pth --device cuda --backend pytorch --precision auto --pytorch_gpu_id 0 --tilesize 0 --ffmpeg_path E:\WorkBuddy\video-transfer-tools\video_pipeline\.tools\ffmpeg\ffmpeg.exe --overwrite --crf 16 --video_encoder_preset libx264 --audio_encoder_preset aac
2026-09-27 12:47:43,959 [INFO] pipeline.runner: RUN E:\WorkBuddy\video-transfer-tools\video_pipeline\.venv-rve\Scripts\python.exe E:\WorkBuddy\video-transfer-tools\video_pipeline\tools\backend\rve-backend.py -i E:\WorkBuddy\video-transfer-tools\video_pipeline\input\课程\录像05.wmv -o E:\WorkBuddy\video-transfer-tools\video_pipeline\work\current\video_ai.mp4 --upscale_model E:\WorkBuddy\video-transfer-tools\video_pipeline\tools\models\2x_OpenProteus_Compact_i2_70K.pth --device cuda --backend pytorch --precision auto --pytorch_gpu_id 0 --tilesize 0 --ffmpeg_path E:\WorkBuddy\video-transfer-tools\video_pipeline\.tools\ffmpeg\ffmpeg.exe --overwrite --crf 16 --video_encoder_preset libx264 --audio_encoder_preset aac
2026-09-27 13:21:55,612 [INFO] pipeline.runner: RUN ffprobe -v error -print_format json -show_format -show_streams E:\WorkBuddy\video-transfer-tools\video_pipeline\output\剧集\S01E04.mp4
2026-09-27 13:21:55,677 [INFO] pipeline.runner: EXIT rc=0 0.1s ffprobe
2026-09-27 13:21:55,697 [INFO] pipeline.runner: RUN ffprobe -v error -print_format json -show_format -show_streams E:\WorkBuddy\video-transfer-tools\video_pipeline\output\课程\录像01.mp4
2026-09-27 13:21:55,774 [INFO] pipeline.runner: EXIT rc=0 0.1s ffprobe
2026-09-27 13:21:55,788 [INFO] pipeline.runner: RUN ffprobe -v error -print_format json -show_format -show_streams E:\WorkBuddy\video-transfer-tools\video_pipeline\output\课程\录像02.mp4
2026-09-27 13:21:55,863 [INFO] pipeline.runner: EXIT rc=0 0.1s ffprobe
2026-09-27 13:21:55,876 [INFO] pipeline.runner: RUN ffprobe -v error -print_format json -show_format -show_streams E:\WorkBuddy\video-transfer-tools\video_pipeline\output\课程\录像03.mp4
2026-09-27 13:21:55,946 [INFO] pipeline.runner: EXIT rc=0 0.1s ffprobe
2026-09-27 13:23:14,428 [INFO] pipeline.scheduler: 恢复 1 个被中断的任务
2026-09-27 13:23:14,433 [INFO] pipeline.scheduler: 自动档位：队列 33 个任务，单文件画质 AI 预算 0.4h，压缩修复能力 可用
2026-09-27 13:23:14,433 [INFO] pipeline.scheduler: 调度器启动：max_workspaces=1
2026-09-27 13:23:14,435 [INFO] pipeline.job.11: === 开始处理 E:\WorkBuddy\video-transfer-tools\video_pipeline\input\课程\录像05.wmv ===
2026-09-27 13:23:14,437 [INFO] pipeline.job.11: 自动档位：2x（仅超分） —— 超预算：完整修复约 5.0h > 0.4h，退回 2x（约快 9 倍）
2026-09-27 13:23:14,437 [INFO] pipeline.job.11: 耗时预估：完整档 4.97h / 快速档 0.51h / 单文件预算 0.36h
2026-09-27 13:23:14,437 [WARNING] pipeline.job.11: 自动档位提示：即使只做 2x，单文件也约 0.5h > 单文件预算 0.36h（本批共 33 个文件）。预算只用于决定是否启用压缩修复，不会限速；如需消除该提示可调大 video_repair.auto.total_budget_hours
2026-09-27 13:23:14,437 [INFO] pipeline.job.11: RVE 参数：超分 2x，压缩修复 关，timeout 4.0h
2026-09-27 13:23:14,439 [INFO] adapters.rve: RVE 调用: E:\WorkBuddy\video-transfer-tools\video_pipeline\tools\backend\rve-backend.py -i E:\WorkBuddy\video-transfer-tools\video_pipeline\input\课程\录像05.wmv -o E:\WorkBuddy\video-transfer-tools\video_pipeline\work\current\video_ai.mp4 --upscale_model E:\WorkBuddy\video-transfer-tools\video_pipeline\tools\models\2x_OpenProteus_Compact_i2_70K.pth --device cuda --backend pytorch --precision auto --pytorch_gpu_id 0 --tilesize 0 --ffmpeg_path E:\WorkBuddy\video-transfer-tools\video_pipeline\.tools\ffmpeg\ffmpeg.exe --overwrite --crf 16 --video_encoder_preset libx264 --audio_encoder_preset aac
2026-09-27 13:23:14,439 [INFO] pipeline.runner: RUN E:\WorkBuddy\video-transfer-tools\video_pipeline\.venv-rve\Scripts\python.exe E:\WorkBuddy\video-transfer-tools\video_pipeline\tools\backend\rve-backend.py -i E:\WorkBuddy\video-transfer-tools\video_pipeline\input\课程\录像05.wmv -o E:\WorkBuddy\video-transfer-tools\video_pipeline\work\current\video_ai.mp4 --upscale_model E:\WorkBuddy\video-transfer-tools\video_pipeline\tools\models\2x_OpenProteus_Compact_i2_70K.pth --device cuda --backend pytorch --precision auto --pytorch_gpu_id 0 --tilesize 0 --ffmpeg_path E:\WorkBuddy\video-transfer-tools\video_pipeline\.tools\ffmpeg\ffmpeg.exe --overwrite --crf 16 --video_encoder_preset libx264 --audio_encoder_preset aac
2026-09-27 13:45:49,742 [INFO] pipeline.runner: EXIT rc=0 1355.3s E:\WorkBuddy\video-transfer-tools\video_pipeline\.venv-rve\Scripts\python.exe
2026-09-27 13:45:49,744 [INFO] pipeline.job.11: REPAIR_VIDEO 完成 → video_ai.mp4 (0.10 GB)
2026-09-27 13:45:49,744 [INFO] pipeline.runner: RUN ffmpeg -y -i E:\WorkBuddy\video-transfer-tools\video_pipeline\input\课程\录像05.wmv -vn -acodec pcm_s16le -ar 48000 E:\WorkBuddy\video-transfer-tools\video_pipeline\work\current\audio_clean.wav
2026-09-27 13:45:50,584 [INFO] pipeline.runner: EXIT rc=0 0.8s ffmpeg
2026-09-27 13:45:50,584 [INFO] pipeline.runner: RUN ffprobe -v error -print_format json -show_format -show_streams E:\WorkBuddy\video-transfer-tools\video_pipeline\work\current\video_ai.mp4
2026-09-27 13:45:50,698 [INFO] pipeline.runner: EXIT rc=0 0.1s ffprobe
2026-09-27 13:45:50,701 [INFO] pipeline.runner: RUN ffmpeg -hide_banner -encoders
2026-09-27 13:45:50,718 [INFO] pipeline.runner: EXIT rc=0 0.0s ffmpeg
2026-09-27 13:45:50,718 [INFO] adapters.ffmpeg: 尝试编码后端 hevc_qsv (qsv)
2026-09-27 13:45:50,718 [INFO] pipeline.runner: RUN ffmpeg -y -i E:\WorkBuddy\video-transfer-tools\video_pipeline\work\current\video_ai.mp4 -c:v hevc_qsv -preset medium -global_quality 23 -c:a aac -b:a 320k -ar 48000 -movflags +faststart E:\WorkBuddy\video-transfer-tools\video_pipeline\work\current\transcoded.mp4
2026-09-27 13:47:54,229 [INFO] pipeline.runner: EXIT rc=0 123.5s ffmpeg
2026-09-27 13:47:54,230 [INFO] pipeline.job.11: TRANSCODE 完成 → transcoded.mp4
2026-09-27 13:47:54,242 [INFO] pipeline.job.11: 删除临时文件 video_ai.mp4 (98.63 MB)
2026-09-27 13:47:54,244 [INFO] pipeline.runner: RUN ffmpeg -y -i E:\WorkBuddy\video-transfer-tools\video_pipeline\work\current\transcoded.mp4 -i E:\WorkBuddy\video-transfer-tools\video_pipeline\work\current\audio_clean.wav -map 0:v:0 -map 1:a:0 -c:v copy -c:a aac -b:a 320k -ar 48000 -shortest -movflags +faststart -f mp4 E:\WorkBuddy\video-transfer-tools\video_pipeline\output\课程\录像05.mp4.partial
2026-09-27 13:50:04,927 [INFO] pipeline.runner: EXIT rc=0 130.7s ffmpeg
2026-09-27 13:50:04,949 [INFO] pipeline.job.11: 删除临时文件 audio_clean.wav (227.78 MB)
2026-09-27 13:50:04,953 [INFO] pipeline.runner: RUN ffprobe -v error -print_format json -show_format -show_streams E:\WorkBuddy\video-transfer-tools\video_pipeline\output\课程\录像05.mp4.partial
2026-09-27 13:50:04,980 [INFO] pipeline.runner: EXIT rc=0 0.0s ffprobe
2026-09-27 13:50:04,981 [INFO] pipeline.job.11: VERIFY 通过 → E:\WorkBuddy\video-transfer-tools\video_pipeline\output\课程\录像05.mp4
2026-09-27 13:50:04,988 [INFO] pipeline.job.11: === 完成 → E:\WorkBuddy\video-transfer-tools\video_pipeline\output\课程\录像05.mp4 ===
2026-09-27 13:50:04,989 [INFO] pipeline.job.12: === 开始处理 E:\WorkBuddy\video-transfer-tools\video_pipeline\input\课程\录像06.wmv ===
2026-09-27 13:50:04,991 [INFO] pipeline.job.12: 自动档位：2x（仅超分） —— 超预算：完整修复约 4.8h > 0.4h，退回 2x（约快 9 倍）
2026-09-27 13:50:04,992 [INFO] pipeline.job.12: 耗时预估：完整档 4.80h / 快速档 0.50h / 单文件预算 0.36h
2026-09-27 13:50:04,992 [INFO] pipeline.job.12: RVE 参数：超分 2x，压缩修复 关，timeout 4.0h
2026-09-27 13:50:04,992 [INFO] adapters.rve: RVE 调用: E:\WorkBuddy\video-transfer-tools\video_pipeline\tools\backend\rve-backend.py -i E:\WorkBuddy\video-transfer-tools\video_pipeline\input\课程\录像06.wmv -o E:\WorkBuddy\video-transfer-tools\video_pipeline\work\current\video_ai.mp4 --upscale_model E:\WorkBuddy\video-transfer-tools\video_pipeline\tools\models\2x_OpenProteus_Compact_i2_70K.pth --device cuda --backend pytorch --precision auto --pytorch_gpu_id 0 --tilesize 0 --ffmpeg_path E:\WorkBuddy\video-transfer-tools\video_pipeline\.tools\ffmpeg\ffmpeg.exe --overwrite --crf 16 --video_encoder_preset libx264 --audio_encoder_preset aac
2026-09-27 13:50:04,993 [INFO] pipeline.runner: RUN E:\WorkBuddy\video-transfer-tools\video_pipeline\.venv-rve\Scripts\python.exe E:\WorkBuddy\video-transfer-tools\video_pipeline\tools\backend\rve-backend.py -i E:\WorkBuddy\video-transfer-tools\video_pipeline\input\课程\录像06.wmv -o E:\WorkBuddy\video-transfer-tools\video_pipeline\work\current\video_ai.mp4 --upscale_model E:\WorkBuddy\video-transfer-tools\video_pipeline\tools\models\2x_OpenProteus_Compact_i2_70K.pth --device cuda --backend pytorch --precision auto --pytorch_gpu_id 0 --tilesize 0 --ffmpeg_path E:\WorkBuddy\video-transfer-tools\video_pipeline\.tools\ffmpeg\ffmpeg.exe --overwrite --crf 16 --video_encoder_preset libx264 --audio_encoder_preset aac
2026-09-27 14:02:21,894 [INFO] pipeline.runner: EXIT rc=3221225477 736.9s E:\WorkBuddy\video-transfer-tools\video_pipeline\.venv-rve\Scripts\python.exe
2026-09-27 14:02:21,895 [ERROR] pipeline.job.12: 任务失败: 命令失败 rc=3221225477: E:\WorkBuddy\video-transfer-tools\video_pipeline\.venv-rve\Scripts\python.exe
2026-09-27 14:02:21,901 [WARNING] pipeline.job.12: 进入 RETRY_PENDING (第 1 次)
2026-09-27 14:02:21,904 [INFO] pipeline.job.12: === 开始处理 E:\WorkBuddy\video-transfer-tools\video_pipeline\input\课程\录像06.wmv ===
2026-09-27 14:02:21,907 [INFO] pipeline.job.12: 自动档位：2x（仅超分） —— 超预算：完整修复约 4.8h > 0.4h，退回 2x（约快 9 倍）
2026-09-27 14:02:21,907 [INFO] pipeline.job.12: 耗时预估：完整档 4.80h / 快速档 0.50h / 单文件预算 0.36h
2026-09-27 14:02:21,907 [INFO] pipeline.job.12: RVE 参数：超分 2x，压缩修复 关，timeout 4.0h
2026-09-27 14:02:21,907 [INFO] adapters.rve: RVE 调用: E:\WorkBuddy\video-transfer-tools\video_pipeline\tools\backend\rve-backend.py -i E:\WorkBuddy\video-transfer-tools\video_pipeline\input\课程\录像06.wmv -o E:\WorkBuddy\video-transfer-tools\video_pipeline\work\current\video_ai.mp4 --upscale_model E:\WorkBuddy\video-transfer-tools\video_pipeline\tools\models\2x_OpenProteus_Compact_i2_70K.pth --device cuda --backend pytorch --precision auto --pytorch_gpu_id 0 --tilesize 0 --ffmpeg_path E:\WorkBuddy\video-transfer-tools\video_pipeline\.tools\ffmpeg\ffmpeg.exe --overwrite --crf 16 --video_encoder_preset libx264 --audio_encoder_preset aac
2026-09-27 14:02:49,416 [INFO] pipeline.runner: RUN E:\WorkBuddy\video-transfer-tools\video_pipeline\.venv-rve\Scripts\python.exe E:\WorkBuddy\video-transfer-tools\video_pipeline\tools\backend\rve-backend.py -i E:\WorkBuddy\video-transfer-tools\video_pipeline\input\课程\录像06.wmv -o E:\WorkBuddy\video-transfer-tools\video_pipeline\work\current\video_ai.mp4 --upscale_model E:\WorkBuddy\video-transfer-tools\video_pipeline\tools\models\2x_OpenProteus_Compact_i2_70K.pth --device cuda --backend pytorch --precision auto --pytorch_gpu_id 0 --tilesize 0 --ffmpeg_path E:\WorkBuddy\video-transfer-tools\video_pipeline\.tools\ffmpeg\ffmpeg.exe --overwrite --crf 16 --video_encoder_preset libx264 --audio_encoder_preset aac
2026-09-27 14:04:39,055 [INFO] pipeline.runner: EXIT rc=1 109.6s E:\WorkBuddy\video-transfer-tools\video_pipeline\.venv-rve\Scripts\python.exe
2026-09-27 14:04:39,056 [ERROR] pipeline.job.12: 任务失败: 命令失败 rc=1: E:\WorkBuddy\video-transfer-tools\video_pipeline\.venv-rve\Scripts\python.exe
2026-09-27 14:04:39,060 [WARNING] pipeline.job.12: 进入 RETRY_PENDING (第 2 次)
2026-09-27 14:04:39,062 [INFO] pipeline.job.12: === 开始处理 E:\WorkBuddy\video-transfer-tools\video_pipeline\input\课程\录像06.wmv ===
2026-09-27 14:04:39,066 [INFO] pipeline.job.12: 自动档位：2x（仅超分） —— 超预算：完整修复约 4.8h > 0.4h，退回 2x（约快 9 倍）
2026-09-27 14:04:39,067 [INFO] pipeline.job.12: 耗时预估：完整档 4.80h / 快速档 0.50h / 单文件预算 0.36h
2026-09-27 14:04:39,067 [INFO] pipeline.job.12: RVE 参数：超分 2x，压缩修复 关，timeout 4.0h
2026-09-27 14:04:39,070 [INFO] adapters.rve: RVE 调用: E:\WorkBuddy\video-transfer-tools\video_pipeline\tools\backend\rve-backend.py -i E:\WorkBuddy\video-transfer-tools\video_pipeline\input\课程\录像06.wmv -o E:\WorkBuddy\video-transfer-tools\video_pipeline\work\current\video_ai.mp4 --upscale_model E:\WorkBuddy\video-transfer-tools\video_pipeline\tools\models\2x_OpenProteus_Compact_i2_70K.pth --device cuda --backend pytorch --precision auto --pytorch_gpu_id 0 --tilesize 0 --ffmpeg_path E:\WorkBuddy\video-transfer-tools\video_pipeline\.tools\ffmpeg\ffmpeg.exe --overwrite --crf 16 --video_encoder_preset libx264 --audio_encoder_preset aac
2026-09-27 14:05:39,078 [WARNING] adapters.rve: 删除 E:\WorkBuddy\video-transfer-tools\video_pipeline\work\current\video_ai.mp4 失败（等待 60s 后仍被占用）: [WinError 32] 另一个程序正在使用此文件，进程无法访问。: 'E:\\WorkBuddy\\video-transfer-tools\\video_pipeline\\work\\current\\video_ai.mp4'
2026-09-27 14:05:39,078 [ERROR] pipeline.job.12: 任务失败: 中间文件 E:\WorkBuddy\video-transfer-tools\video_pipeline\work\current\video_ai.mp4 仍被其他进程占用，无法清理；请确认没有遗留的 RVE / ffmpeg 进程后重试
2026-09-27 14:05:39,080 [WARNING] pipeline.job.12: 隔离失败文件时出错: [WinError 32] 另一个程序正在使用此文件，进程无法访问。: 'E:\\WorkBuddy\\video-transfer-tools\\video_pipeline\\work\\current\\video_ai.mp4' -> 'E:\\WorkBuddy\\video-transfer-tools\\video_pipeline\\failed\\job_0012\\video_ai.mp4'
2026-09-27 14:05:39,081 [ERROR] pipeline.job.12: FAILED_FINAL
2026-09-27 14:05:39,082 [INFO] pipeline.job.13: === 开始处理 E:\WorkBuddy\video-transfer-tools\video_pipeline\input\课程\录像07.wmv ===
2026-09-27 14:05:39,085 [INFO] pipeline.job.13: 自动档位：2x（仅超分） —— 超预算：完整修复约 7.2h > 0.4h，退回 2x（约快 9 倍）
2026-09-27 14:05:39,085 [INFO] pipeline.job.13: 耗时预估：完整档 7.16h / 快速档 0.74h / 单文件预算 0.36h
2026-09-27 14:05:39,085 [INFO] pipeline.job.13: RVE 参数：超分 2x，压缩修复 关，timeout 4.0h
2026-09-27 14:05:39,085 [INFO] adapters.rve: RVE 调用: E:\WorkBuddy\video-transfer-tools\video_pipeline\tools\backend\rve-backend.py -i E:\WorkBuddy\video-transfer-tools\video_pipeline\input\课程\录像07.wmv -o E:\WorkBuddy\video-transfer-tools\video_pipeline\work\current\video_ai.mp4 --upscale_model E:\WorkBuddy\video-transfer-tools\video_pipeline\tools\models\2x_OpenProteus_Compact_i2_70K.pth --device cuda --backend pytorch --precision auto --pytorch_gpu_id 0 --tilesize 0 --ffmpeg_path E:\WorkBuddy\video-transfer-tools\video_pipeline\.tools\ffmpeg\ffmpeg.exe --overwrite --crf 16 --video_encoder_preset libx264 --audio_encoder_preset aac
2026-09-27 14:05:42,589 [INFO] pipeline.runner: RUN E:\WorkBuddy\video-transfer-tools\video_pipeline\.venv-rve\Scripts\python.exe E:\WorkBuddy\video-transfer-tools\video_pipeline\tools\backend\rve-backend.py -i E:\WorkBuddy\video-transfer-tools\video_pipeline\input\课程\录像07.wmv -o E:\WorkBuddy\video-transfer-tools\video_pipeline\work\current\video_ai.mp4 --upscale_model E:\WorkBuddy\video-transfer-tools\video_pipeline\tools\models\2x_OpenProteus_Compact_i2_70K.pth --device cuda --backend pytorch --precision auto --pytorch_gpu_id 0 --tilesize 0 --ffmpeg_path E:\WorkBuddy\video-transfer-tools\video_pipeline\.tools\ffmpeg\ffmpeg.exe --overwrite --crf 16 --video_encoder_preset libx264 --audio_encoder_preset aac
2026-09-27 14:21:50,440 [INFO] pipeline.scheduler: 恢复 1 个被中断的任务
2026-09-27 14:21:50,441 [INFO] pipeline.scheduler: 自动档位：队列 31 个任务，单文件画质 AI 预算 0.4h，压缩修复能力 可用
2026-09-27 14:21:50,442 [INFO] pipeline.scheduler: 调度器启动：max_workspaces=1
2026-09-27 14:21:50,444 [INFO] pipeline.job.13: === 开始处理 E:\WorkBuddy\video-transfer-tools\video_pipeline\input\课程\录像07.wmv ===
2026-09-27 14:21:50,447 [INFO] pipeline.job.13: 自动档位：2x（仅超分） —— 超预算：完整修复约 7.2h > 0.4h，退回 2x（约快 9 倍）
2026-09-27 14:21:50,448 [INFO] pipeline.job.13: 耗时预估：完整档 7.16h / 快速档 0.74h / 单文件预算 0.39h
2026-09-27 14:21:50,448 [WARNING] pipeline.job.13: 自动档位提示：即使只做 2x，单文件也约 0.7h > 单文件预算 0.39h（本批共 31 个文件）。预算只用于决定是否启用压缩修复，不会限速；如需消除该提示可调大 video_repair.auto.total_budget_hours
2026-09-27 14:21:50,448 [INFO] pipeline.job.13: RVE 参数：超分 2x，压缩修复 关，timeout 4.0h
2026-09-27 14:21:50,448 [INFO] adapters.rve: RVE 调用: E:\WorkBuddy\video-transfer-tools\video_pipeline\tools\backend\rve-backend.py -i E:\WorkBuddy\video-transfer-tools\video_pipeline\input\课程\录像07.wmv -o E:\WorkBuddy\video-transfer-tools\video_pipeline\work\current\video_ai.mp4 --upscale_model E:\WorkBuddy\video-transfer-tools\video_pipeline\tools\models\2x_OpenProteus_Compact_i2_70K.pth --device cuda --backend pytorch --precision auto --pytorch_gpu_id 0 --tilesize 0 --ffmpeg_path E:\WorkBuddy\video-transfer-tools\video_pipeline\.tools\ffmpeg\ffmpeg.exe --overwrite --crf 16 --video_encoder_preset libx264 --audio_encoder_preset aac
2026-09-27 14:21:50,449 [INFO] pipeline.runner: RUN E:\WorkBuddy\video-transfer-tools\video_pipeline\.venv-rve\Scripts\python.exe E:\WorkBuddy\video-transfer-tools\video_pipeline\tools\backend\rve-backend.py -i E:\WorkBuddy\video-transfer-tools\video_pipeline\input\课程\录像07.wmv -o E:\WorkBuddy\video-transfer-tools\video_pipeline\work\current\video_ai.mp4 --upscale_model E:\WorkBuddy\video-transfer-tools\video_pipeline\tools\models\2x_OpenProteus_Compact_i2_70K.pth --device cuda --backend pytorch --precision auto --pytorch_gpu_id 0 --tilesize 0 --ffmpeg_path E:\WorkBuddy\video-transfer-tools\video_pipeline\.tools\ffmpeg\ffmpeg.exe --overwrite --crf 16 --video_encoder_preset libx264 --audio_encoder_preset aac
2026-09-27 14:49:19,733 [INFO] pipeline.scheduler: 恢复 1 个被中断的任务
2026-09-27 14:49:19,733 [INFO] pipeline.scheduler: 自动档位：队列 31 个任务，单文件画质 AI 预算 0.4h，压缩修复能力 可用
2026-09-27 14:49:19,761 [INFO] pipeline.scheduler: 调度器启动：max_workspaces=1
2026-09-27 14:49:19,800 [INFO] pipeline.job.13: === 开始处理 E:\WorkBuddy\video-transfer-tools\video_pipeline\input\课程\录像07.wmv ===
2026-09-27 14:49:19,816 [INFO] pipeline.job.13: 自动档位：2x（仅超分） —— 超预算：完整修复约 7.2h > 0.4h，退回 2x（约快 9 倍）
2026-09-27 14:49:19,838 [INFO] pipeline.job.13: 耗时预估：完整档 7.16h / 快速档 0.74h / 单文件预算 0.39h
2026-09-27 14:49:19,860 [WARNING] pipeline.job.13: 自动档位提示：即使只做 2x，单文件也约 0.7h > 单文件预算 0.39h（本批共 31 个文件）。预算只用于决定是否启用压缩修复，不会限速；如需消除该提示可调大 video_repair.auto.total_budget_hours
2026-09-27 14:49:19,884 [INFO] pipeline.job.13: RVE 参数：超分 2x，压缩修复 关，timeout 4.0h
2026-09-27 14:49:19,909 [INFO] adapters.rve: RVE 调用: E:\WorkBuddy\video-transfer-tools\video_pipeline\tools\backend\rve-backend.py -i E:\WorkBuddy\video-transfer-tools\video_pipeline\input\课程\录像07.wmv -o E:\WorkBuddy\video-transfer-tools\video_pipeline\work\current\video_ai.mp4 --upscale_model E:\WorkBuddy\video-transfer-tools\video_pipeline\tools\models\2x_OpenProteus_Compact_i2_70K.pth --device cuda --backend pytorch --precision auto --pytorch_gpu_id 0 --tilesize 0 --ffmpeg_path E:\WorkBuddy\video-transfer-tools\video_pipeline\.tools\ffmpeg\ffmpeg.exe --overwrite --crf 16 --video_encoder_preset libx264 --audio_encoder_preset aac
2026-09-27 14:49:19,925 [INFO] pipeline.runner: RUN E:\WorkBuddy\video-transfer-tools\video_pipeline\.venv-rve\Scripts\python.exe E:\WorkBuddy\video-transfer-tools\video_pipeline\tools\backend\rve-backend.py -i E:\WorkBuddy\video-transfer-tools\video_pipeline\input\课程\录像07.wmv -o E:\WorkBuddy\video-transfer-tools\video_pipeline\work\current\video_ai.mp4 --upscale_model E:\WorkBuddy\video-transfer-tools\video_pipeline\tools\models\2x_OpenProteus_Compact_i2_70K.pth --device cuda --backend pytorch --precision auto --pytorch_gpu_id 0 --tilesize 0 --ffmpeg_path E:\WorkBuddy\video-transfer-tools\video_pipeline\.tools\ffmpeg\ffmpeg.exe --overwrite --crf 16 --video_encoder_preset libx264 --audio_encoder_preset aac
2026-09-27 17:14:48,704 [INFO] pipeline.scheduler: 恢复 1 个被中断的任务
2026-09-27 17:14:48,705 [INFO] pipeline.scheduler: 自动档位：队列 31 个任务，单文件画质 AI 预算 0.4h，压缩修复能力 可用
2026-09-27 17:14:48,727 [INFO] pipeline.scheduler: 调度器启动：max_workspaces=1
2026-09-27 17:14:48,762 [INFO] pipeline.job.13: === 开始处理 E:\WorkBuddy\video-transfer-tools\video_pipeline\input\课程\录像07.wmv ===
2026-09-27 17:14:48,775 [INFO] pipeline.job.13: 自动档位：2x（仅超分） —— 超预算：完整修复约 7.2h > 0.4h，退回 2x（约快 9 倍）
2026-09-27 17:14:48,797 [INFO] pipeline.job.13: 耗时预估：完整档 7.16h / 快速档 0.74h / 单文件预算 0.39h
2026-09-27 17:14:48,827 [WARNING] pipeline.job.13: 自动档位提示：即使只做 2x，单文件也约 0.7h > 单文件预算 0.39h（本批共 31 个文件）。预算只用于决定是否启用压缩修复，不会限速；如需消除该提示可调大 video_repair.auto.total_budget_hours
2026-09-27 17:14:48,850 [INFO] pipeline.job.13: RVE 参数：超分 2x，压缩修复 关，timeout 4.0h
2026-09-27 17:14:48,873 [INFO] adapters.rve: RVE 调用: E:\WorkBuddy\video-transfer-tools\video_pipeline\tools\backend\rve-backend.py -i E:\WorkBuddy\video-transfer-tools\video_pipeline\input\课程\录像07.wmv -o E:\WorkBuddy\video-transfer-tools\video_pipeline\work\current\video_ai.mp4 --upscale_model E:\WorkBuddy\video-transfer-tools\video_pipeline\tools\models\2x_OpenProteus_Compact_i2_70K.pth --device cuda --backend pytorch --precision auto --pytorch_gpu_id 0 --tilesize 0 --ffmpeg_path E:\WorkBuddy\video-transfer-tools\video_pipeline\.tools\ffmpeg\ffmpeg.exe --overwrite --crf 16 --video_encoder_preset libx264 --audio_encoder_preset aac
2026-09-27 17:14:48,886 [INFO] pipeline.runner: RUN E:\WorkBuddy\video-transfer-tools\video_pipeline\.venv-rve\Scripts\python.exe E:\WorkBuddy\video-transfer-tools\video_pipeline\tools\backend\rve-backend.py -i E:\WorkBuddy\video-transfer-tools\video_pipeline\input\课程\录像07.wmv -o E:\WorkBuddy\video-transfer-tools\video_pipeline\work\current\video_ai.mp4 --upscale_model E:\WorkBuddy\video-transfer-tools\video_pipeline\tools\models\2x_OpenProteus_Compact_i2_70K.pth --device cuda --backend pytorch --precision auto --pytorch_gpu_id 0 --tilesize 0 --ffmpeg_path E:\WorkBuddy\video-transfer-tools\video_pipeline\.tools\ffmpeg\ffmpeg.exe --overwrite --crf 16 --video_encoder_preset libx264 --audio_encoder_preset aac
2026-09-27 17:18:40,131 [INFO] pipeline.scheduler: 恢复 1 个被中断的任务
2026-09-27 17:18:40,131 [INFO] pipeline.scheduler: 自动档位：队列 31 个任务，单文件画质 AI 预算 0.4h，压缩修复能力 可用
2026-09-27 17:18:40,134 [INFO] pipeline.scheduler: 调度器启动：max_workspaces=1
2026-09-27 17:18:40,136 [INFO] pipeline.job.13: === 开始处理 E:\WorkBuddy\video-transfer-tools\video_pipeline\input\课程\录像07.wmv ===
2026-09-27 17:18:40,138 [INFO] pipeline.job.13: 自动档位：2x（仅超分） —— 超预算：完整修复约 7.2h > 0.4h，退回 2x（约快 9 倍）
2026-09-27 17:18:40,139 [INFO] pipeline.job.13: 耗时预估：完整档 7.16h / 快速档 0.74h / 单文件预算 0.39h
2026-09-27 17:18:40,139 [WARNING] pipeline.job.13: 自动档位提示：即使只做 2x，单文件也约 0.7h > 单文件预算 0.39h（本批共 31 个文件）。预算只用于决定是否启用压缩修复，不会限速；如需消除该提示可调大 video_repair.auto.total_budget_hours
2026-09-27 17:18:40,139 [INFO] pipeline.job.13: RVE 参数：超分 2x，压缩修复 关，timeout 4.0h
2026-09-27 17:18:40,140 [INFO] adapters.rve: RVE 调用: E:\WorkBuddy\video-transfer-tools\video_pipeline\tools\backend\rve-backend.py -i E:\WorkBuddy\video-transfer-tools\video_pipeline\input\课程\录像07.wmv -o E:\WorkBuddy\video-transfer-tools\video_pipeline\work\current\video_ai.mp4 --upscale_model E:\WorkBuddy\video-transfer-tools\video_pipeline\tools\models\2x_OpenProteus_Compact_i2_70K.pth --device cuda --backend pytorch --precision auto --pytorch_gpu_id 0 --tilesize 0 --ffmpeg_path E:\WorkBuddy\video-transfer-tools\video_pipeline\.tools\ffmpeg\ffmpeg.exe --overwrite --crf 16 --video_encoder_preset libx264 --audio_encoder_preset aac
2026-09-27 17:18:40,141 [INFO] pipeline.runner: RUN E:\WorkBuddy\video-transfer-tools\video_pipeline\.venv-rve\Scripts\python.exe E:\WorkBuddy\video-transfer-tools\video_pipeline\tools\backend\rve-backend.py -i E:\WorkBuddy\video-transfer-tools\video_pipeline\input\课程\录像07.wmv -o E:\WorkBuddy\video-transfer-tools\video_pipeline\work\current\video_ai.mp4 --upscale_model E:\WorkBuddy\video-transfer-tools\video_pipeline\tools\models\2x_OpenProteus_Compact_i2_70K.pth --device cuda --backend pytorch --precision auto --pytorch_gpu_id 0 --tilesize 0 --ffmpeg_path E:\WorkBuddy\video-transfer-tools\video_pipeline\.tools\ffmpeg\ffmpeg.exe --overwrite --crf 16 --video_encoder_preset libx264 --audio_encoder_preset aac
2026-09-27 17:52:21,036 [INFO] pipeline.runner: EXIT rc=0 2020.9s E:\WorkBuddy\video-transfer-tools\video_pipeline\.venv-rve\Scripts\python.exe
2026-09-27 17:52:21,040 [INFO] pipeline.job.13: REPAIR_VIDEO 完成 → video_ai.mp4 (0.15 GB)
2026-09-27 17:52:21,043 [INFO] pipeline.runner: RUN ffmpeg -y -i E:\WorkBuddy\video-transfer-tools\video_pipeline\input\课程\录像07.wmv -vn -acodec pcm_s16le -ar 48000 E:\WorkBuddy\video-transfer-tools\video_pipeline\work\current\audio_clean.wav
2026-09-27 17:52:21,051 [ERROR] pipeline.job.13: 任务失败: 找不到可执行文件: ffmpeg
2026-09-27 17:52:21,055 [WARNING] pipeline.job.13: 进入 RETRY_PENDING (第 1 次)
2026-09-27 17:52:21,057 [INFO] pipeline.job.13: === 开始处理 E:\WorkBuddy\video-transfer-tools\video_pipeline\input\课程\录像07.wmv ===
2026-09-27 17:52:21,061 [INFO] pipeline.job.13: REPAIR_VIDEO 已完成，跳过
2026-09-27 17:52:21,063 [INFO] pipeline.runner: RUN ffmpeg -y -i E:\WorkBuddy\video-transfer-tools\video_pipeline\input\课程\录像07.wmv -vn -acodec pcm_s16le -ar 48000 E:\WorkBuddy\video-transfer-tools\video_pipeline\work\current\audio_clean.wav
2026-09-27 17:52:21,074 [ERROR] pipeline.job.13: 任务失败: 找不到可执行文件: ffmpeg
2026-09-27 17:52:21,079 [WARNING] pipeline.job.13: 进入 RETRY_PENDING (第 2 次)
2026-09-27 17:52:21,081 [INFO] pipeline.job.13: === 开始处理 E:\WorkBuddy\video-transfer-tools\video_pipeline\input\课程\录像07.wmv ===
2026-09-27 17:52:21,083 [INFO] pipeline.job.13: REPAIR_VIDEO 已完成，跳过
2026-09-27 17:52:21,085 [INFO] pipeline.runner: RUN ffmpeg -y -i E:\WorkBuddy\video-transfer-tools\video_pipeline\input\课程\录像07.wmv -vn -acodec pcm_s16le -ar 48000 E:\WorkBuddy\video-transfer-tools\video_pipeline\work\current\audio_clean.wav
2026-09-27 17:52:21,092 [ERROR] pipeline.job.13: 任务失败: 找不到可执行文件: ffmpeg
2026-09-27 17:52:21,096 [ERROR] pipeline.job.13: FAILED_FINAL
2026-09-27 17:52:21,097 [INFO] pipeline.job.14: === 开始处理 E:\WorkBuddy\video-transfer-tools\video_pipeline\input\课程\录像08.wmv ===
2026-09-27 17:52:21,106 [INFO] pipeline.job.14: 自动档位：2x（仅超分） —— 超预算：完整修复约 5.5h > 0.4h，退回 2x（约快 9 倍）
2026-09-27 17:52:21,107 [INFO] pipeline.job.14: 耗时预估：完整档 5.49h / 快速档 0.57h / 单文件预算 0.39h
2026-09-27 17:52:21,107 [INFO] pipeline.job.14: RVE 参数：超分 2x，压缩修复 关，timeout 4.0h
2026-09-27 17:52:21,108 [INFO] adapters.rve: RVE 调用: E:\WorkBuddy\video-transfer-tools\video_pipeline\tools\backend\rve-backend.py -i E:\WorkBuddy\video-transfer-tools\video_pipeline\input\课程\录像08.wmv -o E:\WorkBuddy\video-transfer-tools\video_pipeline\work\current\video_ai.mp4 --upscale_model E:\WorkBuddy\video-transfer-tools\video_pipeline\tools\models\2x_OpenProteus_Compact_i2_70K.pth --device cuda --backend pytorch --precision auto --pytorch_gpu_id 0 --tilesize 0 --ffmpeg_path E:\WorkBuddy\video-transfer-tools\video_pipeline\.tools\ffmpeg\ffmpeg.exe --overwrite --crf 16 --video_encoder_preset libx264 --audio_encoder_preset aac
2026-09-27 17:52:21,108 [INFO] pipeline.runner: RUN E:\WorkBuddy\video-transfer-tools\video_pipeline\.venv-rve\Scripts\python.exe E:\WorkBuddy\video-transfer-tools\video_pipeline\tools\backend\rve-backend.py -i E:\WorkBuddy\video-transfer-tools\video_pipeline\input\课程\录像08.wmv -o E:\WorkBuddy\video-transfer-tools\video_pipeline\work\current\video_ai.mp4 --upscale_model E:\WorkBuddy\video-transfer-tools\video_pipeline\tools\models\2x_OpenProteus_Compact_i2_70K.pth --device cuda --backend pytorch --precision auto --pytorch_gpu_id 0 --tilesize 0 --ffmpeg_path E:\WorkBuddy\video-transfer-tools\video_pipeline\.tools\ffmpeg\ffmpeg.exe --overwrite --crf 16 --video_encoder_preset libx264 --audio_encoder_preset aac
2026-09-27 18:19:42,810 [INFO] pipeline.runner: EXIT rc=0 1641.7s E:\WorkBuddy\video-transfer-tools\video_pipeline\.venv-rve\Scripts\python.exe
2026-09-27 18:19:42,811 [INFO] pipeline.job.14: REPAIR_VIDEO 完成 → video_ai.mp4 (0.11 GB)
2026-09-27 18:19:42,814 [INFO] pipeline.runner: RUN ffmpeg -y -i E:\WorkBuddy\video-transfer-tools\video_pipeline\input\课程\录像08.wmv -vn -acodec pcm_s16le -ar 48000 E:\WorkBuddy\video-transfer-tools\video_pipeline\work\current\audio_clean.wav
2026-09-27 18:19:42,821 [ERROR] pipeline.job.14: 任务失败: 找不到可执行文件: ffmpeg
2026-09-27 18:19:42,824 [WARNING] pipeline.job.14: 进入 RETRY_PENDING (第 1 次)
2026-09-27 18:19:42,827 [INFO] pipeline.job.14: === 开始处理 E:\WorkBuddy\video-transfer-tools\video_pipeline\input\课程\录像08.wmv ===
2026-09-27 18:19:42,829 [INFO] pipeline.job.14: REPAIR_VIDEO 已完成，跳过
2026-09-27 18:19:42,830 [INFO] pipeline.runner: RUN ffmpeg -y -i E:\WorkBuddy\video-transfer-tools\video_pipeline\input\课程\录像08.wmv -vn -acodec pcm_s16le -ar 48000 E:\WorkBuddy\video-transfer-tools\video_pipeline\work\current\audio_clean.wav
2026-09-27 18:19:42,834 [ERROR] pipeline.job.14: 任务失败: 找不到可执行文件: ffmpeg
2026-09-27 18:19:42,839 [WARNING] pipeline.job.14: 进入 RETRY_PENDING (第 2 次)
2026-09-27 18:19:42,839 [INFO] pipeline.job.14: === 开始处理 E:\WorkBuddy\video-transfer-tools\video_pipeline\input\课程\录像08.wmv ===
2026-09-27 18:19:42,841 [INFO] pipeline.job.14: REPAIR_VIDEO 已完成，跳过
2026-09-27 18:19:42,842 [INFO] pipeline.runner: RUN ffmpeg -y -i E:\WorkBuddy\video-transfer-tools\video_pipeline\input\课程\录像08.wmv -vn -acodec pcm_s16le -ar 48000 E:\WorkBuddy\video-transfer-tools\video_pipeline\work\current\audio_clean.wav
2026-09-27 18:19:42,848 [ERROR] pipeline.job.14: 任务失败: 找不到可执行文件: ffmpeg
2026-09-27 18:19:42,851 [ERROR] pipeline.job.14: FAILED_FINAL
2026-09-27 18:19:42,854 [INFO] pipeline.job.15: === 开始处理 E:\WorkBuddy\video-transfer-tools\video_pipeline\input\课程\录像09.wmv ===
2026-09-27 18:19:42,860 [INFO] pipeline.job.15: 自动档位：2x（仅超分） —— 超预算：完整修复约 5.4h > 0.4h，退回 2x（约快 9 倍）
2026-09-27 18:19:42,861 [INFO] pipeline.job.15: 耗时预估：完整档 5.43h / 快速档 0.56h / 单文件预算 0.39h
2026-09-27 18:19:42,861 [INFO] pipeline.job.15: RVE 参数：超分 2x，压缩修复 关，timeout 4.0h
2026-09-27 18:19:42,863 [INFO] adapters.rve: RVE 调用: E:\WorkBuddy\video-transfer-tools\video_pipeline\tools\backend\rve-backend.py -i E:\WorkBuddy\video-transfer-tools\video_pipeline\input\课程\录像09.wmv -o E:\WorkBuddy\video-transfer-tools\video_pipeline\work\current\video_ai.mp4 --upscale_model E:\WorkBuddy\video-transfer-tools\video_pipeline\tools\models\2x_OpenProteus_Compact_i2_70K.pth --device cuda --backend pytorch --precision auto --pytorch_gpu_id 0 --tilesize 0 --ffmpeg_path E:\WorkBuddy\video-transfer-tools\video_pipeline\.tools\ffmpeg\ffmpeg.exe --overwrite --crf 16 --video_encoder_preset libx264 --audio_encoder_preset aac
2026-09-27 18:19:42,864 [INFO] pipeline.runner: RUN E:\WorkBuddy\video-transfer-tools\video_pipeline\.venv-rve\Scripts\python.exe E:\WorkBuddy\video-transfer-tools\video_pipeline\tools\backend\rve-backend.py -i E:\WorkBuddy\video-transfer-tools\video_pipeline\input\课程\录像09.wmv -o E:\WorkBuddy\video-transfer-tools\video_pipeline\work\current\video_ai.mp4 --upscale_model E:\WorkBuddy\video-transfer-tools\video_pipeline\tools\models\2x_OpenProteus_Compact_i2_70K.pth --device cuda --backend pytorch --precision auto --pytorch_gpu_id 0 --tilesize 0 --ffmpeg_path E:\WorkBuddy\video-transfer-tools\video_pipeline\.tools\ffmpeg\ffmpeg.exe --overwrite --crf 16 --video_encoder_preset libx264 --audio_encoder_preset aac
2026-09-27 18:46:44,293 [INFO] pipeline.runner: EXIT rc=0 1621.4s E:\WorkBuddy\video-transfer-tools\video_pipeline\.venv-rve\Scripts\python.exe
2026-09-27 18:46:44,296 [INFO] pipeline.job.15: REPAIR_VIDEO 完成 → video_ai.mp4 (0.11 GB)
2026-09-27 18:46:44,298 [INFO] pipeline.runner: RUN ffmpeg -y -i E:\WorkBuddy\video-transfer-tools\video_pipeline\input\课程\录像09.wmv -vn -acodec pcm_s16le -ar 48000 E:\WorkBuddy\video-transfer-tools\video_pipeline\work\current\audio_clean.wav
2026-09-27 18:46:44,308 [ERROR] pipeline.job.15: 任务失败: 找不到可执行文件: ffmpeg
2026-09-27 18:46:44,312 [WARNING] pipeline.job.15: 进入 RETRY_PENDING (第 1 次)
2026-09-27 18:46:44,314 [INFO] pipeline.job.15: === 开始处理 E:\WorkBuddy\video-transfer-tools\video_pipeline\input\课程\录像09.wmv ===
2026-09-27 18:46:44,318 [INFO] pipeline.job.15: REPAIR_VIDEO 已完成，跳过
2026-09-27 18:46:44,321 [INFO] pipeline.runner: RUN ffmpeg -y -i E:\WorkBuddy\video-transfer-tools\video_pipeline\input\课程\录像09.wmv -vn -acodec pcm_s16le -ar 48000 E:\WorkBuddy\video-transfer-tools\video_pipeline\work\current\audio_clean.wav
2026-09-27 18:46:44,326 [ERROR] pipeline.job.15: 任务失败: 找不到可执行文件: ffmpeg
2026-09-27 18:46:44,331 [WARNING] pipeline.job.15: 进入 RETRY_PENDING (第 2 次)
2026-09-27 18:46:44,333 [INFO] pipeline.job.15: === 开始处理 E:\WorkBuddy\video-transfer-tools\video_pipeline\input\课程\录像09.wmv ===
2026-09-27 18:46:44,336 [INFO] pipeline.job.15: REPAIR_VIDEO 已完成，跳过
2026-09-27 18:46:44,338 [INFO] pipeline.runner: RUN ffmpeg -y -i E:\WorkBuddy\video-transfer-tools\video_pipeline\input\课程\录像09.wmv -vn -acodec pcm_s16le -ar 48000 E:\WorkBuddy\video-transfer-tools\video_pipeline\work\current\audio_clean.wav
2026-09-27 18:46:44,345 [ERROR] pipeline.job.15: 任务失败: 找不到可执行文件: ffmpeg
2026-09-27 18:46:44,350 [ERROR] pipeline.job.15: FAILED_FINAL
2026-09-27 18:46:44,351 [INFO] pipeline.job.16: === 开始处理 E:\WorkBuddy\video-transfer-tools\video_pipeline\input\课程\录像10.wmv ===
2026-09-27 18:46:44,356 [INFO] pipeline.job.16: 自动档位：2x（仅超分） —— 超预算：完整修复约 3.1h > 0.4h，退回 2x（约快 9 倍）
2026-09-27 18:46:44,357 [INFO] pipeline.job.16: 耗时预估：完整档 3.07h / 快速档 0.32h / 单文件预算 0.39h
2026-09-27 18:46:44,358 [INFO] pipeline.job.16: RVE 参数：超分 2x，压缩修复 关，timeout 4.0h
2026-09-27 18:46:44,358 [INFO] adapters.rve: RVE 调用: E:\WorkBuddy\video-transfer-tools\video_pipeline\tools\backend\rve-backend.py -i E:\WorkBuddy\video-transfer-tools\video_pipeline\input\课程\录像10.wmv -o E:\WorkBuddy\video-transfer-tools\video_pipeline\work\current\video_ai.mp4 --upscale_model E:\WorkBuddy\video-transfer-tools\video_pipeline\tools\models\2x_OpenProteus_Compact_i2_70K.pth --device cuda --backend pytorch --precision auto --pytorch_gpu_id 0 --tilesize 0 --ffmpeg_path E:\WorkBuddy\video-transfer-tools\video_pipeline\.tools\ffmpeg\ffmpeg.exe --overwrite --crf 16 --video_encoder_preset libx264 --audio_encoder_preset aac
2026-09-27 18:46:44,358 [INFO] pipeline.runner: RUN E:\WorkBuddy\video-transfer-tools\video_pipeline\.venv-rve\Scripts\python.exe E:\WorkBuddy\video-transfer-tools\video_pipeline\tools\backend\rve-backend.py -i E:\WorkBuddy\video-transfer-tools\video_pipeline\input\课程\录像10.wmv -o E:\WorkBuddy\video-transfer-tools\video_pipeline\work\current\video_ai.mp4 --upscale_model E:\WorkBuddy\video-transfer-tools\video_pipeline\tools\models\2x_OpenProteus_Compact_i2_70K.pth --device cuda --backend pytorch --precision auto --pytorch_gpu_id 0 --tilesize 0 --ffmpeg_path E:\WorkBuddy\video-transfer-tools\video_pipeline\.tools\ffmpeg\ffmpeg.exe --overwrite --crf 16 --video_encoder_preset libx264 --audio_encoder_preset aac
2026-09-27 19:02:03,496 [INFO] pipeline.runner: EXIT rc=0 919.1s E:\WorkBuddy\video-transfer-tools\video_pipeline\.venv-rve\Scripts\python.exe
2026-09-27 19:02:03,499 [INFO] pipeline.job.16: REPAIR_VIDEO 完成 → video_ai.mp4 (0.06 GB)
2026-09-27 19:02:03,503 [INFO] pipeline.runner: RUN ffmpeg -y -i E:\WorkBuddy\video-transfer-tools\video_pipeline\input\课程\录像10.wmv -vn -acodec pcm_s16le -ar 48000 E:\WorkBuddy\video-transfer-tools\video_pipeline\work\current\audio_clean.wav
2026-09-27 19:02:03,510 [ERROR] pipeline.job.16: 任务失败: 找不到可执行文件: ffmpeg
2026-09-27 19:02:03,514 [WARNING] pipeline.job.16: 进入 RETRY_PENDING (第 1 次)
2026-09-27 19:02:03,518 [INFO] pipeline.job.16: === 开始处理 E:\WorkBuddy\video-transfer-tools\video_pipeline\input\课程\录像10.wmv ===
2026-09-27 19:02:03,518 [INFO] pipeline.job.16: REPAIR_VIDEO 已完成，跳过
2026-09-27 19:02:03,522 [INFO] pipeline.runner: RUN ffmpeg -y -i E:\WorkBuddy\video-transfer-tools\video_pipeline\input\课程\录像10.wmv -vn -acodec pcm_s16le -ar 48000 E:\WorkBuddy\video-transfer-tools\video_pipeline\work\current\audio_clean.wav
2026-09-27 19:02:03,527 [ERROR] pipeline.job.16: 任务失败: 找不到可执行文件: ffmpeg
2026-09-27 19:02:03,531 [WARNING] pipeline.job.16: 进入 RETRY_PENDING (第 2 次)
2026-09-27 19:02:03,533 [INFO] pipeline.job.16: === 开始处理 E:\WorkBuddy\video-transfer-tools\video_pipeline\input\课程\录像10.wmv ===
2026-09-27 19:02:03,537 [INFO] pipeline.job.16: REPAIR_VIDEO 已完成，跳过
2026-09-27 19:02:03,539 [INFO] pipeline.runner: RUN ffmpeg -y -i E:\WorkBuddy\video-transfer-tools\video_pipeline\input\课程\录像10.wmv -vn -acodec pcm_s16le -ar 48000 E:\WorkBuddy\video-transfer-tools\video_pipeline\work\current\audio_clean.wav
2026-09-27 19:02:03,548 [ERROR] pipeline.job.16: 任务失败: 找不到可执行文件: ffmpeg
2026-09-27 19:02:03,554 [ERROR] pipeline.job.16: FAILED_FINAL
2026-09-27 19:02:03,556 [INFO] pipeline.job.17: === 开始处理 E:\WorkBuddy\video-transfer-tools\video_pipeline\input\课程\录像11.wmv ===
2026-09-27 19:02:03,561 [INFO] pipeline.job.17: 自动档位：2x（仅超分） —— 超预算：完整修复约 7.5h > 0.4h，退回 2x（约快 9 倍）
2026-09-27 19:02:03,563 [INFO] pipeline.job.17: 耗时预估：完整档 7.53h / 快速档 0.77h / 单文件预算 0.39h
2026-09-27 19:02:03,564 [INFO] pipeline.job.17: RVE 参数：超分 2x，压缩修复 关，timeout 4.0h
2026-09-27 19:02:03,564 [INFO] adapters.rve: RVE 调用: E:\WorkBuddy\video-transfer-tools\video_pipeline\tools\backend\rve-backend.py -i E:\WorkBuddy\video-transfer-tools\video_pipeline\input\课程\录像11.wmv -o E:\WorkBuddy\video-transfer-tools\video_pipeline\work\current\video_ai.mp4 --upscale_model E:\WorkBuddy\video-transfer-tools\video_pipeline\tools\models\2x_OpenProteus_Compact_i2_70K.pth --device cuda --backend pytorch --precision auto --pytorch_gpu_id 0 --tilesize 0 --ffmpeg_path E:\WorkBuddy\video-transfer-tools\video_pipeline\.tools\ffmpeg\ffmpeg.exe --overwrite --crf 16 --video_encoder_preset libx264 --audio_encoder_preset aac
2026-09-27 19:02:03,564 [INFO] pipeline.runner: RUN E:\WorkBuddy\video-transfer-tools\video_pipeline\.venv-rve\Scripts\python.exe E:\WorkBuddy\video-transfer-tools\video_pipeline\tools\backend\rve-backend.py -i E:\WorkBuddy\video-transfer-tools\video_pipeline\input\课程\录像11.wmv -o E:\WorkBuddy\video-transfer-tools\video_pipeline\work\current\video_ai.mp4 --upscale_model E:\WorkBuddy\video-transfer-tools\video_pipeline\tools\models\2x_OpenProteus_Compact_i2_70K.pth --device cuda --backend pytorch --precision auto --pytorch_gpu_id 0 --tilesize 0 --ffmpeg_path E:\WorkBuddy\video-transfer-tools\video_pipeline\.tools\ffmpeg\ffmpeg.exe --overwrite --crf 16 --video_encoder_preset libx264 --audio_encoder_preset aac
2026-09-27 19:34:23,058 [INFO] pipeline.scheduler: 恢复 1 个被中断的任务
2026-09-27 19:34:23,058 [INFO] pipeline.scheduler: 自动档位：队列 31 个任务，单文件画质 AI 预算 0.4h，压缩修复能力 可用
2026-09-27 19:34:23,058 [INFO] pipeline.scheduler: 调度器启动：max_workspaces=1
2026-09-27 19:34:23,060 [INFO] pipeline.job.13: === 开始处理 E:\WorkBuddy\video-transfer-tools\video_pipeline\input\课程\录像07.wmv ===
2026-09-27 19:34:23,063 [INFO] pipeline.job.13: 恢复隔离产物 video_ai.mp4（REPAIR_VIDEO 已完成，续跑不再重做）
2026-09-27 19:34:23,063 [INFO] pipeline.job.13: REPAIR_VIDEO 已完成，跳过
2026-09-27 19:34:23,064 [INFO] pipeline.runner: RUN ffmpeg -y -i E:\WorkBuddy\video-transfer-tools\video_pipeline\input\课程\录像07.wmv -vn -acodec pcm_s16le -ar 48000 E:\WorkBuddy\video-transfer-tools\video_pipeline\work\current\audio_clean.wav
2026-09-27 19:34:24,187 [INFO] pipeline.runner: EXIT rc=0 1.1s ffmpeg
2026-09-27 19:34:24,187 [INFO] pipeline.runner: RUN ffprobe -v error -print_format json -show_format -show_streams E:\WorkBuddy\video-transfer-tools\video_pipeline\work\current\video_ai.mp4
2026-09-27 19:34:24,293 [INFO] pipeline.runner: EXIT rc=0 0.1s ffprobe
2026-09-27 19:34:24,296 [INFO] pipeline.runner: RUN ffmpeg -hide_banner -encoders
2026-09-27 19:34:24,320 [INFO] pipeline.runner: EXIT rc=0 0.0s ffmpeg
2026-09-27 19:34:24,322 [INFO] adapters.ffmpeg: 尝试编码后端 hevc_qsv (qsv)
2026-09-27 19:34:24,322 [INFO] pipeline.runner: RUN ffmpeg -y -i E:\WorkBuddy\video-transfer-tools\video_pipeline\work\current\video_ai.mp4 -c:v hevc_qsv -preset medium -global_quality 23 -c:a aac -b:a 320k -ar 48000 -movflags +faststart E:\WorkBuddy\video-transfer-tools\video_pipeline\work\current\transcoded.mp4
2026-09-27 19:38:36,016 [INFO] pipeline.runner: EXIT rc=0 251.7s ffmpeg
2026-09-27 19:38:36,016 [INFO] pipeline.job.13: TRANSCODE 完成 → transcoded.mp4
2026-09-27 19:38:36,051 [INFO] pipeline.job.13: 删除临时文件 video_ai.mp4 (154.33 MB)
2026-09-27 19:38:36,057 [INFO] pipeline.runner: RUN ffmpeg -y -i E:\WorkBuddy\video-transfer-tools\video_pipeline\work\current\transcoded.mp4 -i E:\WorkBuddy\video-transfer-tools\video_pipeline\work\current\audio_clean.wav -map 0:v:0 -map 1:a:0 -c:v copy -c:a aac -b:a 320k -ar 48000 -shortest -movflags +faststart -f mp4 E:\WorkBuddy\video-transfer-tools\video_pipeline\output\课程\录像07.mp4.partial
2026-09-27 19:44:22,297 [INFO] pipeline.runner: EXIT rc=0 346.2s ffmpeg
2026-09-27 19:44:22,347 [INFO] pipeline.job.13: 删除临时文件 audio_clean.wav (328.04 MB)
2026-09-27 19:44:22,350 [INFO] pipeline.runner: RUN ffprobe -v error -print_format json -show_format -show_streams E:\WorkBuddy\video-transfer-tools\video_pipeline\output\课程\录像07.mp4.partial
2026-09-27 19:44:22,398 [INFO] pipeline.runner: EXIT rc=0 0.0s ffprobe
2026-09-27 19:44:22,400 [INFO] pipeline.job.13: VERIFY 通过 → E:\WorkBuddy\video-transfer-tools\video_pipeline\output\课程\录像07.mp4
2026-09-27 19:44:22,416 [INFO] pipeline.job.13: === 完成 → E:\WorkBuddy\video-transfer-tools\video_pipeline\output\课程\录像07.mp4 ===
2026-09-27 19:44:22,418 [INFO] pipeline.job.14: === 开始处理 E:\WorkBuddy\video-transfer-tools\video_pipeline\input\课程\录像08.wmv ===
2026-09-27 19:44:22,423 [INFO] pipeline.job.14: 恢复隔离产物 video_ai.mp4（REPAIR_VIDEO 已完成，续跑不再重做）
2026-09-27 19:44:22,425 [INFO] pipeline.job.14: REPAIR_VIDEO 已完成，跳过
2026-09-27 19:44:22,426 [INFO] pipeline.runner: RUN ffmpeg -y -i E:\WorkBuddy\video-transfer-tools\video_pipeline\input\课程\录像08.wmv -vn -acodec pcm_s16le -ar 48000 E:\WorkBuddy\video-transfer-tools\video_pipeline\work\current\audio_clean.wav
2026-09-27 19:44:23,246 [INFO] pipeline.runner: EXIT rc=0 0.8s ffmpeg
2026-09-27 19:44:23,249 [INFO] pipeline.runner: RUN ffprobe -v error -print_format json -show_format -show_streams E:\WorkBuddy\video-transfer-tools\video_pipeline\work\current\video_ai.mp4
2026-09-27 19:44:23,340 [INFO] pipeline.runner: EXIT rc=0 0.1s ffprobe
2026-09-27 19:44:23,348 [INFO] adapters.ffmpeg: 尝试编码后端 hevc_qsv (qsv)
2026-09-27 19:44:23,349 [INFO] pipeline.runner: RUN ffmpeg -y -i E:\WorkBuddy\video-transfer-tools\video_pipeline\work\current\video_ai.mp4 -c:v hevc_qsv -preset medium -global_quality 23 -c:a aac -b:a 320k -ar 48000 -movflags +faststart E:\WorkBuddy\video-transfer-tools\video_pipeline\work\current\transcoded.mp4
2026-09-27 19:48:10,154 [INFO] pipeline.runner: EXIT rc=0 226.8s ffmpeg
2026-09-27 19:48:10,155 [INFO] pipeline.job.14: TRANSCODE 完成 → transcoded.mp4
2026-09-27 19:48:10,174 [INFO] pipeline.job.14: 删除临时文件 video_ai.mp4 (115.34 MB)
2026-09-27 19:48:10,181 [INFO] pipeline.runner: RUN ffmpeg -y -i E:\WorkBuddy\video-transfer-tools\video_pipeline\work\current\transcoded.mp4 -i E:\WorkBuddy\video-transfer-tools\video_pipeline\work\current\audio_clean.wav -map 0:v:0 -map 1:a:0 -c:v copy -c:a aac -b:a 320k -ar 48000 -shortest -movflags +faststart -f mp4 E:\WorkBuddy\video-transfer-tools\video_pipeline\output\课程\录像08.mp4.partial
2026-09-27 19:52:01,348 [INFO] pipeline.runner: EXIT rc=0 231.2s ffmpeg
2026-09-27 19:52:01,402 [INFO] pipeline.job.14: 删除临时文件 audio_clean.wav (251.68 MB)
2026-09-27 19:52:01,402 [INFO] pipeline.runner: RUN ffprobe -v error -print_format json -show_format -show_streams E:\WorkBuddy\video-transfer-tools\video_pipeline\output\课程\录像08.mp4.partial
2026-09-27 19:52:01,448 [INFO] pipeline.runner: EXIT rc=0 0.0s ffprobe
2026-09-27 19:52:01,450 [INFO] pipeline.job.14: VERIFY 通过 → E:\WorkBuddy\video-transfer-tools\video_pipeline\output\课程\录像08.mp4
2026-09-27 19:52:01,459 [INFO] pipeline.job.14: === 完成 → E:\WorkBuddy\video-transfer-tools\video_pipeline\output\课程\录像08.mp4 ===
2026-09-27 19:52:01,460 [INFO] pipeline.job.15: === 开始处理 E:\WorkBuddy\video-transfer-tools\video_pipeline\input\课程\录像09.wmv ===
2026-09-27 19:52:01,466 [INFO] pipeline.job.15: 恢复隔离产物 video_ai.mp4（REPAIR_VIDEO 已完成，续跑不再重做）
2026-09-27 19:52:01,469 [INFO] pipeline.job.15: REPAIR_VIDEO 已完成，跳过
2026-09-27 19:52:01,472 [INFO] pipeline.runner: RUN ffmpeg -y -i E:\WorkBuddy\video-transfer-tools\video_pipeline\input\课程\录像09.wmv -vn -acodec pcm_s16le -ar 48000 E:\WorkBuddy\video-transfer-tools\video_pipeline\work\current\audio_clean.wav
2026-09-27 19:52:02,269 [INFO] pipeline.runner: EXIT rc=0 0.8s ffmpeg
2026-09-27 19:52:02,270 [INFO] pipeline.runner: RUN ffprobe -v error -print_format json -show_format -show_streams E:\WorkBuddy\video-transfer-tools\video_pipeline\work\current\video_ai.mp4
2026-09-27 19:52:02,365 [INFO] pipeline.runner: EXIT rc=0 0.1s ffprobe
2026-09-27 19:52:02,369 [INFO] adapters.ffmpeg: 尝试编码后端 hevc_qsv (qsv)
2026-09-27 19:52:02,370 [INFO] pipeline.runner: RUN ffmpeg -y -i E:\WorkBuddy\video-transfer-tools\video_pipeline\work\current\video_ai.mp4 -c:v hevc_qsv -preset medium -global_quality 23 -c:a aac -b:a 320k -ar 48000 -movflags +faststart E:\WorkBuddy\video-transfer-tools\video_pipeline\work\current\transcoded.mp4
2026-09-27 19:56:00,610 [INFO] pipeline.runner: EXIT rc=0 238.2s ffmpeg
2026-09-27 19:56:00,614 [INFO] pipeline.job.15: TRANSCODE 完成 → transcoded.mp4
2026-09-27 19:56:00,633 [INFO] pipeline.job.15: 删除临时文件 video_ai.mp4 (116.66 MB)
2026-09-27 19:56:00,635 [INFO] pipeline.runner: RUN ffmpeg -y -i E:\WorkBuddy\video-transfer-tools\video_pipeline\work\current\transcoded.mp4 -i E:\WorkBuddy\video-transfer-tools\video_pipeline\work\current\audio_clean.wav -map 0:v:0 -map 1:a:0 -c:v copy -c:a aac -b:a 320k -ar 48000 -shortest -movflags +faststart -f mp4 E:\WorkBuddy\video-transfer-tools\video_pipeline\output\课程\录像09.mp4.partial
2026-09-27 20:00:38,302 [INFO] pipeline.runner: EXIT rc=0 277.7s ffmpeg
2026-09-27 20:00:38,342 [INFO] pipeline.job.15: 删除临时文件 audio_clean.wav (248.66 MB)
2026-09-27 20:00:38,346 [INFO] pipeline.runner: RUN ffprobe -v error -print_format json -show_format -show_streams E:\WorkBuddy\video-transfer-tools\video_pipeline\output\课程\录像09.mp4.partial
2026-09-27 20:00:38,384 [INFO] pipeline.runner: EXIT rc=0 0.0s ffprobe
2026-09-27 20:00:38,384 [INFO] pipeline.job.15: VERIFY 通过 → E:\WorkBuddy\video-transfer-tools\video_pipeline\output\课程\录像09.mp4
2026-09-27 20:00:38,393 [INFO] pipeline.job.15: === 完成 → E:\WorkBuddy\video-transfer-tools\video_pipeline\output\课程\录像09.mp4 ===
2026-09-27 20:00:38,393 [INFO] pipeline.job.16: === 开始处理 E:\WorkBuddy\video-transfer-tools\video_pipeline\input\课程\录像10.wmv ===
2026-09-27 20:00:38,397 [INFO] pipeline.job.16: 恢复隔离产物 video_ai.mp4（REPAIR_VIDEO 已完成，续跑不再重做）
2026-09-27 20:00:38,398 [INFO] pipeline.job.16: REPAIR_VIDEO 已完成，跳过
2026-09-27 20:00:38,398 [INFO] pipeline.runner: RUN ffmpeg -y -i E:\WorkBuddy\video-transfer-tools\video_pipeline\input\课程\录像10.wmv -vn -acodec pcm_s16le -ar 48000 E:\WorkBuddy\video-transfer-tools\video_pipeline\work\current\audio_clean.wav
2026-09-27 20:00:38,851 [INFO] pipeline.runner: EXIT rc=0 0.5s ffmpeg
2026-09-27 20:00:38,853 [INFO] pipeline.runner: RUN ffprobe -v error -print_format json -show_format -show_streams E:\WorkBuddy\video-transfer-tools\video_pipeline\work\current\video_ai.mp4
2026-09-27 20:00:38,958 [INFO] pipeline.runner: EXIT rc=0 0.1s ffprobe
2026-09-27 20:00:38,964 [INFO] adapters.ffmpeg: 尝试编码后端 hevc_qsv (qsv)
2026-09-27 20:00:38,964 [INFO] pipeline.runner: RUN ffmpeg -y -i E:\WorkBuddy\video-transfer-tools\video_pipeline\work\current\video_ai.mp4 -c:v hevc_qsv -preset medium -global_quality 23 -c:a aac -b:a 320k -ar 48000 -movflags +faststart E:\WorkBuddy\video-transfer-tools\video_pipeline\work\current\transcoded.mp4
2026-09-27 20:02:49,345 [INFO] pipeline.runner: EXIT rc=0 130.4s ffmpeg
2026-09-27 20:02:49,345 [INFO] pipeline.job.16: TRANSCODE 完成 → transcoded.mp4
2026-09-27 20:02:49,351 [INFO] pipeline.job.16: 删除临时文件 video_ai.mp4 (62.96 MB)
2026-09-27 20:02:49,351 [INFO] pipeline.runner: RUN ffmpeg -y -i E:\WorkBuddy\video-transfer-tools\video_pipeline\work\current\transcoded.mp4 -i E:\WorkBuddy\video-transfer-tools\video_pipeline\work\current\audio_clean.wav -map 0:v:0 -map 1:a:0 -c:v copy -c:a aac -b:a 320k -ar 48000 -shortest -movflags +faststart -f mp4 E:\WorkBuddy\video-transfer-tools\video_pipeline\output\课程\录像10.mp4.partial
2026-09-27 20:05:14,290 [INFO] pipeline.runner: EXIT rc=0 144.9s ffmpeg
2026-09-27 20:05:14,314 [INFO] pipeline.job.16: 删除临时文件 audio_clean.wav (140.63 MB)
2026-09-27 20:05:14,319 [INFO] pipeline.runner: RUN ffprobe -v error -print_format json -show_format -show_streams E:\WorkBuddy\video-transfer-tools\video_pipeline\output\课程\录像10.mp4.partial
2026-09-27 20:05:14,362 [INFO] pipeline.runner: EXIT rc=0 0.0s ffprobe
2026-09-27 20:05:14,362 [INFO] pipeline.job.16: VERIFY 通过 → E:\WorkBuddy\video-transfer-tools\video_pipeline\output\课程\录像10.mp4
2026-09-27 20:05:14,374 [INFO] pipeline.job.16: === 完成 → E:\WorkBuddy\video-transfer-tools\video_pipeline\output\课程\录像10.mp4 ===
2026-09-27 20:05:14,374 [INFO] pipeline.job.17: === 开始处理 E:\WorkBuddy\video-transfer-tools\video_pipeline\input\课程\录像11.wmv ===
2026-09-27 20:05:14,379 [INFO] pipeline.job.17: 自动档位：2x（仅超分） —— 超预算：完整修复约 7.5h > 0.4h，退回 2x（约快 9 倍）
2026-09-27 20:05:14,381 [INFO] pipeline.job.17: 耗时预估：完整档 7.53h / 快速档 0.77h / 单文件预算 0.39h
2026-09-27 20:05:14,382 [WARNING] pipeline.job.17: 自动档位提示：即使只做 2x，单文件也约 0.8h > 单文件预算 0.39h（本批共 31 个文件）。预算只用于决定是否启用压缩修复，不会限速；如需消除该提示可调大 video_repair.auto.total_budget_hours
2026-09-27 20:05:14,382 [INFO] pipeline.job.17: RVE 参数：超分 2x，压缩修复 关，timeout 4.0h
2026-09-27 20:05:14,382 [INFO] adapters.rve: RVE 调用: E:\WorkBuddy\video-transfer-tools\video_pipeline\tools\backend\rve-backend.py -i E:\WorkBuddy\video-transfer-tools\video_pipeline\input\课程\录像11.wmv -o E:\WorkBuddy\video-transfer-tools\video_pipeline\work\current\video_ai.mp4 --upscale_model E:\WorkBuddy\video-transfer-tools\video_pipeline\tools\models\2x_OpenProteus_Compact_i2_70K.pth --device cuda --backend pytorch --precision auto --pytorch_gpu_id 0 --tilesize 0 --ffmpeg_path E:\WorkBuddy\video-transfer-tools\video_pipeline\.tools\ffmpeg\ffmpeg.exe --overwrite --crf 16 --video_encoder_preset libx264 --audio_encoder_preset aac
2026-09-27 20:05:14,382 [INFO] pipeline.runner: RUN E:\WorkBuddy\video-transfer-tools\video_pipeline\.venv-rve\Scripts\python.exe E:\WorkBuddy\video-transfer-tools\video_pipeline\tools\backend\rve-backend.py -i E:\WorkBuddy\video-transfer-tools\video_pipeline\input\课程\录像11.wmv -o E:\WorkBuddy\video-transfer-tools\video_pipeline\work\current\video_ai.mp4 --upscale_model E:\WorkBuddy\video-transfer-tools\video_pipeline\tools\models\2x_OpenProteus_Compact_i2_70K.pth --device cuda --backend pytorch --precision auto --pytorch_gpu_id 0 --tilesize 0 --ffmpeg_path E:\WorkBuddy\video-transfer-tools\video_pipeline\.tools\ffmpeg\ffmpeg.exe --overwrite --crf 16 --video_encoder_preset libx264 --audio_encoder_preset aac
2026-09-27 20:39:53,965 [INFO] pipeline.runner: EXIT rc=0 2079.6s E:\WorkBuddy\video-transfer-tools\video_pipeline\.venv-rve\Scripts\python.exe
2026-09-27 20:39:53,971 [INFO] pipeline.job.17: REPAIR_VIDEO 完成 → video_ai.mp4 (0.15 GB)
2026-09-27 20:39:53,977 [INFO] pipeline.runner: RUN ffmpeg -y -i E:\WorkBuddy\video-transfer-tools\video_pipeline\input\课程\录像11.wmv -vn -acodec pcm_s16le -ar 48000 E:\WorkBuddy\video-transfer-tools\video_pipeline\work\current\audio_clean.wav
2026-09-27 20:39:55,288 [INFO] pipeline.runner: EXIT rc=0 1.3s ffmpeg
2026-09-27 20:39:55,297 [INFO] pipeline.runner: RUN ffprobe -v error -print_format json -show_format -show_streams E:\WorkBuddy\video-transfer-tools\video_pipeline\work\current\video_ai.mp4
2026-09-27 20:39:55,438 [INFO] pipeline.runner: EXIT rc=0 0.1s ffprobe
2026-09-27 20:39:55,441 [INFO] adapters.ffmpeg: 尝试编码后端 hevc_qsv (qsv)
2026-09-27 20:39:55,443 [INFO] pipeline.runner: RUN ffmpeg -y -i E:\WorkBuddy\video-transfer-tools\video_pipeline\work\current\video_ai.mp4 -c:v hevc_qsv -preset medium -global_quality 23 -c:a aac -b:a 320k -ar 48000 -movflags +faststart E:\WorkBuddy\video-transfer-tools\video_pipeline\work\current\transcoded.mp4
2026-09-27 20:45:42,274 [INFO] pipeline.runner: EXIT rc=0 346.8s ffmpeg
2026-09-27 20:45:42,279 [INFO] pipeline.job.17: TRANSCODE 完成 → transcoded.mp4
2026-09-27 20:45:42,291 [INFO] pipeline.job.17: 删除临时文件 video_ai.mp4 (150.97 MB)
2026-09-27 20:45:42,294 [INFO] pipeline.runner: RUN ffmpeg -y -i E:\WorkBuddy\video-transfer-tools\video_pipeline\work\current\transcoded.mp4 -i E:\WorkBuddy\video-transfer-tools\video_pipeline\work\current\audio_clean.wav -map 0:v:0 -map 1:a:0 -c:v copy -c:a aac -b:a 320k -ar 48000 -shortest -movflags +faststart -f mp4 E:\WorkBuddy\video-transfer-tools\video_pipeline\output\课程\录像11.mp4.partial
2026-09-27 20:52:07,669 [INFO] pipeline.runner: EXIT rc=0 385.4s ffmpeg
2026-09-27 20:52:07,752 [INFO] pipeline.job.17: 删除临时文件 audio_clean.wav (345.25 MB)
2026-09-27 20:52:07,759 [INFO] pipeline.runner: RUN ffprobe -v error -print_format json -show_format -show_streams E:\WorkBuddy\video-transfer-tools\video_pipeline\output\课程\录像11.mp4.partial
2026-09-27 20:52:07,800 [INFO] pipeline.runner: EXIT rc=0 0.0s ffprobe
2026-09-27 20:52:07,802 [INFO] pipeline.job.17: VERIFY 通过 → E:\WorkBuddy\video-transfer-tools\video_pipeline\output\课程\录像11.mp4
2026-09-27 20:52:07,826 [INFO] pipeline.job.17: === 完成 → E:\WorkBuddy\video-transfer-tools\video_pipeline\output\课程\录像11.mp4 ===
2026-09-27 20:52:07,827 [INFO] pipeline.job.18: === 开始处理 E:\WorkBuddy\video-transfer-tools\video_pipeline\input\课程\录像12.wmv ===
2026-09-27 20:52:07,831 [INFO] pipeline.job.18: 自动档位：2x（仅超分） —— 超预算：完整修复约 5.5h > 0.4h，退回 2x（约快 9 倍）
2026-09-27 20:52:07,831 [INFO] pipeline.job.18: 耗时预估：完整档 5.46h / 快速档 0.56h / 单文件预算 0.39h
2026-09-27 20:52:07,833 [INFO] pipeline.job.18: RVE 参数：超分 2x，压缩修复 关，timeout 4.0h
2026-09-27 20:52:07,833 [INFO] adapters.rve: RVE 调用: E:\WorkBuddy\video-transfer-tools\video_pipeline\tools\backend\rve-backend.py -i E:\WorkBuddy\video-transfer-tools\video_pipeline\input\课程\录像12.wmv -o E:\WorkBuddy\video-transfer-tools\video_pipeline\work\current\video_ai.mp4 --upscale_model E:\WorkBuddy\video-transfer-tools\video_pipeline\tools\models\2x_OpenProteus_Compact_i2_70K.pth --device cuda --backend pytorch --precision auto --pytorch_gpu_id 0 --tilesize 0 --ffmpeg_path E:\WorkBuddy\video-transfer-tools\video_pipeline\.tools\ffmpeg\ffmpeg.exe --overwrite --crf 16 --video_encoder_preset libx264 --audio_encoder_preset aac
2026-09-27 20:52:07,833 [INFO] pipeline.runner: RUN E:\WorkBuddy\video-transfer-tools\video_pipeline\.venv-rve\Scripts\python.exe E:\WorkBuddy\video-transfer-tools\video_pipeline\tools\backend\rve-backend.py -i E:\WorkBuddy\video-transfer-tools\video_pipeline\input\课程\录像12.wmv -o E:\WorkBuddy\video-transfer-tools\video_pipeline\work\current\video_ai.mp4 --upscale_model E:\WorkBuddy\video-transfer-tools\video_pipeline\tools\models\2x_OpenProteus_Compact_i2_70K.pth --device cuda --backend pytorch --precision auto --pytorch_gpu_id 0 --tilesize 0 --ffmpeg_path E:\WorkBuddy\video-transfer-tools\video_pipeline\.tools\ffmpeg\ffmpeg.exe --overwrite --crf 16 --video_encoder_preset libx264 --audio_encoder_preset aac
2026-09-27 21:17:32,418 [INFO] pipeline.runner: EXIT rc=0 1524.6s E:\WorkBuddy\video-transfer-tools\video_pipeline\.venv-rve\Scripts\python.exe
2026-09-27 21:17:32,423 [INFO] pipeline.job.18: REPAIR_VIDEO 完成 → video_ai.mp4 (0.10 GB)
2026-09-27 21:17:32,425 [INFO] pipeline.runner: RUN ffmpeg -y -i E:\WorkBuddy\video-transfer-tools\video_pipeline\input\课程\录像12.wmv -vn -acodec pcm_s16le -ar 48000 E:\WorkBuddy\video-transfer-tools\video_pipeline\work\current\audio_clean.wav
2026-09-27 21:17:33,382 [INFO] pipeline.runner: EXIT rc=0 1.0s ffmpeg
2026-09-27 21:17:33,387 [INFO] pipeline.runner: RUN ffprobe -v error -print_format json -show_format -show_streams E:\WorkBuddy\video-transfer-tools\video_pipeline\work\current\video_ai.mp4
2026-09-27 21:17:33,503 [INFO] pipeline.runner: EXIT rc=0 0.1s ffprobe
2026-09-27 21:17:33,508 [INFO] adapters.ffmpeg: 尝试编码后端 hevc_qsv (qsv)
2026-09-27 21:17:33,511 [INFO] pipeline.runner: RUN ffmpeg -y -i E:\WorkBuddy\video-transfer-tools\video_pipeline\work\current\video_ai.mp4 -c:v hevc_qsv -preset medium -global_quality 23 -c:a aac -b:a 320k -ar 48000 -movflags +faststart E:\WorkBuddy\video-transfer-tools\video_pipeline\work\current\transcoded.mp4
2026-09-27 21:21:16,454 [INFO] pipeline.runner: EXIT rc=0 222.9s ffmpeg
2026-09-27 21:21:16,458 [INFO] pipeline.job.18: TRANSCODE 完成 → transcoded.mp4
2026-09-27 21:21:16,470 [INFO] pipeline.job.18: 删除临时文件 video_ai.mp4 (97.83 MB)
2026-09-27 21:21:16,473 [INFO] pipeline.runner: RUN ffmpeg -y -i E:\WorkBuddy\video-transfer-tools\video_pipeline\work\current\transcoded.mp4 -i E:\WorkBuddy\video-transfer-tools\video_pipeline\work\current\audio_clean.wav -map 0:v:0 -map 1:a:0 -c:v copy -c:a aac -b:a 320k -ar 48000 -shortest -movflags +faststart -f mp4 E:\WorkBuddy\video-transfer-tools\video_pipeline\output\课程\录像12.mp4.partial
2026-09-27 21:26:13,814 [INFO] pipeline.runner: EXIT rc=0 297.3s ffmpeg
2026-09-27 21:26:13,874 [INFO] pipeline.job.18: 删除临时文件 audio_clean.wav (249.85 MB)
2026-09-27 21:26:13,880 [INFO] pipeline.runner: RUN ffprobe -v error -print_format json -show_format -show_streams E:\WorkBuddy\video-transfer-tools\video_pipeline\output\课程\录像12.mp4.partial
2026-09-27 21:26:13,917 [INFO] pipeline.runner: EXIT rc=0 0.0s ffprobe
2026-09-27 21:26:13,920 [INFO] pipeline.job.18: VERIFY 通过 → E:\WorkBuddy\video-transfer-tools\video_pipeline\output\课程\录像12.mp4
2026-09-27 21:26:13,934 [INFO] pipeline.job.18: === 完成 → E:\WorkBuddy\video-transfer-tools\video_pipeline\output\课程\录像12.mp4 ===
2026-09-27 21:26:13,936 [INFO] pipeline.job.19: === 开始处理 E:\WorkBuddy\video-transfer-tools\video_pipeline\input\课程\录像13.wmv ===
2026-09-27 21:26:13,940 [INFO] pipeline.job.19: 自动档位：2x（仅超分） —— 超预算：完整修复约 7.5h > 0.4h，退回 2x（约快 9 倍）
2026-09-27 21:26:13,940 [INFO] pipeline.job.19: 耗时预估：完整档 7.46h / 快速档 0.77h / 单文件预算 0.39h
2026-09-27 21:26:13,940 [INFO] pipeline.job.19: RVE 参数：超分 2x，压缩修复 关，timeout 4.0h
2026-09-27 21:26:13,944 [INFO] adapters.rve: RVE 调用: E:\WorkBuddy\video-transfer-tools\video_pipeline\tools\backend\rve-backend.py -i E:\WorkBuddy\video-transfer-tools\video_pipeline\input\课程\录像13.wmv -o E:\WorkBuddy\video-transfer-tools\video_pipeline\work\current\video_ai.mp4 --upscale_model E:\WorkBuddy\video-transfer-tools\video_pipeline\tools\models\2x_OpenProteus_Compact_i2_70K.pth --device cuda --backend pytorch --precision auto --pytorch_gpu_id 0 --tilesize 0 --ffmpeg_path E:\WorkBuddy\video-transfer-tools\video_pipeline\.tools\ffmpeg\ffmpeg.exe --overwrite --crf 16 --video_encoder_preset libx264 --audio_encoder_preset aac
2026-09-27 21:26:13,944 [INFO] pipeline.runner: RUN E:\WorkBuddy\video-transfer-tools\video_pipeline\.venv-rve\Scripts\python.exe E:\WorkBuddy\video-transfer-tools\video_pipeline\tools\backend\rve-backend.py -i E:\WorkBuddy\video-transfer-tools\video_pipeline\input\课程\录像13.wmv -o E:\WorkBuddy\video-transfer-tools\video_pipeline\work\current\video_ai.mp4 --upscale_model E:\WorkBuddy\video-transfer-tools\video_pipeline\tools\models\2x_OpenProteus_Compact_i2_70K.pth --device cuda --backend pytorch --precision auto --pytorch_gpu_id 0 --tilesize 0 --ffmpeg_path E:\WorkBuddy\video-transfer-tools\video_pipeline\.tools\ffmpeg\ffmpeg.exe --overwrite --crf 16 --video_encoder_preset libx264 --audio_encoder_preset aac
2026-09-27 21:52:46,879 [INFO] pipeline.runner: EXIT rc=1 1592.9s E:\WorkBuddy\video-transfer-tools\video_pipeline\.venv-rve\Scripts\python.exe
2026-09-27 21:52:46,884 [ERROR] pipeline.job.19: 任务失败: 系统内存不足（rc=1）: E:\WorkBuddy\video-transfer-tools\video_pipeline\.venv-rve\Scripts\python.exe
2026-09-27 21:52:46,910 [WARNING] pipeline.job.19: 内存不足 → 跳过本任务，排到队尾后再跑（不阻塞队列）
2026-09-27 21:52:46,916 [WARNING] pipeline.job.19: 进入 RETRY_PENDING (第 1 次)
2026-09-27 21:52:46,919 [INFO] pipeline.job.20: === 开始处理 E:\WorkBuddy\video-transfer-tools\video_pipeline\input\课程\录像14.wmv ===
2026-09-27 21:52:46,926 [INFO] pipeline.job.20: 自动档位：2x（仅超分） —— 超预算：完整修复约 5.7h > 0.4h，退回 2x（约快 9 倍）
2026-09-27 21:52:46,929 [INFO] pipeline.job.20: 耗时预估：完整档 5.65h / 快速档 0.58h / 单文件预算 0.39h
2026-09-27 21:52:46,931 [INFO] pipeline.job.20: RVE 参数：超分 2x，压缩修复 关，timeout 4.0h
2026-09-27 21:52:46,931 [INFO] adapters.rve: RVE 调用: E:\WorkBuddy\video-transfer-tools\video_pipeline\tools\backend\rve-backend.py -i E:\WorkBuddy\video-transfer-tools\video_pipeline\input\课程\录像14.wmv -o E:\WorkBuddy\video-transfer-tools\video_pipeline\work\current\video_ai.mp4 --upscale_model E:\WorkBuddy\video-transfer-tools\video_pipeline\tools\models\2x_OpenProteus_Compact_i2_70K.pth --device cuda --backend pytorch --precision auto --pytorch_gpu_id 0 --tilesize 0 --ffmpeg_path E:\WorkBuddy\video-transfer-tools\video_pipeline\.tools\ffmpeg\ffmpeg.exe --overwrite --crf 16 --video_encoder_preset libx264 --audio_encoder_preset aac
2026-09-27 21:52:46,932 [INFO] pipeline.runner: RUN E:\WorkBuddy\video-transfer-tools\video_pipeline\.venv-rve\Scripts\python.exe E:\WorkBuddy\video-transfer-tools\video_pipeline\tools\backend\rve-backend.py -i E:\WorkBuddy\video-transfer-tools\video_pipeline\input\课程\录像14.wmv -o E:\WorkBuddy\video-transfer-tools\video_pipeline\work\current\video_ai.mp4 --upscale_model E:\WorkBuddy\video-transfer-tools\video_pipeline\tools\models\2x_OpenProteus_Compact_i2_70K.pth --device cuda --backend pytorch --precision auto --pytorch_gpu_id 0 --tilesize 0 --ffmpeg_path E:\WorkBuddy\video-transfer-tools\video_pipeline\.tools\ffmpeg\ffmpeg.exe --overwrite --crf 16 --video_encoder_preset libx264 --audio_encoder_preset aac
2026-09-27 22:08:44,445 [INFO] pipeline.runner: EXIT rc=4294967295 957.5s E:\WorkBuddy\video-transfer-tools\video_pipeline\.venv-rve\Scripts\python.exe
2026-09-27 22:08:44,447 [ERROR] pipeline.job.20: 任务失败: 系统内存不足（rc=4294967295）: E:\WorkBuddy\video-transfer-tools\video_pipeline\.venv-rve\Scripts\python.exe
2026-09-27 22:08:44,447 [WARNING] pipeline.job.20: 内存不足 → 跳过本任务，排到队尾后再跑（不阻塞队列）
2026-09-27 22:08:44,447 [WARNING] pipeline.job.20: 进入 RETRY_PENDING (第 1 次)
2026-09-27 22:08:44,453 [INFO] pipeline.job.21: === 开始处理 E:\WorkBuddy\video-transfer-tools\video_pipeline\input\课程\录像15.wmv ===
2026-09-27 22:08:44,456 [INFO] pipeline.job.21: 自动档位：2x（仅超分） —— 超预算：完整修复约 3.7h > 0.4h，退回 2x（约快 9 倍）
2026-09-27 22:08:44,457 [INFO] pipeline.job.21: 耗时预估：完整档 3.69h / 快速档 0.38h / 单文件预算 0.39h
2026-09-27 22:08:44,457 [INFO] pipeline.job.21: RVE 参数：超分 2x，压缩修复 关，timeout 4.0h
2026-09-27 22:08:44,459 [INFO] adapters.rve: RVE 调用: E:\WorkBuddy\video-transfer-tools\video_pipeline\tools\backend\rve-backend.py -i E:\WorkBuddy\video-transfer-tools\video_pipeline\input\课程\录像15.wmv -o E:\WorkBuddy\video-transfer-tools\video_pipeline\work\current\video_ai.mp4 --upscale_model E:\WorkBuddy\video-transfer-tools\video_pipeline\tools\models\2x_OpenProteus_Compact_i2_70K.pth --device cuda --backend pytorch --precision auto --pytorch_gpu_id 0 --tilesize 0 --ffmpeg_path E:\WorkBuddy\video-transfer-tools\video_pipeline\.tools\ffmpeg\ffmpeg.exe --overwrite --crf 16 --video_encoder_preset libx264 --audio_encoder_preset aac
2026-09-27 22:08:44,459 [INFO] pipeline.runner: RUN E:\WorkBuddy\video-transfer-tools\video_pipeline\.venv-rve\Scripts\python.exe E:\WorkBuddy\video-transfer-tools\video_pipeline\tools\backend\rve-backend.py -i E:\WorkBuddy\video-transfer-tools\video_pipeline\input\课程\录像15.wmv -o E:\WorkBuddy\video-transfer-tools\video_pipeline\work\current\video_ai.mp4 --upscale_model E:\WorkBuddy\video-transfer-tools\video_pipeline\tools\models\2x_OpenProteus_Compact_i2_70K.pth --device cuda --backend pytorch --precision auto --pytorch_gpu_id 0 --tilesize 0 --ffmpeg_path E:\WorkBuddy\video-transfer-tools\video_pipeline\.tools\ffmpeg\ffmpeg.exe --overwrite --crf 16 --video_encoder_preset libx264 --audio_encoder_preset aac
2026-09-27 22:25:55,455 [INFO] pipeline.runner: EXIT rc=0 1031.0s E:\WorkBuddy\video-transfer-tools\video_pipeline\.venv-rve\Scripts\python.exe
2026-09-27 22:25:55,455 [INFO] pipeline.job.21: REPAIR_VIDEO 完成 → video_ai.mp4 (0.07 GB)
2026-09-27 22:25:55,459 [INFO] pipeline.runner: RUN ffmpeg -y -i E:\WorkBuddy\video-transfer-tools\video_pipeline\input\课程\录像15.wmv -vn -acodec pcm_s16le -ar 48000 E:\WorkBuddy\video-transfer-tools\video_pipeline\work\current\audio_clean.wav
2026-09-27 22:25:56,130 [INFO] pipeline.runner: EXIT rc=0 0.7s ffmpeg
2026-09-27 22:25:56,130 [INFO] pipeline.runner: RUN ffprobe -v error -print_format json -show_format -show_streams E:\WorkBuddy\video-transfer-tools\video_pipeline\work\current\video_ai.mp4
2026-09-27 22:25:57,208 [INFO] pipeline.runner: EXIT rc=0 1.1s ffprobe
2026-09-27 22:25:57,211 [INFO] adapters.ffmpeg: 尝试编码后端 hevc_qsv (qsv)
2026-09-27 22:25:57,211 [INFO] pipeline.runner: RUN ffmpeg -y -i E:\WorkBuddy\video-transfer-tools\video_pipeline\work\current\video_ai.mp4 -c:v hevc_qsv -preset medium -global_quality 23 -c:a aac -b:a 320k -ar 48000 -movflags +faststart E:\WorkBuddy\video-transfer-tools\video_pipeline\work\current\transcoded.mp4
2026-09-27 22:28:29,518 [INFO] pipeline.runner: EXIT rc=0 152.3s ffmpeg
2026-09-27 22:28:29,518 [INFO] pipeline.job.21: TRANSCODE 完成 → transcoded.mp4
2026-09-27 22:28:29,537 [INFO] pipeline.job.21: 删除临时文件 video_ai.mp4 (75.48 MB)
2026-09-27 22:28:29,537 [INFO] pipeline.runner: RUN ffmpeg -y -i E:\WorkBuddy\video-transfer-tools\video_pipeline\work\current\transcoded.mp4 -i E:\WorkBuddy\video-transfer-tools\video_pipeline\work\current\audio_clean.wav -map 0:v:0 -map 1:a:0 -c:v copy -c:a aac -b:a 320k -ar 48000 -shortest -movflags +faststart -f mp4 E:\WorkBuddy\video-transfer-tools\video_pipeline\output\课程\录像15.mp4.partial
2026-09-27 22:31:31,175 [INFO] pipeline.runner: EXIT rc=0 181.6s ffmpeg
2026-09-27 22:31:31,202 [INFO] pipeline.job.21: 删除临时文件 audio_clean.wav (168.73 MB)
2026-09-27 22:31:31,206 [INFO] pipeline.runner: RUN ffprobe -v error -print_format json -show_format -show_streams E:\WorkBuddy\video-transfer-tools\video_pipeline\output\课程\录像15.mp4.partial
2026-09-27 22:31:31,249 [INFO] pipeline.runner: EXIT rc=0 0.0s ffprobe
2026-09-27 22:31:31,251 [INFO] pipeline.job.21: VERIFY 通过 → E:\WorkBuddy\video-transfer-tools\video_pipeline\output\课程\录像15.mp4
2026-09-27 22:31:31,260 [INFO] pipeline.job.21: === 完成 → E:\WorkBuddy\video-transfer-tools\video_pipeline\output\课程\录像15.mp4 ===
2026-09-27 22:31:31,263 [INFO] pipeline.job.22: === 开始处理 E:\WorkBuddy\video-transfer-tools\video_pipeline\input\课程\录像16.wmv ===
2026-09-27 22:31:31,266 [INFO] pipeline.job.22: 自动档位：2x（仅超分） —— 超预算：完整修复约 5.6h > 0.4h，退回 2x（约快 9 倍）
2026-09-27 22:31:31,269 [INFO] pipeline.job.22: 耗时预估：完整档 5.60h / 快速档 0.58h / 单文件预算 0.39h
2026-09-27 22:31:31,270 [INFO] pipeline.job.22: RVE 参数：超分 2x，压缩修复 关，timeout 4.0h
2026-09-27 22:31:31,270 [INFO] adapters.rve: RVE 调用: E:\WorkBuddy\video-transfer-tools\video_pipeline\tools\backend\rve-backend.py -i E:\WorkBuddy\video-transfer-tools\video_pipeline\input\课程\录像16.wmv -o E:\WorkBuddy\video-transfer-tools\video_pipeline\work\current\video_ai.mp4 --upscale_model E:\WorkBuddy\video-transfer-tools\video_pipeline\tools\models\2x_OpenProteus_Compact_i2_70K.pth --device cuda --backend pytorch --precision auto --pytorch_gpu_id 0 --tilesize 0 --ffmpeg_path E:\WorkBuddy\video-transfer-tools\video_pipeline\.tools\ffmpeg\ffmpeg.exe --overwrite --crf 16 --video_encoder_preset libx264 --audio_encoder_preset aac
2026-09-27 22:31:31,272 [INFO] pipeline.runner: RUN E:\WorkBuddy\video-transfer-tools\video_pipeline\.venv-rve\Scripts\python.exe E:\WorkBuddy\video-transfer-tools\video_pipeline\tools\backend\rve-backend.py -i E:\WorkBuddy\video-transfer-tools\video_pipeline\input\课程\录像16.wmv -o E:\WorkBuddy\video-transfer-tools\video_pipeline\work\current\video_ai.mp4 --upscale_model E:\WorkBuddy\video-transfer-tools\video_pipeline\tools\models\2x_OpenProteus_Compact_i2_70K.pth --device cuda --backend pytorch --precision auto --pytorch_gpu_id 0 --tilesize 0 --ffmpeg_path E:\WorkBuddy\video-transfer-tools\video_pipeline\.tools\ffmpeg\ffmpeg.exe --overwrite --crf 16 --video_encoder_preset libx264 --audio_encoder_preset aac
2026-09-27 22:32:20,784 [INFO] pipeline.runner: EXIT rc=3221225477 49.5s E:\WorkBuddy\video-transfer-tools\video_pipeline\.venv-rve\Scripts\python.exe
2026-09-27 22:32:20,784 [ERROR] pipeline.job.22: 任务失败: 系统内存不足（rc=3221225477）: E:\WorkBuddy\video-transfer-tools\video_pipeline\.venv-rve\Scripts\python.exe
2026-09-27 22:33:20,787 [WARNING] pipeline.job.22: 删除 E:\WorkBuddy\video-transfer-tools\video_pipeline\work\current\video_ai.mp4 失败（等待 60s 后仍被占用）: [WinError 32] 另一个程序正在使用此文件，进程无法访问。: 'E:\\WorkBuddy\\video-transfer-tools\\video_pipeline\\work\\current\\video_ai.mp4'
2026-09-27 22:33:20,789 [WARNING] pipeline.job.22: 内存不足 → 跳过本任务，排到队尾后再跑（不阻塞队列）
2026-09-27 22:33:20,798 [WARNING] pipeline.job.22: 进入 RETRY_PENDING (第 1 次)
2026-09-27 22:33:20,798 [INFO] pipeline.job.23: === 开始处理 E:\WorkBuddy\video-transfer-tools\video_pipeline\input\课程\录像17.wmv ===
2026-09-27 22:33:20,803 [INFO] pipeline.job.23: 自动档位：2x（仅超分） —— 超预算：完整修复约 5.6h > 0.4h，退回 2x（约快 9 倍）
2026-09-27 22:33:20,806 [INFO] pipeline.job.23: 耗时预估：完整档 5.59h / 快速档 0.58h / 单文件预算 0.39h
2026-09-27 22:33:20,806 [INFO] pipeline.job.23: RVE 参数：超分 2x，压缩修复 关，timeout 4.0h
2026-09-27 22:33:20,808 [INFO] adapters.rve: RVE 调用: E:\WorkBuddy\video-transfer-tools\video_pipeline\tools\backend\rve-backend.py -i E:\WorkBuddy\video-transfer-tools\video_pipeline\input\课程\录像17.wmv -o E:\WorkBuddy\video-transfer-tools\video_pipeline\work\current\video_ai.mp4 --upscale_model E:\WorkBuddy\video-transfer-tools\video_pipeline\tools\models\2x_OpenProteus_Compact_i2_70K.pth --device cuda --backend pytorch --precision auto --pytorch_gpu_id 0 --tilesize 0 --ffmpeg_path E:\WorkBuddy\video-transfer-tools\video_pipeline\.tools\ffmpeg\ffmpeg.exe --overwrite --crf 16 --video_encoder_preset libx264 --audio_encoder_preset aac
2026-09-27 22:33:58,319 [INFO] pipeline.runner: RUN E:\WorkBuddy\video-transfer-tools\video_pipeline\.venv-rve\Scripts\python.exe E:\WorkBuddy\video-transfer-tools\video_pipeline\tools\backend\rve-backend.py -i E:\WorkBuddy\video-transfer-tools\video_pipeline\input\课程\录像17.wmv -o E:\WorkBuddy\video-transfer-tools\video_pipeline\work\current\video_ai.mp4 --upscale_model E:\WorkBuddy\video-transfer-tools\video_pipeline\tools\models\2x_OpenProteus_Compact_i2_70K.pth --device cuda --backend pytorch --precision auto --pytorch_gpu_id 0 --tilesize 0 --ffmpeg_path E:\WorkBuddy\video-transfer-tools\video_pipeline\.tools\ffmpeg\ffmpeg.exe --overwrite --crf 16 --video_encoder_preset libx264 --audio_encoder_preset aac
2026-09-27 22:46:55,073 [INFO] pipeline.runner: EXIT rc=4294967295 776.8s E:\WorkBuddy\video-transfer-tools\video_pipeline\.venv-rve\Scripts\python.exe
2026-09-27 22:46:55,073 [ERROR] pipeline.job.23: 任务失败: 系统内存不足（rc=4294967295）: E:\WorkBuddy\video-transfer-tools\video_pipeline\.venv-rve\Scripts\python.exe
2026-09-27 22:46:55,083 [WARNING] pipeline.job.23: 内存不足 → 跳过本任务，排到队尾后再跑（不阻塞队列）
2026-09-27 22:46:55,084 [WARNING] pipeline.job.23: 进入 RETRY_PENDING (第 1 次)
2026-09-27 22:46:55,084 [INFO] pipeline.job.24: === 开始处理 E:\WorkBuddy\video-transfer-tools\video_pipeline\input\课程\录像18.wmv ===
2026-09-27 22:46:55,091 [INFO] pipeline.job.24: 自动档位：2x（仅超分） —— 超预算：完整修复约 4.3h > 0.4h，退回 2x（约快 9 倍）
2026-09-27 22:46:55,091 [INFO] pipeline.job.24: 耗时预估：完整档 4.33h / 快速档 0.45h / 单文件预算 0.39h
2026-09-27 22:46:55,093 [INFO] pipeline.job.24: RVE 参数：超分 2x，压缩修复 关，timeout 4.0h
2026-09-27 22:46:55,093 [INFO] adapters.rve: RVE 调用: E:\WorkBuddy\video-transfer-tools\video_pipeline\tools\backend\rve-backend.py -i E:\WorkBuddy\video-transfer-tools\video_pipeline\input\课程\录像18.wmv -o E:\WorkBuddy\video-transfer-tools\video_pipeline\work\current\video_ai.mp4 --upscale_model E:\WorkBuddy\video-transfer-tools\video_pipeline\tools\models\2x_OpenProteus_Compact_i2_70K.pth --device cuda --backend pytorch --precision auto --pytorch_gpu_id 0 --tilesize 0 --ffmpeg_path E:\WorkBuddy\video-transfer-tools\video_pipeline\.tools\ffmpeg\ffmpeg.exe --overwrite --crf 16 --video_encoder_preset libx264 --audio_encoder_preset aac
2026-09-27 22:46:55,093 [INFO] pipeline.runner: RUN E:\WorkBuddy\video-transfer-tools\video_pipeline\.venv-rve\Scripts\python.exe E:\WorkBuddy\video-transfer-tools\video_pipeline\tools\backend\rve-backend.py -i E:\WorkBuddy\video-transfer-tools\video_pipeline\input\课程\录像18.wmv -o E:\WorkBuddy\video-transfer-tools\video_pipeline\work\current\video_ai.mp4 --upscale_model E:\WorkBuddy\video-transfer-tools\video_pipeline\tools\models\2x_OpenProteus_Compact_i2_70K.pth --device cuda --backend pytorch --precision auto --pytorch_gpu_id 0 --tilesize 0 --ffmpeg_path E:\WorkBuddy\video-transfer-tools\video_pipeline\.tools\ffmpeg\ffmpeg.exe --overwrite --crf 16 --video_encoder_preset libx264 --audio_encoder_preset aac
2026-09-27 22:59:01,909 [INFO] pipeline.runner: EXIT rc=4294967295 726.8s E:\WorkBuddy\video-transfer-tools\video_pipeline\.venv-rve\Scripts\python.exe
2026-09-27 22:59:01,909 [WARNING] pipeline.job.24: GPU OOM，降低超分倍率 2x → 1x 重试
2026-09-27 22:59:01,909 [INFO] adapters.rve: RVE 调用: E:\WorkBuddy\video-transfer-tools\video_pipeline\tools\backend\rve-backend.py -i E:\WorkBuddy\video-transfer-tools\video_pipeline\input\课程\录像18.wmv -o E:\WorkBuddy\video-transfer-tools\video_pipeline\work\current\video_ai.mp4 --device cuda --backend pytorch --precision auto --pytorch_gpu_id 0 --tilesize 0 --ffmpeg_path E:\WorkBuddy\video-transfer-tools\video_pipeline\.tools\ffmpeg\ffmpeg.exe --overwrite --crf 16 --video_encoder_preset libx264 --audio_encoder_preset aac
2026-09-27 22:59:01,911 [INFO] pipeline.runner: RUN E:\WorkBuddy\video-transfer-tools\video_pipeline\.venv-rve\Scripts\python.exe E:\WorkBuddy\video-transfer-tools\video_pipeline\tools\backend\rve-backend.py -i E:\WorkBuddy\video-transfer-tools\video_pipeline\input\课程\录像18.wmv -o E:\WorkBuddy\video-transfer-tools\video_pipeline\work\current\video_ai.mp4 --device cuda --backend pytorch --precision auto --pytorch_gpu_id 0 --tilesize 0 --ffmpeg_path E:\WorkBuddy\video-transfer-tools\video_pipeline\.tools\ffmpeg\ffmpeg.exe --overwrite --crf 16 --video_encoder_preset libx264 --audio_encoder_preset aac
2026-09-28 00:42:44,911 [INFO] pipeline.scheduler: 恢复 1 个被中断的任务
2026-09-28 00:42:44,912 [INFO] pipeline.scheduler: 自动档位：队列 24 个任务，单文件画质 AI 预算 0.5h，压缩修复能力 可用
2026-09-28 00:42:44,913 [INFO] pipeline.scheduler: 调度器启动：max_workspaces=1
2026-09-28 00:42:44,915 [INFO] pipeline.job.25: === 开始处理 E:\WorkBuddy\video-transfer-tools\video_pipeline\input\课程\录像19.wmv ===
2026-09-28 00:42:44,918 [INFO] pipeline.job.25: 自动档位：2x（仅超分） —— 超预算：完整修复约 4.5h > 0.5h，退回 2x（约快 9 倍）
2026-09-28 00:42:44,918 [INFO] pipeline.job.25: 耗时预估：完整档 4.46h / 快速档 0.46h / 单文件预算 0.50h
2026-09-28 00:42:44,918 [INFO] pipeline.job.25: RVE 参数：超分 2x，压缩修复 关，timeout 4.0h
2026-09-28 00:42:44,918 [INFO] adapters.rve: RVE 调用: E:\WorkBuddy\video-transfer-tools\video_pipeline\tools\backend\rve-backend.py -i E:\WorkBuddy\video-transfer-tools\video_pipeline\input\课程\录像19.wmv -o E:\WorkBuddy\video-transfer-tools\video_pipeline\work\current\video_ai.mp4 --upscale_model E:\WorkBuddy\video-transfer-tools\video_pipeline\tools\models\2x_OpenProteus_Compact_i2_70K.pth --device cuda --backend pytorch --precision auto --pytorch_gpu_id 0 --tilesize 0 --ffmpeg_path E:\WorkBuddy\video-transfer-tools\video_pipeline\.tools\ffmpeg\ffmpeg.exe --overwrite --crf 16 --video_encoder_preset libx264 --audio_encoder_preset aac
2026-09-28 00:42:44,918 [INFO] pipeline.runner: RUN E:\WorkBuddy\video-transfer-tools\video_pipeline\.venv-rve\Scripts\python.exe E:\WorkBuddy\video-transfer-tools\video_pipeline\tools\backend\rve-backend.py -i E:\WorkBuddy\video-transfer-tools\video_pipeline\input\课程\录像19.wmv -o E:\WorkBuddy\video-transfer-tools\video_pipeline\work\current\video_ai.mp4 --upscale_model E:\WorkBuddy\video-transfer-tools\video_pipeline\tools\models\2x_OpenProteus_Compact_i2_70K.pth --device cuda --backend pytorch --precision auto --pytorch_gpu_id 0 --tilesize 0 --ffmpeg_path E:\WorkBuddy\video-transfer-tools\video_pipeline\.tools\ffmpeg\ffmpeg.exe --overwrite --crf 16 --video_encoder_preset libx264 --audio_encoder_preset aac
2026-09-28 00:44:30,922 [INFO] pipeline.runner: EXIT rc=3221225477 106.0s E:\WorkBuddy\video-transfer-tools\video_pipeline\.venv-rve\Scripts\python.exe
2026-09-28 00:44:30,923 [ERROR] pipeline.job.25: 任务失败: 系统内存不足（rc=3221225477）: E:\WorkBuddy\video-transfer-tools\video_pipeline\.venv-rve\Scripts\python.exe
2026-09-28 00:45:30,934 [WARNING] pipeline.job.25: 删除 E:\WorkBuddy\video-transfer-tools\video_pipeline\work\current\video_ai.mp4 失败（等待 60s 后仍被占用）: [WinError 32] 另一个程序正在使用此文件，进程无法访问。: 'E:\\WorkBuddy\\video-transfer-tools\\video_pipeline\\work\\current\\video_ai.mp4'
2026-09-28 00:45:30,937 [WARNING] pipeline.job.25: 内存不足 → 跳过本任务，排到队尾后再跑（不阻塞队列）
2026-09-28 00:45:30,941 [WARNING] pipeline.job.25: 进入 RETRY_PENDING (第 1 次)
2026-09-28 00:45:30,941 [INFO] pipeline.job.26: === 开始处理 E:\WorkBuddy\video-transfer-tools\video_pipeline\input\课程\录像20.wmv ===
2026-09-28 00:45:30,947 [INFO] pipeline.job.26: 自动档位：2x（仅超分） —— 超预算：完整修复约 6.5h > 0.5h，退回 2x（约快 9 倍）
2026-09-28 00:45:30,949 [INFO] pipeline.job.26: 耗时预估：完整档 6.52h / 快速档 0.67h / 单文件预算 0.50h
2026-09-28 00:45:30,949 [WARNING] pipeline.job.26: 自动档位提示：即使只做 2x，单文件也约 0.7h > 单文件预算 0.50h（本批共 24 个文件）。预算只用于决定是否启用压缩修复，不会限速；如需消除该提示可调大 video_repair.auto.total_budget_hours
2026-09-28 00:45:30,949 [INFO] pipeline.job.26: RVE 参数：超分 2x，压缩修复 关，timeout 4.0h
2026-09-28 00:45:30,949 [INFO] adapters.rve: RVE 调用: E:\WorkBuddy\video-transfer-tools\video_pipeline\tools\backend\rve-backend.py -i E:\WorkBuddy\video-transfer-tools\video_pipeline\input\课程\录像20.wmv -o E:\WorkBuddy\video-transfer-tools\video_pipeline\work\current\video_ai.mp4 --upscale_model E:\WorkBuddy\video-transfer-tools\video_pipeline\tools\models\2x_OpenProteus_Compact_i2_70K.pth --device cuda --backend pytorch --precision auto --pytorch_gpu_id 0 --tilesize 0 --ffmpeg_path E:\WorkBuddy\video-transfer-tools\video_pipeline\.tools\ffmpeg\ffmpeg.exe --overwrite --crf 16 --video_encoder_preset libx264 --audio_encoder_preset aac
2026-09-28 00:45:53,462 [INFO] pipeline.runner: RUN E:\WorkBuddy\video-transfer-tools\video_pipeline\.venv-rve\Scripts\python.exe E:\WorkBuddy\video-transfer-tools\video_pipeline\tools\backend\rve-backend.py -i E:\WorkBuddy\video-transfer-tools\video_pipeline\input\课程\录像20.wmv -o E:\WorkBuddy\video-transfer-tools\video_pipeline\work\current\video_ai.mp4 --upscale_model E:\WorkBuddy\video-transfer-tools\video_pipeline\tools\models\2x_OpenProteus_Compact_i2_70K.pth --device cuda --backend pytorch --precision auto --pytorch_gpu_id 0 --tilesize 0 --ffmpeg_path E:\WorkBuddy\video-transfer-tools\video_pipeline\.tools\ffmpeg\ffmpeg.exe --overwrite --crf 16 --video_encoder_preset libx264 --audio_encoder_preset aac
2026-09-28 00:53:43,079 [INFO] pipeline.scheduler: 恢复 1 个被中断的任务
2026-09-28 00:53:43,081 [INFO] pipeline.scheduler: 自动档位：队列 24 个任务，单文件画质 AI 预算 0.5h，压缩修复能力 可用
2026-09-28 00:53:43,081 [INFO] pipeline.scheduler: 调度器启动：max_workspaces=1
2026-09-28 00:53:43,081 [INFO] pipeline.job.26: === 开始处理 E:\WorkBuddy\video-transfer-tools\video_pipeline\input\课程\录像20.wmv ===
2026-09-28 00:53:43,085 [INFO] pipeline.job.26: 自动档位：2x（仅超分） —— 超预算：完整修复约 6.5h > 0.5h，退回 2x（约快 9 倍）
2026-09-28 00:53:43,085 [INFO] pipeline.job.26: 耗时预估：完整档 6.52h / 快速档 0.67h / 单文件预算 0.50h
2026-09-28 00:53:43,087 [WARNING] pipeline.job.26: 自动档位提示：即使只做 2x，单文件也约 0.7h > 单文件预算 0.50h（本批共 24 个文件）。预算只用于决定是否启用压缩修复，不会限速；如需消除该提示可调大 video_repair.auto.total_budget_hours
2026-09-28 00:53:43,088 [INFO] pipeline.job.26: RVE 参数：超分 2x，压缩修复 关，timeout 4.0h
2026-09-28 00:53:43,088 [INFO] adapters.rve: RVE 调用: E:\WorkBuddy\video-transfer-tools\video_pipeline\tools\backend\rve-backend.py -i E:\WorkBuddy\video-transfer-tools\video_pipeline\input\课程\录像20.wmv -o E:\WorkBuddy\video-transfer-tools\video_pipeline\work\current\video_ai.mp4 --upscale_model E:\WorkBuddy\video-transfer-tools\video_pipeline\tools\models\2x_OpenProteus_Compact_i2_70K.pth --device cuda --backend pytorch --precision auto --pytorch_gpu_id 0 --tilesize 512 --ffmpeg_path E:\WorkBuddy\video-transfer-tools\video_pipeline\.tools\ffmpeg\ffmpeg.exe --overwrite --crf 16 --video_encoder_preset libx264 --audio_encoder_preset aac
2026-09-28 00:53:43,088 [INFO] pipeline.runner: RUN E:\WorkBuddy\video-transfer-tools\video_pipeline\.venv-rve\Scripts\python.exe E:\WorkBuddy\video-transfer-tools\video_pipeline\tools\backend\rve-backend.py -i E:\WorkBuddy\video-transfer-tools\video_pipeline\input\课程\录像20.wmv -o E:\WorkBuddy\video-transfer-tools\video_pipeline\work\current\video_ai.mp4 --upscale_model E:\WorkBuddy\video-transfer-tools\video_pipeline\tools\models\2x_OpenProteus_Compact_i2_70K.pth --device cuda --backend pytorch --precision auto --pytorch_gpu_id 0 --tilesize 512 --ffmpeg_path E:\WorkBuddy\video-transfer-tools\video_pipeline\.tools\ffmpeg\ffmpeg.exe --overwrite --crf 16 --video_encoder_preset libx264 --audio_encoder_preset aac
2026-09-28 01:38:11,332 [INFO] pipeline.runner: EXIT rc=0 2668.2s E:\WorkBuddy\video-transfer-tools\video_pipeline\.venv-rve\Scripts\python.exe
2026-09-28 01:38:11,333 [INFO] pipeline.job.26: REPAIR_VIDEO 完成 → video_ai.mp4 (0.11 GB)
2026-09-28 01:38:11,335 [INFO] pipeline.runner: RUN ffmpeg -y -i E:\WorkBuddy\video-transfer-tools\video_pipeline\input\课程\录像20.wmv -vn -acodec pcm_s16le -ar 48000 E:\WorkBuddy\video-transfer-tools\video_pipeline\work\current\audio_clean.wav
2026-09-28 01:38:12,466 [INFO] pipeline.runner: EXIT rc=0 1.1s ffmpeg
2026-09-28 01:38:12,469 [INFO] pipeline.runner: RUN ffprobe -v error -print_format json -show_format -show_streams E:\WorkBuddy\video-transfer-tools\video_pipeline\work\current\video_ai.mp4
2026-09-28 01:38:13,858 [INFO] pipeline.runner: EXIT rc=0 1.4s ffprobe
2026-09-28 01:38:13,864 [INFO] pipeline.runner: RUN ffmpeg -hide_banner -encoders
2026-09-28 01:38:13,889 [INFO] pipeline.runner: EXIT rc=0 0.0s ffmpeg
2026-09-28 01:38:13,890 [INFO] adapters.ffmpeg: 尝试编码后端 hevc_qsv (qsv)
2026-09-28 01:38:13,890 [INFO] pipeline.runner: RUN ffmpeg -y -i E:\WorkBuddy\video-transfer-tools\video_pipeline\work\current\video_ai.mp4 -c:v hevc_qsv -preset medium -global_quality 23 -c:a aac -b:a 320k -ar 48000 -movflags +faststart E:\WorkBuddy\video-transfer-tools\video_pipeline\work\current\transcoded.mp4
2026-09-28 01:42:19,894 [INFO] pipeline.runner: EXIT rc=0 246.0s ffmpeg
2026-09-28 01:42:19,894 [INFO] pipeline.job.26: TRANSCODE 完成 → transcoded.mp4
2026-09-28 01:42:19,919 [INFO] pipeline.job.26: 删除临时文件 video_ai.mp4 (117.56 MB)
2026-09-28 01:42:19,925 [INFO] pipeline.runner: RUN ffmpeg -y -i E:\WorkBuddy\video-transfer-tools\video_pipeline\work\current\transcoded.mp4 -i E:\WorkBuddy\video-transfer-tools\video_pipeline\work\current\audio_clean.wav -map 0:v:0 -map 1:a:0 -c:v copy -c:a aac -b:a 320k -ar 48000 -shortest -movflags +faststart -f mp4 E:\WorkBuddy\video-transfer-tools\video_pipeline\output\课程\录像20.mp4.partial
2026-09-28 01:47:29,991 [INFO] pipeline.runner: EXIT rc=0 310.1s ffmpeg
2026-09-28 01:47:30,047 [INFO] pipeline.job.26: 删除临时文件 audio_clean.wav (298.83 MB)
2026-09-28 01:47:30,052 [INFO] pipeline.runner: RUN ffprobe -v error -print_format json -show_format -show_streams E:\WorkBuddy\video-transfer-tools\video_pipeline\output\课程\录像20.mp4.partial
2026-09-28 01:47:30,092 [INFO] pipeline.runner: EXIT rc=0 0.0s ffprobe
2026-09-28 01:47:30,096 [INFO] pipeline.job.26: VERIFY 通过 → E:\WorkBuddy\video-transfer-tools\video_pipeline\output\课程\录像20.mp4
2026-09-28 01:47:30,102 [INFO] pipeline.job.26: === 完成 → E:\WorkBuddy\video-transfer-tools\video_pipeline\output\课程\录像20.mp4 ===
2026-09-28 01:47:30,102 [INFO] pipeline.job.27: === 开始处理 E:\WorkBuddy\video-transfer-tools\video_pipeline\input\课程\录像21.wmv ===
2026-09-28 01:47:30,107 [INFO] pipeline.job.27: 自动档位：2x（仅超分） —— 超预算：完整修复约 3.9h > 0.5h，退回 2x（约快 9 倍）
2026-09-28 01:47:30,107 [INFO] pipeline.job.27: 耗时预估：完整档 3.93h / 快速档 0.41h / 单文件预算 0.50h
2026-09-28 01:47:30,107 [INFO] pipeline.job.27: RVE 参数：超分 2x，压缩修复 关，timeout 4.0h
2026-09-28 01:47:30,111 [INFO] adapters.rve: RVE 调用: E:\WorkBuddy\video-transfer-tools\video_pipeline\tools\backend\rve-backend.py -i E:\WorkBuddy\video-transfer-tools\video_pipeline\input\课程\录像21.wmv -o E:\WorkBuddy\video-transfer-tools\video_pipeline\work\current\video_ai.mp4 --upscale_model E:\WorkBuddy\video-transfer-tools\video_pipeline\tools\models\2x_OpenProteus_Compact_i2_70K.pth --device cuda --backend pytorch --precision auto --pytorch_gpu_id 0 --tilesize 512 --ffmpeg_path E:\WorkBuddy\video-transfer-tools\video_pipeline\.tools\ffmpeg\ffmpeg.exe --overwrite --crf 16 --video_encoder_preset libx264 --audio_encoder_preset aac
2026-09-28 01:47:30,111 [INFO] pipeline.runner: RUN E:\WorkBuddy\video-transfer-tools\video_pipeline\.venv-rve\Scripts\python.exe E:\WorkBuddy\video-transfer-tools\video_pipeline\tools\backend\rve-backend.py -i E:\WorkBuddy\video-transfer-tools\video_pipeline\input\课程\录像21.wmv -o E:\WorkBuddy\video-transfer-tools\video_pipeline\work\current\video_ai.mp4 --upscale_model E:\WorkBuddy\video-transfer-tools\video_pipeline\tools\models\2x_OpenProteus_Compact_i2_70K.pth --device cuda --backend pytorch --precision auto --pytorch_gpu_id 0 --tilesize 512 --ffmpeg_path E:\WorkBuddy\video-transfer-tools\video_pipeline\.tools\ffmpeg\ffmpeg.exe --overwrite --crf 16 --video_encoder_preset libx264 --audio_encoder_preset aac
2026-09-28 01:49:20,239 [INFO] pipeline.runner: EXIT rc=3221225477 110.1s E:\WorkBuddy\video-transfer-tools\video_pipeline\.venv-rve\Scripts\python.exe
2026-09-28 01:49:20,242 [ERROR] pipeline.job.27: 任务失败: 系统内存不足（rc=3221225477）: E:\WorkBuddy\video-transfer-tools\video_pipeline\.venv-rve\Scripts\python.exe
2026-09-28 01:49:20,260 [WARNING] pipeline.job.27: 内存不足 → 跳过本任务，排到队尾后再跑（不阻塞队列）
2026-09-28 01:49:20,268 [WARNING] pipeline.job.27: 进入 RETRY_PENDING (第 1 次)
2026-09-28 01:49:20,273 [INFO] pipeline.job.28: === 开始处理 E:\WorkBuddy\video-transfer-tools\video_pipeline\input\课程\录像22.wmv ===
2026-09-28 01:49:20,285 [INFO] pipeline.job.28: 自动档位：2x（仅超分） —— 超预算：完整修复约 4.1h > 0.5h，退回 2x（约快 9 倍）
2026-09-28 01:49:20,285 [INFO] pipeline.job.28: 耗时预估：完整档 4.14h / 快速档 0.43h / 单文件预算 0.50h
2026-09-28 01:49:20,287 [INFO] pipeline.job.28: RVE 参数：超分 2x，压缩修复 关，timeout 4.0h
2026-09-28 01:49:20,289 [INFO] adapters.rve: RVE 调用: E:\WorkBuddy\video-transfer-tools\video_pipeline\tools\backend\rve-backend.py -i E:\WorkBuddy\video-transfer-tools\video_pipeline\input\课程\录像22.wmv -o E:\WorkBuddy\video-transfer-tools\video_pipeline\work\current\video_ai.mp4 --upscale_model E:\WorkBuddy\video-transfer-tools\video_pipeline\tools\models\2x_OpenProteus_Compact_i2_70K.pth --device cuda --backend pytorch --precision auto --pytorch_gpu_id 0 --tilesize 512 --ffmpeg_path E:\WorkBuddy\video-transfer-tools\video_pipeline\.tools\ffmpeg\ffmpeg.exe --overwrite --crf 16 --video_encoder_preset libx264 --audio_encoder_preset aac
2026-09-28 01:49:20,289 [INFO] pipeline.runner: RUN E:\WorkBuddy\video-transfer-tools\video_pipeline\.venv-rve\Scripts\python.exe E:\WorkBuddy\video-transfer-tools\video_pipeline\tools\backend\rve-backend.py -i E:\WorkBuddy\video-transfer-tools\video_pipeline\input\课程\录像22.wmv -o E:\WorkBuddy\video-transfer-tools\video_pipeline\work\current\video_ai.mp4 --upscale_model E:\WorkBuddy\video-transfer-tools\video_pipeline\tools\models\2x_OpenProteus_Compact_i2_70K.pth --device cuda --backend pytorch --precision auto --pytorch_gpu_id 0 --tilesize 512 --ffmpeg_path E:\WorkBuddy\video-transfer-tools\video_pipeline\.tools\ffmpeg\ffmpeg.exe --overwrite --crf 16 --video_encoder_preset libx264 --audio_encoder_preset aac
2026-09-28 02:18:11,798 [INFO] pipeline.runner: EXIT rc=0 1731.5s E:\WorkBuddy\video-transfer-tools\video_pipeline\.venv-rve\Scripts\python.exe
2026-09-28 02:18:11,802 [INFO] pipeline.job.28: REPAIR_VIDEO 完成 → video_ai.mp4 (0.08 GB)
2026-09-28 02:18:11,809 [INFO] pipeline.runner: RUN ffmpeg -y -i E:\WorkBuddy\video-transfer-tools\video_pipeline\input\课程\录像22.wmv -vn -acodec pcm_s16le -ar 48000 E:\WorkBuddy\video-transfer-tools\video_pipeline\work\current\audio_clean.wav
2026-09-28 02:18:12,551 [INFO] pipeline.runner: EXIT rc=0 0.8s ffmpeg
2026-09-28 02:18:12,558 [INFO] pipeline.runner: RUN ffprobe -v error -print_format json -show_format -show_streams E:\WorkBuddy\video-transfer-tools\video_pipeline\work\current\video_ai.mp4
2026-09-28 02:18:12,683 [INFO] pipeline.runner: EXIT rc=0 0.1s ffprobe
2026-09-28 02:18:12,683 [INFO] adapters.ffmpeg: 尝试编码后端 hevc_qsv (qsv)
2026-09-28 02:18:12,691 [INFO] pipeline.runner: RUN ffmpeg -y -i E:\WorkBuddy\video-transfer-tools\video_pipeline\work\current\video_ai.mp4 -c:v hevc_qsv -preset medium -global_quality 23 -c:a aac -b:a 320k -ar 48000 -movflags +faststart E:\WorkBuddy\video-transfer-tools\video_pipeline\work\current\transcoded.mp4
2026-09-28 02:20:37,342 [INFO] pipeline.runner: EXIT rc=0 144.6s ffmpeg
2026-09-28 02:20:37,343 [INFO] pipeline.job.28: TRANSCODE 完成 → transcoded.mp4
2026-09-28 02:20:37,353 [INFO] pipeline.job.28: 删除临时文件 video_ai.mp4 (84.67 MB)
2026-09-28 02:20:37,355 [INFO] pipeline.runner: RUN ffmpeg -y -i E:\WorkBuddy\video-transfer-tools\video_pipeline\work\current\transcoded.mp4 -i E:\WorkBuddy\video-transfer-tools\video_pipeline\work\current\audio_clean.wav -map 0:v:0 -map 1:a:0 -c:v copy -c:a aac -b:a 320k -ar 48000 -shortest -movflags +faststart -f mp4 E:\WorkBuddy\video-transfer-tools\video_pipeline\output\课程\录像22.mp4.partial
2026-09-28 02:23:29,626 [INFO] pipeline.runner: EXIT rc=0 172.3s ffmpeg
2026-09-28 02:23:29,673 [INFO] pipeline.job.28: 删除临时文件 audio_clean.wav (189.33 MB)
2026-09-28 02:23:29,679 [INFO] pipeline.runner: RUN ffprobe -v error -print_format json -show_format -show_streams E:\WorkBuddy\video-transfer-tools\video_pipeline\output\课程\录像22.mp4.partial
2026-09-28 02:23:29,729 [INFO] pipeline.runner: EXIT rc=0 0.0s ffprobe
2026-09-28 02:23:29,730 [INFO] pipeline.job.28: VERIFY 通过 → E:\WorkBuddy\video-transfer-tools\video_pipeline\output\课程\录像22.mp4
2026-09-28 02:23:29,745 [INFO] pipeline.job.28: === 完成 → E:\WorkBuddy\video-transfer-tools\video_pipeline\output\课程\录像22.mp4 ===
2026-09-28 02:23:29,747 [INFO] pipeline.job.29: === 开始处理 E:\WorkBuddy\video-transfer-tools\video_pipeline\input\课程\录像23.wmv ===
2026-09-28 02:23:29,749 [INFO] pipeline.job.29: 自动档位：2x（仅超分） —— 超预算：完整修复约 6.3h > 0.5h，退回 2x（约快 9 倍）
2026-09-28 02:23:29,754 [INFO] pipeline.job.29: 耗时预估：完整档 6.27h / 快速档 0.65h / 单文件预算 0.50h
2026-09-28 02:23:29,755 [INFO] pipeline.job.29: RVE 参数：超分 2x，压缩修复 关，timeout 4.0h
2026-09-28 02:23:29,755 [INFO] adapters.rve: RVE 调用: E:\WorkBuddy\video-transfer-tools\video_pipeline\tools\backend\rve-backend.py -i E:\WorkBuddy\video-transfer-tools\video_pipeline\input\课程\录像23.wmv -o E:\WorkBuddy\video-transfer-tools\video_pipeline\work\current\video_ai.mp4 --upscale_model E:\WorkBuddy\video-transfer-tools\video_pipeline\tools\models\2x_OpenProteus_Compact_i2_70K.pth --device cuda --backend pytorch --precision auto --pytorch_gpu_id 0 --tilesize 512 --ffmpeg_path E:\WorkBuddy\video-transfer-tools\video_pipeline\.tools\ffmpeg\ffmpeg.exe --overwrite --crf 16 --video_encoder_preset libx264 --audio_encoder_preset aac
2026-09-28 02:23:29,757 [INFO] pipeline.runner: RUN E:\WorkBuddy\video-transfer-tools\video_pipeline\.venv-rve\Scripts\python.exe E:\WorkBuddy\video-transfer-tools\video_pipeline\tools\backend\rve-backend.py -i E:\WorkBuddy\video-transfer-tools\video_pipeline\input\课程\录像23.wmv -o E:\WorkBuddy\video-transfer-tools\video_pipeline\work\current\video_ai.mp4 --upscale_model E:\WorkBuddy\video-transfer-tools\video_pipeline\tools\models\2x_OpenProteus_Compact_i2_70K.pth --device cuda --backend pytorch --precision auto --pytorch_gpu_id 0 --tilesize 512 --ffmpeg_path E:\WorkBuddy\video-transfer-tools\video_pipeline\.tools\ffmpeg\ffmpeg.exe --overwrite --crf 16 --video_encoder_preset libx264 --audio_encoder_preset aac
2026-09-28 03:06:17,512 [INFO] pipeline.runner: EXIT rc=0 2567.8s E:\WorkBuddy\video-transfer-tools\video_pipeline\.venv-rve\Scripts\python.exe
2026-09-28 03:06:17,514 [INFO] pipeline.job.29: REPAIR_VIDEO 完成 → video_ai.mp4 (0.12 GB)
2026-09-28 03:06:17,520 [INFO] pipeline.runner: RUN ffmpeg -y -i E:\WorkBuddy\video-transfer-tools\video_pipeline\input\课程\录像23.wmv -vn -acodec pcm_s16le -ar 48000 E:\WorkBuddy\video-transfer-tools\video_pipeline\work\current\audio_clean.wav
2026-09-28 03:06:18,571 [INFO] pipeline.runner: EXIT rc=0 1.0s ffmpeg
2026-09-28 03:06:18,575 [INFO] pipeline.runner: RUN ffprobe -v error -print_format json -show_format -show_streams E:\WorkBuddy\video-transfer-tools\video_pipeline\work\current\video_ai.mp4
2026-09-28 03:06:18,694 [INFO] pipeline.runner: EXIT rc=0 0.1s ffprobe
2026-09-28 03:06:18,696 [INFO] adapters.ffmpeg: 尝试编码后端 hevc_qsv (qsv)
2026-09-28 03:06:18,698 [INFO] pipeline.runner: RUN ffmpeg -y -i E:\WorkBuddy\video-transfer-tools\video_pipeline\work\current\video_ai.mp4 -c:v hevc_qsv -preset medium -global_quality 23 -c:a aac -b:a 320k -ar 48000 -movflags +faststart E:\WorkBuddy\video-transfer-tools\video_pipeline\work\current\transcoded.mp4
2026-09-28 03:10:25,288 [INFO] pipeline.runner: EXIT rc=0 246.6s ffmpeg
2026-09-28 03:10:25,292 [INFO] pipeline.job.29: TRANSCODE 完成 → transcoded.mp4
2026-09-28 03:10:25,306 [INFO] pipeline.job.29: 删除临时文件 video_ai.mp4 (125.49 MB)
2026-09-28 03:10:25,308 [INFO] pipeline.runner: RUN ffmpeg -y -i E:\WorkBuddy\video-transfer-tools\video_pipeline\work\current\transcoded.mp4 -i E:\WorkBuddy\video-transfer-tools\video_pipeline\work\current\audio_clean.wav -map 0:v:0 -map 1:a:0 -c:v copy -c:a aac -b:a 320k -ar 48000 -shortest -movflags +faststart -f mp4 E:\WorkBuddy\video-transfer-tools\video_pipeline\output\课程\录像23.mp4.partial
2026-09-28 03:14:53,538 [INFO] pipeline.runner: EXIT rc=0 268.2s ffmpeg
2026-09-28 03:14:53,593 [INFO] pipeline.job.29: 删除临时文件 audio_clean.wav (287.57 MB)
2026-09-28 03:14:53,599 [INFO] pipeline.runner: RUN ffprobe -v error -print_format json -show_format -show_streams E:\WorkBuddy\video-transfer-tools\video_pipeline\output\课程\录像23.mp4.partial
2026-09-28 03:14:53,632 [INFO] pipeline.runner: EXIT rc=0 0.0s ffprobe
2026-09-28 03:14:53,634 [INFO] pipeline.job.29: VERIFY 通过 → E:\WorkBuddy\video-transfer-tools\video_pipeline\output\课程\录像23.mp4
2026-09-28 03:14:53,643 [INFO] pipeline.job.29: === 完成 → E:\WorkBuddy\video-transfer-tools\video_pipeline\output\课程\录像23.mp4 ===
2026-09-28 03:14:53,645 [INFO] pipeline.job.30: === 开始处理 E:\WorkBuddy\video-transfer-tools\video_pipeline\input\课程\录像24.wmv ===
2026-09-28 03:14:53,648 [INFO] pipeline.job.30: 自动档位：2x（仅超分） —— 超预算：完整修复约 3.7h > 0.5h，退回 2x（约快 9 倍）
2026-09-28 03:14:53,649 [INFO] pipeline.job.30: 耗时预估：完整档 3.67h / 快速档 0.38h / 单文件预算 0.50h
2026-09-28 03:14:53,649 [INFO] pipeline.job.30: RVE 参数：超分 2x，压缩修复 关，timeout 4.0h
2026-09-28 03:14:53,650 [INFO] adapters.rve: RVE 调用: E:\WorkBuddy\video-transfer-tools\video_pipeline\tools\backend\rve-backend.py -i E:\WorkBuddy\video-transfer-tools\video_pipeline\input\课程\录像24.wmv -o E:\WorkBuddy\video-transfer-tools\video_pipeline\work\current\video_ai.mp4 --upscale_model E:\WorkBuddy\video-transfer-tools\video_pipeline\tools\models\2x_OpenProteus_Compact_i2_70K.pth --device cuda --backend pytorch --precision auto --pytorch_gpu_id 0 --tilesize 512 --ffmpeg_path E:\WorkBuddy\video-transfer-tools\video_pipeline\.tools\ffmpeg\ffmpeg.exe --overwrite --crf 16 --video_encoder_preset libx264 --audio_encoder_preset aac
2026-09-28 03:14:53,650 [INFO] pipeline.runner: RUN E:\WorkBuddy\video-transfer-tools\video_pipeline\.venv-rve\Scripts\python.exe E:\WorkBuddy\video-transfer-tools\video_pipeline\tools\backend\rve-backend.py -i E:\WorkBuddy\video-transfer-tools\video_pipeline\input\课程\录像24.wmv -o E:\WorkBuddy\video-transfer-tools\video_pipeline\work\current\video_ai.mp4 --upscale_model E:\WorkBuddy\video-transfer-tools\video_pipeline\tools\models\2x_OpenProteus_Compact_i2_70K.pth --device cuda --backend pytorch --precision auto --pytorch_gpu_id 0 --tilesize 512 --ffmpeg_path E:\WorkBuddy\video-transfer-tools\video_pipeline\.tools\ffmpeg\ffmpeg.exe --overwrite --crf 16 --video_encoder_preset libx264 --audio_encoder_preset aac
2026-09-28 03:39:51,992 [INFO] pipeline.runner: EXIT rc=0 1498.3s E:\WorkBuddy\video-transfer-tools\video_pipeline\.venv-rve\Scripts\python.exe
2026-09-28 03:39:51,995 [INFO] pipeline.job.30: REPAIR_VIDEO 完成 → video_ai.mp4 (0.07 GB)
2026-09-28 03:39:51,999 [INFO] pipeline.runner: RUN ffmpeg -y -i E:\WorkBuddy\video-transfer-tools\video_pipeline\input\课程\录像24.wmv -vn -acodec pcm_s16le -ar 48000 E:\WorkBuddy\video-transfer-tools\video_pipeline\work\current\audio_clean.wav
2026-09-28 03:39:52,621 [INFO] pipeline.runner: EXIT rc=0 0.6s ffmpeg
2026-09-28 03:39:52,623 [INFO] pipeline.runner: RUN ffprobe -v error -print_format json -show_format -show_streams E:\WorkBuddy\video-transfer-tools\video_pipeline\work\current\video_ai.mp4
2026-09-28 03:39:52,720 [INFO] pipeline.runner: EXIT rc=0 0.1s ffprobe
2026-09-28 03:39:52,723 [INFO] adapters.ffmpeg: 尝试编码后端 hevc_qsv (qsv)
2026-09-28 03:39:52,723 [INFO] pipeline.runner: RUN ffmpeg -y -i E:\WorkBuddy\video-transfer-tools\video_pipeline\work\current\video_ai.mp4 -c:v hevc_qsv -preset medium -global_quality 23 -c:a aac -b:a 320k -ar 48000 -movflags +faststart E:\WorkBuddy\video-transfer-tools\video_pipeline\work\current\transcoded.mp4
2026-09-28 03:42:10,800 [INFO] pipeline.runner: EXIT rc=0 138.1s ffmpeg
2026-09-28 03:42:10,803 [INFO] pipeline.job.30: TRANSCODE 完成 → transcoded.mp4
2026-09-28 03:42:10,809 [INFO] pipeline.job.30: 删除临时文件 video_ai.mp4 (76.08 MB)
2026-09-28 03:42:10,812 [INFO] pipeline.runner: RUN ffmpeg -y -i E:\WorkBuddy\video-transfer-tools\video_pipeline\work\current\transcoded.mp4 -i E:\WorkBuddy\video-transfer-tools\video_pipeline\work\current\audio_clean.wav -map 0:v:0 -map 1:a:0 -c:v copy -c:a aac -b:a 320k -ar 48000 -shortest -movflags +faststart -f mp4 E:\WorkBuddy\video-transfer-tools\video_pipeline\output\课程\录像24.mp4.partial
2026-09-28 03:44:29,917 [INFO] pipeline.runner: EXIT rc=0 139.1s ffmpeg
2026-09-28 03:44:29,953 [INFO] pipeline.job.30: 删除临时文件 audio_clean.wav (168.00 MB)
2026-09-28 03:44:29,956 [INFO] pipeline.runner: RUN ffprobe -v error -print_format json -show_format -show_streams E:\WorkBuddy\video-transfer-tools\video_pipeline\output\课程\录像24.mp4.partial
2026-09-28 03:44:29,984 [INFO] pipeline.runner: EXIT rc=0 0.0s ffprobe
2026-09-28 03:44:29,985 [INFO] pipeline.job.30: VERIFY 通过 → E:\WorkBuddy\video-transfer-tools\video_pipeline\output\课程\录像24.mp4
2026-09-28 03:44:29,992 [INFO] pipeline.job.30: === 完成 → E:\WorkBuddy\video-transfer-tools\video_pipeline\output\课程\录像24.mp4 ===
2026-09-28 03:44:29,994 [INFO] pipeline.job.31: === 开始处理 E:\WorkBuddy\video-transfer-tools\video_pipeline\input\课程\录像25.wmv ===
2026-09-28 03:44:29,997 [INFO] pipeline.job.31: 自动档位：2x（仅超分） —— 超预算：完整修复约 5.7h > 0.5h，退回 2x（约快 9 倍）
2026-09-28 03:44:29,997 [INFO] pipeline.job.31: 耗时预估：完整档 5.68h / 快速档 0.59h / 单文件预算 0.50h
2026-09-28 03:44:29,997 [INFO] pipeline.job.31: RVE 参数：超分 2x，压缩修复 关，timeout 4.0h
2026-09-28 03:44:29,998 [INFO] adapters.rve: RVE 调用: E:\WorkBuddy\video-transfer-tools\video_pipeline\tools\backend\rve-backend.py -i E:\WorkBuddy\video-transfer-tools\video_pipeline\input\课程\录像25.wmv -o E:\WorkBuddy\video-transfer-tools\video_pipeline\work\current\video_ai.mp4 --upscale_model E:\WorkBuddy\video-transfer-tools\video_pipeline\tools\models\2x_OpenProteus_Compact_i2_70K.pth --device cuda --backend pytorch --precision auto --pytorch_gpu_id 0 --tilesize 512 --ffmpeg_path E:\WorkBuddy\video-transfer-tools\video_pipeline\.tools\ffmpeg\ffmpeg.exe --overwrite --crf 16 --video_encoder_preset libx264 --audio_encoder_preset aac
2026-09-28 03:44:29,998 [INFO] pipeline.runner: RUN E:\WorkBuddy\video-transfer-tools\video_pipeline\.venv-rve\Scripts\python.exe E:\WorkBuddy\video-transfer-tools\video_pipeline\tools\backend\rve-backend.py -i E:\WorkBuddy\video-transfer-tools\video_pipeline\input\课程\录像25.wmv -o E:\WorkBuddy\video-transfer-tools\video_pipeline\work\current\video_ai.mp4 --upscale_model E:\WorkBuddy\video-transfer-tools\video_pipeline\tools\models\2x_OpenProteus_Compact_i2_70K.pth --device cuda --backend pytorch --precision auto --pytorch_gpu_id 0 --tilesize 512 --ffmpeg_path E:\WorkBuddy\video-transfer-tools\video_pipeline\.tools\ffmpeg\ffmpeg.exe --overwrite --crf 16 --video_encoder_preset libx264 --audio_encoder_preset aac
2026-09-28 04:23:07,174 [INFO] pipeline.runner: EXIT rc=0 2317.2s E:\WorkBuddy\video-transfer-tools\video_pipeline\.venv-rve\Scripts\python.exe
2026-09-28 04:23:07,174 [INFO] pipeline.job.31: REPAIR_VIDEO 完成 → video_ai.mp4 (0.13 GB)
2026-09-28 04:23:07,180 [INFO] pipeline.runner: RUN ffmpeg -y -i E:\WorkBuddy\video-transfer-tools\video_pipeline\input\课程\录像25.wmv -vn -acodec pcm_s16le -ar 48000 E:\WorkBuddy\video-transfer-tools\video_pipeline\work\current\audio_clean.wav
2026-09-28 04:23:08,129 [INFO] pipeline.runner: EXIT rc=0 1.0s ffmpeg
2026-09-28 04:23:08,132 [INFO] pipeline.runner: RUN ffprobe -v error -print_format json -show_format -show_streams E:\WorkBuddy\video-transfer-tools\video_pipeline\work\current\video_ai.mp4
2026-09-28 04:23:08,238 [INFO] pipeline.runner: EXIT rc=0 0.1s ffprobe
2026-09-28 04:23:08,245 [INFO] adapters.ffmpeg: 尝试编码后端 hevc_qsv (qsv)
2026-09-28 04:23:08,245 [INFO] pipeline.runner: RUN ffmpeg -y -i E:\WorkBuddy\video-transfer-tools\video_pipeline\work\current\video_ai.mp4 -c:v hevc_qsv -preset medium -global_quality 23 -c:a aac -b:a 320k -ar 48000 -movflags +faststart E:\WorkBuddy\video-transfer-tools\video_pipeline\work\current\transcoded.mp4
2026-09-28 04:26:49,705 [INFO] pipeline.runner: EXIT rc=0 221.5s ffmpeg
2026-09-28 04:26:49,708 [INFO] pipeline.job.31: TRANSCODE 完成 → transcoded.mp4
2026-09-28 04:26:49,720 [INFO] pipeline.job.31: 删除临时文件 video_ai.mp4 (128.15 MB)
2026-09-28 04:26:49,722 [INFO] pipeline.runner: RUN ffmpeg -y -i E:\WorkBuddy\video-transfer-tools\video_pipeline\work\current\transcoded.mp4 -i E:\WorkBuddy\video-transfer-tools\video_pipeline\work\current\audio_clean.wav -map 0:v:0 -map 1:a:0 -c:v copy -c:a aac -b:a 320k -ar 48000 -shortest -movflags +faststart -f mp4 E:\WorkBuddy\video-transfer-tools\video_pipeline\output\课程\录像25.mp4.partial
2026-09-28 04:30:53,534 [INFO] pipeline.runner: EXIT rc=0 243.8s ffmpeg
2026-09-28 04:30:53,569 [INFO] pipeline.job.31: 删除临时文件 audio_clean.wav (260.28 MB)
2026-09-28 04:30:53,574 [INFO] pipeline.runner: RUN ffprobe -v error -print_format json -show_format -show_streams E:\WorkBuddy\video-transfer-tools\video_pipeline\output\课程\录像25.mp4.partial
2026-09-28 04:30:53,603 [INFO] pipeline.runner: EXIT rc=0 0.0s ffprobe
2026-09-28 04:30:53,605 [INFO] pipeline.job.31: VERIFY 通过 → E:\WorkBuddy\video-transfer-tools\video_pipeline\output\课程\录像25.mp4
2026-09-28 04:30:53,612 [INFO] pipeline.job.31: === 完成 → E:\WorkBuddy\video-transfer-tools\video_pipeline\output\课程\录像25.mp4 ===
2026-09-28 04:30:53,614 [INFO] pipeline.job.32: === 开始处理 E:\WorkBuddy\video-transfer-tools\video_pipeline\input\课程\录像26.wmv ===
2026-09-28 04:30:53,617 [INFO] pipeline.job.32: 自动档位：2x（仅超分） —— 超预算：完整修复约 5.2h > 0.5h，退回 2x（约快 9 倍）
2026-09-28 04:30:53,617 [INFO] pipeline.job.32: 耗时预估：完整档 5.23h / 快速档 0.54h / 单文件预算 0.50h
2026-09-28 04:30:53,618 [INFO] pipeline.job.32: RVE 参数：超分 2x，压缩修复 关，timeout 4.0h
2026-09-28 04:30:53,618 [INFO] adapters.rve: RVE 调用: E:\WorkBuddy\video-transfer-tools\video_pipeline\tools\backend\rve-backend.py -i E:\WorkBuddy\video-transfer-tools\video_pipeline\input\课程\录像26.wmv -o E:\WorkBuddy\video-transfer-tools\video_pipeline\work\current\video_ai.mp4 --upscale_model E:\WorkBuddy\video-transfer-tools\video_pipeline\tools\models\2x_OpenProteus_Compact_i2_70K.pth --device cuda --backend pytorch --precision auto --pytorch_gpu_id 0 --tilesize 512 --ffmpeg_path E:\WorkBuddy\video-transfer-tools\video_pipeline\.tools\ffmpeg\ffmpeg.exe --overwrite --crf 16 --video_encoder_preset libx264 --audio_encoder_preset aac
2026-09-28 04:30:53,619 [INFO] pipeline.runner: RUN E:\WorkBuddy\video-transfer-tools\video_pipeline\.venv-rve\Scripts\python.exe E:\WorkBuddy\video-transfer-tools\video_pipeline\tools\backend\rve-backend.py -i E:\WorkBuddy\video-transfer-tools\video_pipeline\input\课程\录像26.wmv -o E:\WorkBuddy\video-transfer-tools\video_pipeline\work\current\video_ai.mp4 --upscale_model E:\WorkBuddy\video-transfer-tools\video_pipeline\tools\models\2x_OpenProteus_Compact_i2_70K.pth --device cuda --backend pytorch --precision auto --pytorch_gpu_id 0 --tilesize 512 --ffmpeg_path E:\WorkBuddy\video-transfer-tools\video_pipeline\.tools\ffmpeg\ffmpeg.exe --overwrite --crf 16 --video_encoder_preset libx264 --audio_encoder_preset aac
2026-09-28 05:06:26,396 [INFO] pipeline.runner: EXIT rc=0 2132.8s E:\WorkBuddy\video-transfer-tools\video_pipeline\.venv-rve\Scripts\python.exe
2026-09-28 05:06:26,401 [INFO] pipeline.job.32: REPAIR_VIDEO 完成 → video_ai.mp4 (0.09 GB)
2026-09-28 05:06:26,407 [INFO] pipeline.runner: RUN ffmpeg -y -i E:\WorkBuddy\video-transfer-tools\video_pipeline\input\课程\录像26.wmv -vn -acodec pcm_s16le -ar 48000 E:\WorkBuddy\video-transfer-tools\video_pipeline\work\current\audio_clean.wav
2026-09-28 05:06:27,284 [INFO] pipeline.runner: EXIT rc=0 0.9s ffmpeg
2026-09-28 05:06:27,287 [INFO] pipeline.runner: RUN ffprobe -v error -print_format json -show_format -show_streams E:\WorkBuddy\video-transfer-tools\video_pipeline\work\current\video_ai.mp4
2026-09-28 05:06:27,396 [INFO] pipeline.runner: EXIT rc=0 0.1s ffprobe
2026-09-28 05:06:27,403 [INFO] adapters.ffmpeg: 尝试编码后端 hevc_qsv (qsv)
2026-09-28 05:06:27,405 [INFO] pipeline.runner: RUN ffmpeg -y -i E:\WorkBuddy\video-transfer-tools\video_pipeline\work\current\video_ai.mp4 -c:v hevc_qsv -preset medium -global_quality 23 -c:a aac -b:a 320k -ar 48000 -movflags +faststart E:\WorkBuddy\video-transfer-tools\video_pipeline\work\current\transcoded.mp4
2026-09-28 05:09:49,761 [INFO] pipeline.runner: EXIT rc=0 202.4s ffmpeg
2026-09-28 05:09:49,764 [INFO] pipeline.job.32: TRANSCODE 完成 → transcoded.mp4
2026-09-28 05:09:49,790 [INFO] pipeline.job.32: 删除临时文件 video_ai.mp4 (93.88 MB)
2026-09-28 05:09:49,793 [INFO] pipeline.runner: RUN ffmpeg -y -i E:\WorkBuddy\video-transfer-tools\video_pipeline\work\current\transcoded.mp4 -i E:\WorkBuddy\video-transfer-tools\video_pipeline\work\current\audio_clean.wav -map 0:v:0 -map 1:a:0 -c:v copy -c:a aac -b:a 320k -ar 48000 -shortest -movflags +faststart -f mp4 E:\WorkBuddy\video-transfer-tools\video_pipeline\output\课程\录像26.mp4.partial
2026-09-28 05:13:11,824 [INFO] pipeline.runner: EXIT rc=0 202.0s ffmpeg
2026-09-28 05:13:11,865 [INFO] pipeline.job.32: 删除临时文件 audio_clean.wav (239.32 MB)
2026-09-28 05:13:11,867 [INFO] pipeline.runner: RUN ffprobe -v error -print_format json -show_format -show_streams E:\WorkBuddy\video-transfer-tools\video_pipeline\output\课程\录像26.mp4.partial
2026-09-28 05:13:11,902 [INFO] pipeline.runner: EXIT rc=0 0.0s ffprobe
2026-09-28 05:13:11,905 [INFO] pipeline.job.32: VERIFY 通过 → E:\WorkBuddy\video-transfer-tools\video_pipeline\output\课程\录像26.mp4
2026-09-28 05:13:11,913 [INFO] pipeline.job.32: === 完成 → E:\WorkBuddy\video-transfer-tools\video_pipeline\output\课程\录像26.mp4 ===
2026-09-28 05:13:11,915 [INFO] pipeline.job.33: === 开始处理 E:\WorkBuddy\video-transfer-tools\video_pipeline\input\课程\录像27.wmv ===
2026-09-28 05:13:11,917 [INFO] pipeline.job.33: 自动档位：2x（仅超分） —— 超预算：完整修复约 4.7h > 0.5h，退回 2x（约快 9 倍）
2026-09-28 05:13:11,917 [INFO] pipeline.job.33: 耗时预估：完整档 4.68h / 快速档 0.48h / 单文件预算 0.50h
2026-09-28 05:13:11,917 [INFO] pipeline.job.33: RVE 参数：超分 2x，压缩修复 关，timeout 4.0h
2026-09-28 05:13:11,917 [INFO] adapters.rve: RVE 调用: E:\WorkBuddy\video-transfer-tools\video_pipeline\tools\backend\rve-backend.py -i E:\WorkBuddy\video-transfer-tools\video_pipeline\input\课程\录像27.wmv -o E:\WorkBuddy\video-transfer-tools\video_pipeline\work\current\video_ai.mp4 --upscale_model E:\WorkBuddy\video-transfer-tools\video_pipeline\tools\models\2x_OpenProteus_Compact_i2_70K.pth --device cuda --backend pytorch --precision auto --pytorch_gpu_id 0 --tilesize 512 --ffmpeg_path E:\WorkBuddy\video-transfer-tools\video_pipeline\.tools\ffmpeg\ffmpeg.exe --overwrite --crf 16 --video_encoder_preset libx264 --audio_encoder_preset aac
2026-09-28 05:13:11,917 [INFO] pipeline.runner: RUN E:\WorkBuddy\video-transfer-tools\video_pipeline\.venv-rve\Scripts\python.exe E:\WorkBuddy\video-transfer-tools\video_pipeline\tools\backend\rve-backend.py -i E:\WorkBuddy\video-transfer-tools\video_pipeline\input\课程\录像27.wmv -o E:\WorkBuddy\video-transfer-tools\video_pipeline\work\current\video_ai.mp4 --upscale_model E:\WorkBuddy\video-transfer-tools\video_pipeline\tools\models\2x_OpenProteus_Compact_i2_70K.pth --device cuda --backend pytorch --precision auto --pytorch_gpu_id 0 --tilesize 512 --ffmpeg_path E:\WorkBuddy\video-transfer-tools\video_pipeline\.tools\ffmpeg\ffmpeg.exe --overwrite --crf 16 --video_encoder_preset libx264 --audio_encoder_preset aac
2026-09-28 05:45:04,133 [INFO] pipeline.runner: EXIT rc=0 1912.2s E:\WorkBuddy\video-transfer-tools\video_pipeline\.venv-rve\Scripts\python.exe
2026-09-28 05:45:04,136 [INFO] pipeline.job.33: REPAIR_VIDEO 完成 → video_ai.mp4 (0.09 GB)
2026-09-28 05:45:04,138 [INFO] pipeline.runner: RUN ffmpeg -y -i E:\WorkBuddy\video-transfer-tools\video_pipeline\input\课程\录像27.wmv -vn -acodec pcm_s16le -ar 48000 E:\WorkBuddy\video-transfer-tools\video_pipeline\work\current\audio_clean.wav
2026-09-28 05:45:04,968 [INFO] pipeline.runner: EXIT rc=0 0.8s ffmpeg
2026-09-28 05:45:04,973 [INFO] pipeline.runner: RUN ffprobe -v error -print_format json -show_format -show_streams E:\WorkBuddy\video-transfer-tools\video_pipeline\work\current\video_ai.mp4
2026-09-28 05:45:05,089 [INFO] pipeline.runner: EXIT rc=0 0.1s ffprobe
2026-09-28 05:45:05,091 [INFO] adapters.ffmpeg: 尝试编码后端 hevc_qsv (qsv)
2026-09-28 05:45:05,092 [INFO] pipeline.runner: RUN ffmpeg -y -i E:\WorkBuddy\video-transfer-tools\video_pipeline\work\current\video_ai.mp4 -c:v hevc_qsv -preset medium -global_quality 23 -c:a aac -b:a 320k -ar 48000 -movflags +faststart E:\WorkBuddy\video-transfer-tools\video_pipeline\work\current\transcoded.mp4
2026-09-28 05:48:04,068 [INFO] pipeline.runner: EXIT rc=0 179.0s ffmpeg
2026-09-28 05:48:04,074 [INFO] pipeline.job.33: TRANSCODE 完成 → transcoded.mp4
2026-09-28 05:48:04,085 [INFO] pipeline.job.33: 删除临时文件 video_ai.mp4 (96.55 MB)
2026-09-28 05:48:04,087 [INFO] pipeline.runner: RUN ffmpeg -y -i E:\WorkBuddy\video-transfer-tools\video_pipeline\work\current\transcoded.mp4 -i E:\WorkBuddy\video-transfer-tools\video_pipeline\work\current\audio_clean.wav -map 0:v:0 -map 1:a:0 -c:v copy -c:a aac -b:a 320k -ar 48000 -shortest -movflags +faststart -f mp4 E:\WorkBuddy\video-transfer-tools\video_pipeline\output\课程\录像27.mp4.partial
2026-09-28 05:51:21,798 [INFO] pipeline.runner: EXIT rc=0 197.7s ffmpeg
2026-09-28 05:51:21,824 [INFO] pipeline.job.33: 删除临时文件 audio_clean.wav (214.23 MB)
2026-09-28 05:51:21,829 [INFO] pipeline.runner: RUN ffprobe -v error -print_format json -show_format -show_streams E:\WorkBuddy\video-transfer-tools\video_pipeline\output\课程\录像27.mp4.partial
2026-09-28 05:51:21,859 [INFO] pipeline.runner: EXIT rc=0 0.0s ffprobe
2026-09-28 05:51:21,860 [INFO] pipeline.job.33: VERIFY 通过 → E:\WorkBuddy\video-transfer-tools\video_pipeline\output\课程\录像27.mp4
2026-09-28 05:51:21,867 [INFO] pipeline.job.33: === 完成 → E:\WorkBuddy\video-transfer-tools\video_pipeline\output\课程\录像27.mp4 ===
2026-09-28 05:51:21,869 [INFO] pipeline.job.34: === 开始处理 E:\WorkBuddy\video-transfer-tools\video_pipeline\input\课程\录像28.wmv ===
2026-09-28 05:51:21,871 [INFO] pipeline.job.34: 自动档位：2x（仅超分） —— 超预算：完整修复约 5.7h > 0.5h，退回 2x（约快 9 倍）
2026-09-28 05:51:21,871 [INFO] pipeline.job.34: 耗时预估：完整档 5.67h / 快速档 0.59h / 单文件预算 0.50h
2026-09-28 05:51:21,871 [INFO] pipeline.job.34: RVE 参数：超分 2x，压缩修复 关，timeout 4.0h
2026-09-28 05:51:21,871 [INFO] adapters.rve: RVE 调用: E:\WorkBuddy\video-transfer-tools\video_pipeline\tools\backend\rve-backend.py -i E:\WorkBuddy\video-transfer-tools\video_pipeline\input\课程\录像28.wmv -o E:\WorkBuddy\video-transfer-tools\video_pipeline\work\current\video_ai.mp4 --upscale_model E:\WorkBuddy\video-transfer-tools\video_pipeline\tools\models\2x_OpenProteus_Compact_i2_70K.pth --device cuda --backend pytorch --precision auto --pytorch_gpu_id 0 --tilesize 512 --ffmpeg_path E:\WorkBuddy\video-transfer-tools\video_pipeline\.tools\ffmpeg\ffmpeg.exe --overwrite --crf 16 --video_encoder_preset libx264 --audio_encoder_preset aac
2026-09-28 05:51:21,875 [INFO] pipeline.runner: RUN E:\WorkBuddy\video-transfer-tools\video_pipeline\.venv-rve\Scripts\python.exe E:\WorkBuddy\video-transfer-tools\video_pipeline\tools\backend\rve-backend.py -i E:\WorkBuddy\video-transfer-tools\video_pipeline\input\课程\录像28.wmv -o E:\WorkBuddy\video-transfer-tools\video_pipeline\work\current\video_ai.mp4 --upscale_model E:\WorkBuddy\video-transfer-tools\video_pipeline\tools\models\2x_OpenProteus_Compact_i2_70K.pth --device cuda --backend pytorch --precision auto --pytorch_gpu_id 0 --tilesize 512 --ffmpeg_path E:\WorkBuddy\video-transfer-tools\video_pipeline\.tools\ffmpeg\ffmpeg.exe --overwrite --crf 16 --video_encoder_preset libx264 --audio_encoder_preset aac
2026-09-28 06:30:00,393 [INFO] pipeline.runner: EXIT rc=0 2318.5s E:\WorkBuddy\video-transfer-tools\video_pipeline\.venv-rve\Scripts\python.exe
2026-09-28 06:30:00,398 [INFO] pipeline.job.34: REPAIR_VIDEO 完成 → video_ai.mp4 (0.12 GB)
2026-09-28 06:30:00,400 [INFO] pipeline.runner: RUN ffmpeg -y -i E:\WorkBuddy\video-transfer-tools\video_pipeline\input\课程\录像28.wmv -vn -acodec pcm_s16le -ar 48000 E:\WorkBuddy\video-transfer-tools\video_pipeline\work\current\audio_clean.wav
2026-09-28 06:30:01,364 [INFO] pipeline.runner: EXIT rc=0 1.0s ffmpeg
2026-09-28 06:30:01,364 [INFO] pipeline.runner: RUN ffprobe -v error -print_format json -show_format -show_streams E:\WorkBuddy\video-transfer-tools\video_pipeline\work\current\video_ai.mp4
2026-09-28 06:30:01,477 [INFO] pipeline.runner: EXIT rc=0 0.1s ffprobe
2026-09-28 06:30:01,483 [INFO] adapters.ffmpeg: 尝试编码后端 hevc_qsv (qsv)
2026-09-28 06:30:01,485 [INFO] pipeline.runner: RUN ffmpeg -y -i E:\WorkBuddy\video-transfer-tools\video_pipeline\work\current\video_ai.mp4 -c:v hevc_qsv -preset medium -global_quality 23 -c:a aac -b:a 320k -ar 48000 -movflags +faststart E:\WorkBuddy\video-transfer-tools\video_pipeline\work\current\transcoded.mp4
2026-09-28 06:33:38,555 [INFO] pipeline.runner: EXIT rc=0 217.1s ffmpeg
2026-09-28 06:33:38,558 [INFO] pipeline.job.34: TRANSCODE 完成 → transcoded.mp4
2026-09-28 06:33:38,573 [INFO] pipeline.job.34: 删除临时文件 video_ai.mp4 (118.88 MB)
2026-09-28 06:33:38,575 [INFO] pipeline.runner: RUN ffmpeg -y -i E:\WorkBuddy\video-transfer-tools\video_pipeline\work\current\transcoded.mp4 -i E:\WorkBuddy\video-transfer-tools\video_pipeline\work\current\audio_clean.wav -map 0:v:0 -map 1:a:0 -c:v copy -c:a aac -b:a 320k -ar 48000 -shortest -movflags +faststart -f mp4 E:\WorkBuddy\video-transfer-tools\video_pipeline\output\课程\录像28.mp4.partial
2026-09-28 06:37:45,274 [INFO] pipeline.runner: EXIT rc=0 246.7s ffmpeg
2026-09-28 06:37:45,306 [INFO] pipeline.job.34: 删除临时文件 audio_clean.wav (260.01 MB)
2026-09-28 06:37:45,309 [INFO] pipeline.runner: RUN ffprobe -v error -print_format json -show_format -show_streams E:\WorkBuddy\video-transfer-tools\video_pipeline\output\课程\录像28.mp4.partial
2026-09-28 06:37:45,345 [INFO] pipeline.runner: EXIT rc=0 0.0s ffprobe
2026-09-28 06:37:45,347 [INFO] pipeline.job.34: VERIFY 通过 → E:\WorkBuddy\video-transfer-tools\video_pipeline\output\课程\录像28.mp4
2026-09-28 06:37:45,355 [INFO] pipeline.job.34: === 完成 → E:\WorkBuddy\video-transfer-tools\video_pipeline\output\课程\录像28.mp4 ===
2026-09-28 06:37:45,357 [INFO] pipeline.job.35: === 开始处理 E:\WorkBuddy\video-transfer-tools\video_pipeline\input\课程\录像29.wmv ===
2026-09-28 06:37:45,360 [INFO] pipeline.job.35: 自动档位：2x（仅超分） —— 超预算：完整修复约 4.9h > 0.5h，退回 2x（约快 9 倍）
2026-09-28 06:37:45,361 [INFO] pipeline.job.35: 耗时预估：完整档 4.88h / 快速档 0.50h / 单文件预算 0.50h
2026-09-28 06:37:45,362 [INFO] pipeline.job.35: RVE 参数：超分 2x，压缩修复 关，timeout 4.0h
2026-09-28 06:37:45,363 [INFO] adapters.rve: RVE 调用: E:\WorkBuddy\video-transfer-tools\video_pipeline\tools\backend\rve-backend.py -i E:\WorkBuddy\video-transfer-tools\video_pipeline\input\课程\录像29.wmv -o E:\WorkBuddy\video-transfer-tools\video_pipeline\work\current\video_ai.mp4 --upscale_model E:\WorkBuddy\video-transfer-tools\video_pipeline\tools\models\2x_OpenProteus_Compact_i2_70K.pth --device cuda --backend pytorch --precision auto --pytorch_gpu_id 0 --tilesize 512 --ffmpeg_path E:\WorkBuddy\video-transfer-tools\video_pipeline\.tools\ffmpeg\ffmpeg.exe --overwrite --crf 16 --video_encoder_preset libx264 --audio_encoder_preset aac
2026-09-28 06:37:45,363 [INFO] pipeline.runner: RUN E:\WorkBuddy\video-transfer-tools\video_pipeline\.venv-rve\Scripts\python.exe E:\WorkBuddy\video-transfer-tools\video_pipeline\tools\backend\rve-backend.py -i E:\WorkBuddy\video-transfer-tools\video_pipeline\input\课程\录像29.wmv -o E:\WorkBuddy\video-transfer-tools\video_pipeline\work\current\video_ai.mp4 --upscale_model E:\WorkBuddy\video-transfer-tools\video_pipeline\tools\models\2x_OpenProteus_Compact_i2_70K.pth --device cuda --backend pytorch --precision auto --pytorch_gpu_id 0 --tilesize 512 --ffmpeg_path E:\WorkBuddy\video-transfer-tools\video_pipeline\.tools\ffmpeg\ffmpeg.exe --overwrite --crf 16 --video_encoder_preset libx264 --audio_encoder_preset aac
2026-09-28 07:10:56,664 [INFO] pipeline.runner: EXIT rc=0 1991.3s E:\WorkBuddy\video-transfer-tools\video_pipeline\.venv-rve\Scripts\python.exe
2026-09-28 07:10:56,667 [INFO] pipeline.job.35: REPAIR_VIDEO 完成 → video_ai.mp4 (0.09 GB)
2026-09-28 07:10:56,669 [INFO] pipeline.runner: RUN ffmpeg -y -i E:\WorkBuddy\video-transfer-tools\video_pipeline\input\课程\录像29.wmv -vn -acodec pcm_s16le -ar 48000 E:\WorkBuddy\video-transfer-tools\video_pipeline\work\current\audio_clean.wav
2026-09-28 07:10:57,499 [INFO] pipeline.runner: EXIT rc=0 0.8s ffmpeg
2026-09-28 07:10:57,502 [INFO] pipeline.runner: RUN ffprobe -v error -print_format json -show_format -show_streams E:\WorkBuddy\video-transfer-tools\video_pipeline\work\current\video_ai.mp4
2026-09-28 07:10:57,608 [INFO] pipeline.runner: EXIT rc=0 0.1s ffprobe
2026-09-28 07:10:57,614 [INFO] adapters.ffmpeg: 尝试编码后端 hevc_qsv (qsv)
2026-09-28 07:10:57,614 [INFO] pipeline.runner: RUN ffmpeg -y -i E:\WorkBuddy\video-transfer-tools\video_pipeline\work\current\video_ai.mp4 -c:v hevc_qsv -preset medium -global_quality 23 -c:a aac -b:a 320k -ar 48000 -movflags +faststart E:\WorkBuddy\video-transfer-tools\video_pipeline\work\current\transcoded.mp4
2026-09-28 07:14:02,904 [INFO] pipeline.runner: EXIT rc=0 185.3s ffmpeg
2026-09-28 07:14:02,906 [INFO] pipeline.job.35: TRANSCODE 完成 → transcoded.mp4
2026-09-28 07:14:02,916 [INFO] pipeline.job.35: 删除临时文件 video_ai.mp4 (93.17 MB)
2026-09-28 07:14:02,918 [INFO] pipeline.runner: RUN ffmpeg -y -i E:\WorkBuddy\video-transfer-tools\video_pipeline\work\current\transcoded.mp4 -i E:\WorkBuddy\video-transfer-tools\video_pipeline\work\current\audio_clean.wav -map 0:v:0 -map 1:a:0 -c:v copy -c:a aac -b:a 320k -ar 48000 -shortest -movflags +faststart -f mp4 E:\WorkBuddy\video-transfer-tools\video_pipeline\output\课程\录像29.mp4.partial
2026-09-28 07:16:57,417 [INFO] pipeline.runner: EXIT rc=0 174.5s ffmpeg
2026-09-28 07:16:57,448 [INFO] pipeline.job.35: 删除临时文件 audio_clean.wav (223.48 MB)
2026-09-28 07:16:57,453 [INFO] pipeline.runner: RUN ffprobe -v error -print_format json -show_format -show_streams E:\WorkBuddy\video-transfer-tools\video_pipeline\output\课程\录像29.mp4.partial
2026-09-28 07:16:57,485 [INFO] pipeline.runner: EXIT rc=0 0.0s ffprobe
2026-09-28 07:16:57,487 [INFO] pipeline.job.35: VERIFY 通过 → E:\WorkBuddy\video-transfer-tools\video_pipeline\output\课程\录像29.mp4
2026-09-28 07:16:57,495 [INFO] pipeline.job.35: === 完成 → E:\WorkBuddy\video-transfer-tools\video_pipeline\output\课程\录像29.mp4 ===
2026-09-28 07:16:57,496 [INFO] pipeline.job.36: === 开始处理 E:\WorkBuddy\video-transfer-tools\video_pipeline\input\课程\录像30.wmv ===
2026-09-28 07:16:57,499 [INFO] pipeline.job.36: 自动档位：2x（仅超分） —— 超预算：完整修复约 3.2h > 0.5h，退回 2x（约快 9 倍）
2026-09-28 07:16:57,500 [INFO] pipeline.job.36: 耗时预估：完整档 3.23h / 快速档 0.34h / 单文件预算 0.50h
2026-09-28 07:16:57,501 [INFO] pipeline.job.36: RVE 参数：超分 2x，压缩修复 关，timeout 4.0h
2026-09-28 07:16:57,501 [INFO] adapters.rve: RVE 调用: E:\WorkBuddy\video-transfer-tools\video_pipeline\tools\backend\rve-backend.py -i E:\WorkBuddy\video-transfer-tools\video_pipeline\input\课程\录像30.wmv -o E:\WorkBuddy\video-transfer-tools\video_pipeline\work\current\video_ai.mp4 --upscale_model E:\WorkBuddy\video-transfer-tools\video_pipeline\tools\models\2x_OpenProteus_Compact_i2_70K.pth --device cuda --backend pytorch --precision auto --pytorch_gpu_id 0 --tilesize 512 --ffmpeg_path E:\WorkBuddy\video-transfer-tools\video_pipeline\.tools\ffmpeg\ffmpeg.exe --overwrite --crf 16 --video_encoder_preset libx264 --audio_encoder_preset aac
2026-09-28 07:16:57,502 [INFO] pipeline.runner: RUN E:\WorkBuddy\video-transfer-tools\video_pipeline\.venv-rve\Scripts\python.exe E:\WorkBuddy\video-transfer-tools\video_pipeline\tools\backend\rve-backend.py -i E:\WorkBuddy\video-transfer-tools\video_pipeline\input\课程\录像30.wmv -o E:\WorkBuddy\video-transfer-tools\video_pipeline\work\current\video_ai.mp4 --upscale_model E:\WorkBuddy\video-transfer-tools\video_pipeline\tools\models\2x_OpenProteus_Compact_i2_70K.pth --device cuda --backend pytorch --precision auto --pytorch_gpu_id 0 --tilesize 512 --ffmpeg_path E:\WorkBuddy\video-transfer-tools\video_pipeline\.tools\ffmpeg\ffmpeg.exe --overwrite --crf 16 --video_encoder_preset libx264 --audio_encoder_preset aac
2026-09-28 07:38:57,843 [INFO] pipeline.runner: EXIT rc=0 1320.3s E:\WorkBuddy\video-transfer-tools\video_pipeline\.venv-rve\Scripts\python.exe
2026-09-28 07:38:57,845 [INFO] pipeline.job.36: REPAIR_VIDEO 完成 → video_ai.mp4 (0.07 GB)
2026-09-28 07:38:57,850 [INFO] pipeline.runner: RUN ffmpeg -y -i E:\WorkBuddy\video-transfer-tools\video_pipeline\input\课程\录像30.wmv -vn -acodec pcm_s16le -ar 48000 E:\WorkBuddy\video-transfer-tools\video_pipeline\work\current\audio_clean.wav
2026-09-28 07:38:58,394 [INFO] pipeline.runner: EXIT rc=0 0.5s ffmpeg
2026-09-28 07:38:58,397 [INFO] pipeline.runner: RUN ffprobe -v error -print_format json -show_format -show_streams E:\WorkBuddy\video-transfer-tools\video_pipeline\work\current\video_ai.mp4
2026-09-28 07:38:58,505 [INFO] pipeline.runner: EXIT rc=0 0.1s ffprobe
2026-09-28 07:38:58,510 [INFO] adapters.ffmpeg: 尝试编码后端 hevc_qsv (qsv)
2026-09-28 07:38:58,511 [INFO] pipeline.runner: RUN ffmpeg -y -i E:\WorkBuddy\video-transfer-tools\video_pipeline\work\current\video_ai.mp4 -c:v hevc_qsv -preset medium -global_quality 23 -c:a aac -b:a 320k -ar 48000 -movflags +faststart E:\WorkBuddy\video-transfer-tools\video_pipeline\work\current\transcoded.mp4
2026-09-28 07:40:55,226 [INFO] pipeline.runner: EXIT rc=0 116.7s ffmpeg
2026-09-28 07:40:55,228 [INFO] pipeline.job.36: TRANSCODE 完成 → transcoded.mp4
2026-09-28 07:40:55,235 [INFO] pipeline.job.36: 删除临时文件 video_ai.mp4 (70.93 MB)
2026-09-28 07:40:55,238 [INFO] pipeline.runner: RUN ffmpeg -y -i E:\WorkBuddy\video-transfer-tools\video_pipeline\work\current\transcoded.mp4 -i E:\WorkBuddy\video-transfer-tools\video_pipeline\work\current\audio_clean.wav -map 0:v:0 -map 1:a:0 -c:v copy -c:a aac -b:a 320k -ar 48000 -shortest -movflags +faststart -f mp4 E:\WorkBuddy\video-transfer-tools\video_pipeline\output\课程\录像30.mp4.partial
2026-09-28 07:42:44,816 [INFO] pipeline.runner: EXIT rc=0 109.6s ffmpeg
2026-09-28 07:42:44,851 [INFO] pipeline.job.36: 删除临时文件 audio_clean.wav (147.77 MB)
2026-09-28 07:42:44,856 [INFO] pipeline.runner: RUN ffprobe -v error -print_format json -show_format -show_streams E:\WorkBuddy\video-transfer-tools\video_pipeline\output\课程\录像30.mp4.partial
2026-09-28 07:42:44,883 [INFO] pipeline.runner: EXIT rc=0 0.0s ffprobe
2026-09-28 07:42:44,885 [INFO] pipeline.job.36: VERIFY 通过 → E:\WorkBuddy\video-transfer-tools\video_pipeline\output\课程\录像30.mp4
2026-09-28 07:42:44,894 [INFO] pipeline.job.36: === 完成 → E:\WorkBuddy\video-transfer-tools\video_pipeline\output\课程\录像30.mp4 ===
2026-09-28 07:42:44,895 [INFO] pipeline.job.37: === 开始处理 E:\WorkBuddy\video-transfer-tools\video_pipeline\input\课程\录像31.wmv ===
2026-09-28 07:42:44,898 [INFO] pipeline.job.37: 自动档位：2x（仅超分） —— 超预算：完整修复约 5.0h > 0.5h，退回 2x（约快 9 倍）
2026-09-28 07:42:44,898 [INFO] pipeline.job.37: 耗时预估：完整档 5.00h / 快速档 0.52h / 单文件预算 0.50h
2026-09-28 07:42:44,900 [INFO] pipeline.job.37: RVE 参数：超分 2x，压缩修复 关，timeout 4.0h
2026-09-28 07:42:44,900 [INFO] adapters.rve: RVE 调用: E:\WorkBuddy\video-transfer-tools\video_pipeline\tools\backend\rve-backend.py -i E:\WorkBuddy\video-transfer-tools\video_pipeline\input\课程\录像31.wmv -o E:\WorkBuddy\video-transfer-tools\video_pipeline\work\current\video_ai.mp4 --upscale_model E:\WorkBuddy\video-transfer-tools\video_pipeline\tools\models\2x_OpenProteus_Compact_i2_70K.pth --device cuda --backend pytorch --precision auto --pytorch_gpu_id 0 --tilesize 512 --ffmpeg_path E:\WorkBuddy\video-transfer-tools\video_pipeline\.tools\ffmpeg\ffmpeg.exe --overwrite --crf 16 --video_encoder_preset libx264 --audio_encoder_preset aac
2026-09-28 07:42:44,900 [INFO] pipeline.runner: RUN E:\WorkBuddy\video-transfer-tools\video_pipeline\.venv-rve\Scripts\python.exe E:\WorkBuddy\video-transfer-tools\video_pipeline\tools\backend\rve-backend.py -i E:\WorkBuddy\video-transfer-tools\video_pipeline\input\课程\录像31.wmv -o E:\WorkBuddy\video-transfer-tools\video_pipeline\work\current\video_ai.mp4 --upscale_model E:\WorkBuddy\video-transfer-tools\video_pipeline\tools\models\2x_OpenProteus_Compact_i2_70K.pth --device cuda --backend pytorch --precision auto --pytorch_gpu_id 0 --tilesize 512 --ffmpeg_path E:\WorkBuddy\video-transfer-tools\video_pipeline\.tools\ffmpeg\ffmpeg.exe --overwrite --crf 16 --video_encoder_preset libx264 --audio_encoder_preset aac
2026-09-28 08:16:48,375 [INFO] pipeline.runner: EXIT rc=0 2043.5s E:\WorkBuddy\video-transfer-tools\video_pipeline\.venv-rve\Scripts\python.exe
2026-09-28 08:16:48,377 [INFO] pipeline.job.37: REPAIR_VIDEO 完成 → video_ai.mp4 (0.11 GB)
2026-09-28 08:16:48,380 [INFO] pipeline.runner: RUN ffmpeg -y -i E:\WorkBuddy\video-transfer-tools\video_pipeline\input\课程\录像31.wmv -vn -acodec pcm_s16le -ar 48000 E:\WorkBuddy\video-transfer-tools\video_pipeline\work\current\audio_clean.wav
2026-09-28 08:16:50,108 [INFO] pipeline.runner: EXIT rc=0 1.7s ffmpeg
2026-09-28 08:16:50,109 [INFO] pipeline.runner: RUN ffprobe -v error -print_format json -show_format -show_streams E:\WorkBuddy\video-transfer-tools\video_pipeline\work\current\video_ai.mp4
2026-09-28 08:16:51,182 [INFO] pipeline.runner: EXIT rc=0 1.1s ffprobe
2026-09-28 08:16:51,201 [INFO] adapters.ffmpeg: 尝试编码后端 hevc_qsv (qsv)
2026-09-28 08:16:51,201 [INFO] pipeline.runner: RUN ffmpeg -y -i E:\WorkBuddy\video-transfer-tools\video_pipeline\work\current\video_ai.mp4 -c:v hevc_qsv -preset medium -global_quality 23 -c:a aac -b:a 320k -ar 48000 -movflags +faststart E:\WorkBuddy\video-transfer-tools\video_pipeline\work\current\transcoded.mp4
2026-09-28 08:20:02,779 [INFO] pipeline.runner: EXIT rc=0 191.6s ffmpeg
2026-09-28 08:20:02,779 [INFO] pipeline.job.37: TRANSCODE 完成 → transcoded.mp4
2026-09-28 08:20:02,791 [INFO] pipeline.job.37: 删除临时文件 video_ai.mp4 (112.43 MB)
2026-09-28 08:20:02,794 [INFO] pipeline.runner: RUN ffmpeg -y -i E:\WorkBuddy\video-transfer-tools\video_pipeline\work\current\transcoded.mp4 -i E:\WorkBuddy\video-transfer-tools\video_pipeline\work\current\audio_clean.wav -map 0:v:0 -map 1:a:0 -c:v copy -c:a aac -b:a 320k -ar 48000 -shortest -movflags +faststart -f mp4 E:\WorkBuddy\video-transfer-tools\video_pipeline\output\课程\录像31.mp4.partial
2026-09-28 08:23:39,205 [INFO] pipeline.runner: EXIT rc=0 216.4s ffmpeg
2026-09-28 08:23:39,245 [INFO] pipeline.job.37: 删除临时文件 audio_clean.wav (229.16 MB)
2026-09-28 08:23:39,252 [INFO] pipeline.runner: RUN ffprobe -v error -print_format json -show_format -show_streams E:\WorkBuddy\video-transfer-tools\video_pipeline\output\课程\录像31.mp4.partial
2026-09-28 08:23:39,289 [INFO] pipeline.runner: EXIT rc=0 0.0s ffprobe
2026-09-28 08:23:39,292 [INFO] pipeline.job.37: VERIFY 通过 → E:\WorkBuddy\video-transfer-tools\video_pipeline\output\课程\录像31.mp4
2026-09-28 08:23:39,307 [INFO] pipeline.job.37: === 完成 → E:\WorkBuddy\video-transfer-tools\video_pipeline\output\课程\录像31.mp4 ===
2026-09-28 08:23:39,309 [INFO] pipeline.job.38: === 开始处理 E:\WorkBuddy\video-transfer-tools\video_pipeline\input\课程\录像32.wmv ===
2026-09-28 08:23:39,312 [INFO] pipeline.job.38: 自动档位：2x（仅超分） —— 超预算：完整修复约 3.7h > 0.5h，退回 2x（约快 9 倍）
2026-09-28 08:23:39,313 [INFO] pipeline.job.38: 耗时预估：完整档 3.66h / 快速档 0.38h / 单文件预算 0.50h
2026-09-28 08:23:39,315 [INFO] pipeline.job.38: RVE 参数：超分 2x，压缩修复 关，timeout 4.0h
2026-09-28 08:23:39,316 [INFO] adapters.rve: RVE 调用: E:\WorkBuddy\video-transfer-tools\video_pipeline\tools\backend\rve-backend.py -i E:\WorkBuddy\video-transfer-tools\video_pipeline\input\课程\录像32.wmv -o E:\WorkBuddy\video-transfer-tools\video_pipeline\work\current\video_ai.mp4 --upscale_model E:\WorkBuddy\video-transfer-tools\video_pipeline\tools\models\2x_OpenProteus_Compact_i2_70K.pth --device cuda --backend pytorch --precision auto --pytorch_gpu_id 0 --tilesize 512 --ffmpeg_path E:\WorkBuddy\video-transfer-tools\video_pipeline\.tools\ffmpeg\ffmpeg.exe --overwrite --crf 16 --video_encoder_preset libx264 --audio_encoder_preset aac
2026-09-28 08:23:39,316 [INFO] pipeline.runner: RUN E:\WorkBuddy\video-transfer-tools\video_pipeline\.venv-rve\Scripts\python.exe E:\WorkBuddy\video-transfer-tools\video_pipeline\tools\backend\rve-backend.py -i E:\WorkBuddy\video-transfer-tools\video_pipeline\input\课程\录像32.wmv -o E:\WorkBuddy\video-transfer-tools\video_pipeline\work\current\video_ai.mp4 --upscale_model E:\WorkBuddy\video-transfer-tools\video_pipeline\tools\models\2x_OpenProteus_Compact_i2_70K.pth --device cuda --backend pytorch --precision auto --pytorch_gpu_id 0 --tilesize 512 --ffmpeg_path E:\WorkBuddy\video-transfer-tools\video_pipeline\.tools\ffmpeg\ffmpeg.exe --overwrite --crf 16 --video_encoder_preset libx264 --audio_encoder_preset aac
2026-09-28 08:49:13,507 [INFO] pipeline.runner: EXIT rc=0 1534.2s E:\WorkBuddy\video-transfer-tools\video_pipeline\.venv-rve\Scripts\python.exe
2026-09-28 08:49:13,514 [INFO] pipeline.job.38: REPAIR_VIDEO 完成 → video_ai.mp4 (0.08 GB)
2026-09-28 08:49:13,516 [INFO] pipeline.runner: RUN ffmpeg -y -i E:\WorkBuddy\video-transfer-tools\video_pipeline\input\课程\录像32.wmv -vn -acodec pcm_s16le -ar 48000 E:\WorkBuddy\video-transfer-tools\video_pipeline\work\current\audio_clean.wav
2026-09-28 08:49:14,136 [INFO] pipeline.runner: EXIT rc=0 0.6s ffmpeg
2026-09-28 08:49:14,138 [INFO] pipeline.runner: RUN ffprobe -v error -print_format json -show_format -show_streams E:\WorkBuddy\video-transfer-tools\video_pipeline\work\current\video_ai.mp4
2026-09-28 08:49:14,247 [INFO] pipeline.runner: EXIT rc=0 0.1s ffprobe
2026-09-28 08:49:14,252 [INFO] adapters.ffmpeg: 尝试编码后端 hevc_qsv (qsv)
2026-09-28 08:49:14,254 [INFO] pipeline.runner: RUN ffmpeg -y -i E:\WorkBuddy\video-transfer-tools\video_pipeline\work\current\video_ai.mp4 -c:v hevc_qsv -preset medium -global_quality 23 -c:a aac -b:a 320k -ar 48000 -movflags +faststart E:\WorkBuddy\video-transfer-tools\video_pipeline\work\current\transcoded.mp4
2026-09-28 08:53:46,698 [INFO] pipeline.runner: EXIT rc=0 272.4s ffmpeg
2026-09-28 08:53:46,700 [INFO] pipeline.job.38: TRANSCODE 完成 → transcoded.mp4
2026-09-28 08:53:46,715 [INFO] pipeline.job.38: 删除临时文件 video_ai.mp4 (77.55 MB)
2026-09-28 08:53:46,718 [INFO] pipeline.runner: RUN ffmpeg -y -i E:\WorkBuddy\video-transfer-tools\video_pipeline\work\current\transcoded.mp4 -i E:\WorkBuddy\video-transfer-tools\video_pipeline\work\current\audio_clean.wav -map 0:v:0 -map 1:a:0 -c:v copy -c:a aac -b:a 320k -ar 48000 -shortest -movflags +faststart -f mp4 E:\WorkBuddy\video-transfer-tools\video_pipeline\output\课程\录像32.mp4.partial
2026-09-28 08:58:56,823 [INFO] pipeline.runner: EXIT rc=0 310.1s ffmpeg
2026-09-28 08:58:56,866 [INFO] pipeline.job.38: 删除临时文件 audio_clean.wav (167.64 MB)
2026-09-28 08:58:56,869 [INFO] pipeline.runner: RUN ffprobe -v error -print_format json -show_format -show_streams E:\WorkBuddy\video-transfer-tools\video_pipeline\output\课程\录像32.mp4.partial
2026-09-28 08:58:56,902 [INFO] pipeline.runner: EXIT rc=0 0.0s ffprobe
2026-09-28 08:58:56,904 [INFO] pipeline.job.38: VERIFY 通过 → E:\WorkBuddy\video-transfer-tools\video_pipeline\output\课程\录像32.mp4
2026-09-28 08:58:56,912 [INFO] pipeline.job.38: === 完成 → E:\WorkBuddy\video-transfer-tools\video_pipeline\output\课程\录像32.mp4 ===
2026-09-28 08:58:56,914 [INFO] pipeline.job.39: === 开始处理 E:\WorkBuddy\video-transfer-tools\video_pipeline\input\课程\录像33.wmv ===
2026-09-28 08:58:56,920 [INFO] pipeline.job.39: 自动档位：2x（仅超分） —— 超预算：完整修复约 4.9h > 0.5h，退回 2x（约快 9 倍）
2026-09-28 08:58:56,920 [INFO] pipeline.job.39: 耗时预估：完整档 4.87h / 快速档 0.50h / 单文件预算 0.50h
2026-09-28 08:58:56,920 [INFO] pipeline.job.39: RVE 参数：超分 2x，压缩修复 关，timeout 4.0h
2026-09-28 08:58:56,922 [INFO] adapters.rve: RVE 调用: E:\WorkBuddy\video-transfer-tools\video_pipeline\tools\backend\rve-backend.py -i E:\WorkBuddy\video-transfer-tools\video_pipeline\input\课程\录像33.wmv -o E:\WorkBuddy\video-transfer-tools\video_pipeline\work\current\video_ai.mp4 --upscale_model E:\WorkBuddy\video-transfer-tools\video_pipeline\tools\models\2x_OpenProteus_Compact_i2_70K.pth --device cuda --backend pytorch --precision auto --pytorch_gpu_id 0 --tilesize 512 --ffmpeg_path E:\WorkBuddy\video-transfer-tools\video_pipeline\.tools\ffmpeg\ffmpeg.exe --overwrite --crf 16 --video_encoder_preset libx264 --audio_encoder_preset aac
2026-09-28 08:58:56,922 [INFO] pipeline.runner: RUN E:\WorkBuddy\video-transfer-tools\video_pipeline\.venv-rve\Scripts\python.exe E:\WorkBuddy\video-transfer-tools\video_pipeline\tools\backend\rve-backend.py -i E:\WorkBuddy\video-transfer-tools\video_pipeline\input\课程\录像33.wmv -o E:\WorkBuddy\video-transfer-tools\video_pipeline\work\current\video_ai.mp4 --upscale_model E:\WorkBuddy\video-transfer-tools\video_pipeline\tools\models\2x_OpenProteus_Compact_i2_70K.pth --device cuda --backend pytorch --precision auto --pytorch_gpu_id 0 --tilesize 512 --ffmpeg_path E:\WorkBuddy\video-transfer-tools\video_pipeline\.tools\ffmpeg\ffmpeg.exe --overwrite --crf 16 --video_encoder_preset libx264 --audio_encoder_preset aac
2026-09-28 09:33:08,693 [INFO] pipeline.runner: EXIT rc=0 2051.8s E:\WorkBuddy\video-transfer-tools\video_pipeline\.venv-rve\Scripts\python.exe
2026-09-28 09:33:08,697 [INFO] pipeline.job.39: REPAIR_VIDEO 完成 → video_ai.mp4 (0.08 GB)
2026-09-28 09:33:08,699 [INFO] pipeline.runner: RUN ffmpeg -y -i E:\WorkBuddy\video-transfer-tools\video_pipeline\input\课程\录像33.wmv -vn -acodec pcm_s16le -ar 48000 E:\WorkBuddy\video-transfer-tools\video_pipeline\work\current\audio_clean.wav
2026-09-28 09:33:09,487 [INFO] pipeline.runner: EXIT rc=0 0.8s ffmpeg
2026-09-28 09:33:09,492 [INFO] pipeline.runner: RUN ffprobe -v error -print_format json -show_format -show_streams E:\WorkBuddy\video-transfer-tools\video_pipeline\work\current\video_ai.mp4
2026-09-28 09:33:09,606 [INFO] pipeline.runner: EXIT rc=0 0.1s ffprobe
2026-09-28 09:33:09,610 [INFO] adapters.ffmpeg: 尝试编码后端 hevc_qsv (qsv)
2026-09-28 09:33:09,610 [INFO] pipeline.runner: RUN ffmpeg -y -i E:\WorkBuddy\video-transfer-tools\video_pipeline\work\current\video_ai.mp4 -c:v hevc_qsv -preset medium -global_quality 23 -c:a aac -b:a 320k -ar 48000 -movflags +faststart E:\WorkBuddy\video-transfer-tools\video_pipeline\work\current\transcoded.mp4
2026-09-28 09:39:06,066 [INFO] pipeline.runner: EXIT rc=0 356.5s ffmpeg
2026-09-28 09:39:06,068 [INFO] pipeline.job.39: TRANSCODE 完成 → transcoded.mp4
2026-09-28 09:39:06,084 [INFO] pipeline.job.39: 删除临时文件 video_ai.mp4 (83.49 MB)
2026-09-28 09:39:06,089 [INFO] pipeline.runner: RUN ffmpeg -y -i E:\WorkBuddy\video-transfer-tools\video_pipeline\work\current\transcoded.mp4 -i E:\WorkBuddy\video-transfer-tools\video_pipeline\work\current\audio_clean.wav -map 0:v:0 -map 1:a:0 -c:v copy -c:a aac -b:a 320k -ar 48000 -shortest -movflags +faststart -f mp4 E:\WorkBuddy\video-transfer-tools\video_pipeline\output\课程\录像33.mp4.partial
2026-09-28 09:45:57,497 [INFO] pipeline.runner: EXIT rc=0 411.4s ffmpeg
2026-09-28 09:45:57,555 [INFO] pipeline.job.39: 删除临时文件 audio_clean.wav (223.02 MB)
2026-09-28 09:45:57,560 [INFO] pipeline.runner: RUN ffprobe -v error -print_format json -show_format -show_streams E:\WorkBuddy\video-transfer-tools\video_pipeline\output\课程\录像33.mp4.partial
2026-09-28 09:45:57,603 [INFO] pipeline.runner: EXIT rc=0 0.0s ffprobe
2026-09-28 09:45:57,606 [INFO] pipeline.job.39: VERIFY 通过 → E:\WorkBuddy\video-transfer-tools\video_pipeline\output\课程\录像33.mp4
2026-09-28 09:45:57,624 [INFO] pipeline.job.39: === 完成 → E:\WorkBuddy\video-transfer-tools\video_pipeline\output\课程\录像33.mp4 ===
2026-09-28 09:45:57,626 [INFO] pipeline.job.40: === 开始处理 E:\WorkBuddy\video-transfer-tools\video_pipeline\input\课程\录像34.wmv ===
2026-09-28 09:45:57,632 [INFO] pipeline.job.40: 自动档位：2x（仅超分） —— 超预算：完整修复约 3.7h > 0.5h，退回 2x（约快 9 倍）
2026-09-28 09:45:57,633 [INFO] pipeline.job.40: 耗时预估：完整档 3.74h / 快速档 0.39h / 单文件预算 0.50h
2026-09-28 09:45:57,634 [INFO] pipeline.job.40: RVE 参数：超分 2x，压缩修复 关，timeout 4.0h
2026-09-28 09:45:57,635 [INFO] adapters.rve: RVE 调用: E:\WorkBuddy\video-transfer-tools\video_pipeline\tools\backend\rve-backend.py -i E:\WorkBuddy\video-transfer-tools\video_pipeline\input\课程\录像34.wmv -o E:\WorkBuddy\video-transfer-tools\video_pipeline\work\current\video_ai.mp4 --upscale_model E:\WorkBuddy\video-transfer-tools\video_pipeline\tools\models\2x_OpenProteus_Compact_i2_70K.pth --device cuda --backend pytorch --precision auto --pytorch_gpu_id 0 --tilesize 512 --ffmpeg_path E:\WorkBuddy\video-transfer-tools\video_pipeline\.tools\ffmpeg\ffmpeg.exe --overwrite --crf 16 --video_encoder_preset libx264 --audio_encoder_preset aac
2026-09-28 09:45:57,635 [INFO] pipeline.runner: RUN E:\WorkBuddy\video-transfer-tools\video_pipeline\.venv-rve\Scripts\python.exe E:\WorkBuddy\video-transfer-tools\video_pipeline\tools\backend\rve-backend.py -i E:\WorkBuddy\video-transfer-tools\video_pipeline\input\课程\录像34.wmv -o E:\WorkBuddy\video-transfer-tools\video_pipeline\work\current\video_ai.mp4 --upscale_model E:\WorkBuddy\video-transfer-tools\video_pipeline\tools\models\2x_OpenProteus_Compact_i2_70K.pth --device cuda --backend pytorch --precision auto --pytorch_gpu_id 0 --tilesize 512 --ffmpeg_path E:\WorkBuddy\video-transfer-tools\video_pipeline\.tools\ffmpeg\ffmpeg.exe --overwrite --crf 16 --video_encoder_preset libx264 --audio_encoder_preset aac
2026-09-28 10:13:35,193 [INFO] pipeline.runner: EXIT rc=0 1657.5s E:\WorkBuddy\video-transfer-tools\video_pipeline\.venv-rve\Scripts\python.exe
2026-09-28 10:13:35,197 [INFO] pipeline.job.40: REPAIR_VIDEO 完成 → video_ai.mp4 (0.07 GB)
2026-09-28 10:13:35,201 [INFO] pipeline.runner: RUN ffmpeg -y -i E:\WorkBuddy\video-transfer-tools\video_pipeline\input\课程\录像34.wmv -vn -acodec pcm_s16le -ar 48000 E:\WorkBuddy\video-transfer-tools\video_pipeline\work\current\audio_clean.wav
2026-09-28 10:13:35,836 [INFO] pipeline.runner: EXIT rc=0 0.6s ffmpeg
2026-09-28 10:13:35,839 [INFO] pipeline.runner: RUN ffprobe -v error -print_format json -show_format -show_streams E:\WorkBuddy\video-transfer-tools\video_pipeline\work\current\video_ai.mp4
2026-09-28 10:13:35,938 [INFO] pipeline.runner: EXIT rc=0 0.1s ffprobe
2026-09-28 10:13:35,943 [INFO] adapters.ffmpeg: 尝试编码后端 hevc_qsv (qsv)
2026-09-28 10:13:35,944 [INFO] pipeline.runner: RUN ffmpeg -y -i E:\WorkBuddy\video-transfer-tools\video_pipeline\work\current\video_ai.mp4 -c:v hevc_qsv -preset medium -global_quality 23 -c:a aac -b:a 320k -ar 48000 -movflags +faststart E:\WorkBuddy\video-transfer-tools\video_pipeline\work\current\transcoded.mp4
2026-09-28 10:18:10,088 [INFO] pipeline.runner: EXIT rc=0 274.1s ffmpeg
2026-09-28 10:18:10,089 [INFO] pipeline.job.40: TRANSCODE 完成 → transcoded.mp4
2026-09-28 10:18:10,108 [INFO] pipeline.job.40: 删除临时文件 video_ai.mp4 (73.24 MB)
2026-09-28 10:18:10,113 [INFO] pipeline.runner: RUN ffmpeg -y -i E:\WorkBuddy\video-transfer-tools\video_pipeline\work\current\transcoded.mp4 -i E:\WorkBuddy\video-transfer-tools\video_pipeline\work\current\audio_clean.wav -map 0:v:0 -map 1:a:0 -c:v copy -c:a aac -b:a 320k -ar 48000 -shortest -movflags +faststart -f mp4 E:\WorkBuddy\video-transfer-tools\video_pipeline\output\课程\录像34.mp4.partial
2026-09-28 10:23:20,380 [INFO] pipeline.runner: EXIT rc=0 310.3s ffmpeg
2026-09-28 10:23:20,419 [INFO] pipeline.job.40: 删除临时文件 audio_clean.wav (171.21 MB)
2026-09-28 10:23:20,423 [INFO] pipeline.runner: RUN ffprobe -v error -print_format json -show_format -show_streams E:\WorkBuddy\video-transfer-tools\video_pipeline\output\课程\录像34.mp4.partial
2026-09-28 10:23:20,455 [INFO] pipeline.runner: EXIT rc=0 0.0s ffprobe
2026-09-28 10:23:20,458 [INFO] pipeline.job.40: VERIFY 通过 → E:\WorkBuddy\video-transfer-tools\video_pipeline\output\课程\录像34.mp4
2026-09-28 10:23:20,472 [INFO] pipeline.job.40: === 完成 → E:\WorkBuddy\video-transfer-tools\video_pipeline\output\课程\录像34.mp4 ===
2026-09-28 10:23:20,474 [INFO] pipeline.job.41: === 开始处理 E:\WorkBuddy\video-transfer-tools\video_pipeline\input\课程\录像35.wmv ===
2026-09-28 10:23:20,480 [INFO] pipeline.job.41: 自动档位：2x（仅超分） —— 超预算：完整修复约 5.7h > 0.5h，退回 2x（约快 9 倍）
2026-09-28 10:23:20,482 [INFO] pipeline.job.41: 耗时预估：完整档 5.70h / 快速档 0.59h / 单文件预算 0.50h
2026-09-28 10:23:20,483 [INFO] pipeline.job.41: RVE 参数：超分 2x，压缩修复 关，timeout 4.0h
2026-09-28 10:23:20,484 [INFO] adapters.rve: RVE 调用: E:\WorkBuddy\video-transfer-tools\video_pipeline\tools\backend\rve-backend.py -i E:\WorkBuddy\video-transfer-tools\video_pipeline\input\课程\录像35.wmv -o E:\WorkBuddy\video-transfer-tools\video_pipeline\work\current\video_ai.mp4 --upscale_model E:\WorkBuddy\video-transfer-tools\video_pipeline\tools\models\2x_OpenProteus_Compact_i2_70K.pth --device cuda --backend pytorch --precision auto --pytorch_gpu_id 0 --tilesize 512 --ffmpeg_path E:\WorkBuddy\video-transfer-tools\video_pipeline\.tools\ffmpeg\ffmpeg.exe --overwrite --crf 16 --video_encoder_preset libx264 --audio_encoder_preset aac
2026-09-28 10:23:20,484 [INFO] pipeline.runner: RUN E:\WorkBuddy\video-transfer-tools\video_pipeline\.venv-rve\Scripts\python.exe E:\WorkBuddy\video-transfer-tools\video_pipeline\tools\backend\rve-backend.py -i E:\WorkBuddy\video-transfer-tools\video_pipeline\input\课程\录像35.wmv -o E:\WorkBuddy\video-transfer-tools\video_pipeline\work\current\video_ai.mp4 --upscale_model E:\WorkBuddy\video-transfer-tools\video_pipeline\tools\models\2x_OpenProteus_Compact_i2_70K.pth --device cuda --backend pytorch --precision auto --pytorch_gpu_id 0 --tilesize 512 --ffmpeg_path E:\WorkBuddy\video-transfer-tools\video_pipeline\.tools\ffmpeg\ffmpeg.exe --overwrite --crf 16 --video_encoder_preset libx264 --audio_encoder_preset aac
2026-09-28 11:03:29,287 [INFO] pipeline.runner: EXIT rc=0 2408.8s E:\WorkBuddy\video-transfer-tools\video_pipeline\.venv-rve\Scripts\python.exe
2026-09-28 11:03:29,291 [INFO] pipeline.job.41: REPAIR_VIDEO 完成 → video_ai.mp4 (0.13 GB)
2026-09-28 11:03:29,294 [INFO] pipeline.runner: RUN ffmpeg -y -i E:\WorkBuddy\video-transfer-tools\video_pipeline\input\课程\录像35.wmv -vn -acodec pcm_s16le -ar 48000 E:\WorkBuddy\video-transfer-tools\video_pipeline\work\current\audio_clean.wav
2026-09-28 11:03:30,239 [INFO] pipeline.runner: EXIT rc=0 1.0s ffmpeg
2026-09-28 11:03:30,244 [INFO] pipeline.runner: RUN ffprobe -v error -print_format json -show_format -show_streams E:\WorkBuddy\video-transfer-tools\video_pipeline\work\current\video_ai.mp4
2026-09-28 11:03:30,353 [INFO] pipeline.runner: EXIT rc=0 0.1s ffprobe
2026-09-28 11:03:30,357 [INFO] adapters.ffmpeg: 尝试编码后端 hevc_qsv (qsv)
2026-09-28 11:03:30,357 [INFO] pipeline.runner: RUN ffmpeg -y -i E:\WorkBuddy\video-transfer-tools\video_pipeline\work\current\video_ai.mp4 -c:v hevc_qsv -preset medium -global_quality 23 -c:a aac -b:a 320k -ar 48000 -movflags +faststart E:\WorkBuddy\video-transfer-tools\video_pipeline\work\current\transcoded.mp4
2026-09-28 11:10:32,479 [INFO] pipeline.runner: EXIT rc=0 422.1s ffmpeg
2026-09-28 11:10:32,481 [INFO] pipeline.job.41: TRANSCODE 完成 → transcoded.mp4
2026-09-28 11:10:32,512 [INFO] pipeline.job.41: 删除临时文件 video_ai.mp4 (134.22 MB)
2026-09-28 11:10:32,517 [INFO] pipeline.runner: RUN ffmpeg -y -i E:\WorkBuddy\video-transfer-tools\video_pipeline\work\current\transcoded.mp4 -i E:\WorkBuddy\video-transfer-tools\video_pipeline\work\current\audio_clean.wav -map 0:v:0 -map 1:a:0 -c:v copy -c:a aac -b:a 320k -ar 48000 -shortest -movflags +faststart -f mp4 E:\WorkBuddy\video-transfer-tools\video_pipeline\output\课程\录像35.mp4.partial
2026-09-28 11:18:41,637 [INFO] pipeline.runner: EXIT rc=0 489.1s ffmpeg
2026-09-28 11:18:41,715 [INFO] pipeline.job.41: 删除临时文件 audio_clean.wav (261.39 MB)
2026-09-28 11:18:41,719 [INFO] pipeline.runner: RUN ffprobe -v error -print_format json -show_format -show_streams E:\WorkBuddy\video-transfer-tools\video_pipeline\output\课程\录像35.mp4.partial
2026-09-28 11:18:41,755 [INFO] pipeline.runner: EXIT rc=0 0.0s ffprobe
2026-09-28 11:18:41,757 [INFO] pipeline.job.41: VERIFY 通过 → E:\WorkBuddy\video-transfer-tools\video_pipeline\output\课程\录像35.mp4
2026-09-28 11:18:41,773 [INFO] pipeline.job.41: === 完成 → E:\WorkBuddy\video-transfer-tools\video_pipeline\output\课程\录像35.mp4 ===
2026-09-28 11:18:41,776 [INFO] pipeline.job.42: === 开始处理 E:\WorkBuddy\video-transfer-tools\video_pipeline\input\课程\录像36.wmv ===
2026-09-28 11:18:41,783 [INFO] pipeline.job.42: 自动档位：2x（仅超分） —— 超预算：完整修复约 2.6h > 0.5h，退回 2x（约快 9 倍）
2026-09-28 11:18:41,783 [INFO] pipeline.job.42: 耗时预估：完整档 2.56h / 快速档 0.27h / 单文件预算 0.50h
2026-09-28 11:18:41,787 [INFO] pipeline.job.42: RVE 参数：超分 2x，压缩修复 关，timeout 4.0h
2026-09-28 11:18:41,789 [INFO] adapters.rve: RVE 调用: E:\WorkBuddy\video-transfer-tools\video_pipeline\tools\backend\rve-backend.py -i E:\WorkBuddy\video-transfer-tools\video_pipeline\input\课程\录像36.wmv -o E:\WorkBuddy\video-transfer-tools\video_pipeline\work\current\video_ai.mp4 --upscale_model E:\WorkBuddy\video-transfer-tools\video_pipeline\tools\models\2x_OpenProteus_Compact_i2_70K.pth --device cuda --backend pytorch --precision auto --pytorch_gpu_id 0 --tilesize 512 --ffmpeg_path E:\WorkBuddy\video-transfer-tools\video_pipeline\.tools\ffmpeg\ffmpeg.exe --overwrite --crf 16 --video_encoder_preset libx264 --audio_encoder_preset aac
2026-09-28 11:18:41,789 [INFO] pipeline.runner: RUN E:\WorkBuddy\video-transfer-tools\video_pipeline\.venv-rve\Scripts\python.exe E:\WorkBuddy\video-transfer-tools\video_pipeline\tools\backend\rve-backend.py -i E:\WorkBuddy\video-transfer-tools\video_pipeline\input\课程\录像36.wmv -o E:\WorkBuddy\video-transfer-tools\video_pipeline\work\current\video_ai.mp4 --upscale_model E:\WorkBuddy\video-transfer-tools\video_pipeline\tools\models\2x_OpenProteus_Compact_i2_70K.pth --device cuda --backend pytorch --precision auto --pytorch_gpu_id 0 --tilesize 512 --ffmpeg_path E:\WorkBuddy\video-transfer-tools\video_pipeline\.tools\ffmpeg\ffmpeg.exe --overwrite --crf 16 --video_encoder_preset libx264 --audio_encoder_preset aac
2026-09-28 11:26:52,771 [INFO] pipeline.runner: EXIT rc=1 491.0s E:\WorkBuddy\video-transfer-tools\video_pipeline\.venv-rve\Scripts\python.exe
2026-09-28 11:26:52,771 [ERROR] pipeline.job.42: 任务失败: 系统内存不足（rc=1）: E:\WorkBuddy\video-transfer-tools\video_pipeline\.venv-rve\Scripts\python.exe
2026-09-28 11:26:52,783 [WARNING] pipeline.job.42: 内存不足 → 跳过本任务，排到队尾后再跑（不阻塞队列）
2026-09-28 11:26:52,787 [WARNING] pipeline.job.42: 进入 RETRY_PENDING (第 1 次)
2026-09-28 11:26:52,789 [INFO] pipeline.job.43: === 开始处理 E:\WorkBuddy\video-transfer-tools\video_pipeline\input\课程\录像37.wmv ===
2026-09-28 11:26:52,794 [INFO] pipeline.job.43: 自动档位：2x（仅超分） —— 超预算：完整修复约 6.7h > 0.5h，退回 2x（约快 9 倍）
2026-09-28 11:26:52,796 [INFO] pipeline.job.43: 耗时预估：完整档 6.66h / 快速档 0.69h / 单文件预算 0.50h
2026-09-28 11:26:52,796 [INFO] pipeline.job.43: RVE 参数：超分 2x，压缩修复 关，timeout 4.0h
2026-09-28 11:26:52,797 [INFO] adapters.rve: RVE 调用: E:\WorkBuddy\video-transfer-tools\video_pipeline\tools\backend\rve-backend.py -i E:\WorkBuddy\video-transfer-tools\video_pipeline\input\课程\录像37.wmv -o E:\WorkBuddy\video-transfer-tools\video_pipeline\work\current\video_ai.mp4 --upscale_model E:\WorkBuddy\video-transfer-tools\video_pipeline\tools\models\2x_OpenProteus_Compact_i2_70K.pth --device cuda --backend pytorch --precision auto --pytorch_gpu_id 0 --tilesize 512 --ffmpeg_path E:\WorkBuddy\video-transfer-tools\video_pipeline\.tools\ffmpeg\ffmpeg.exe --overwrite --crf 16 --video_encoder_preset libx264 --audio_encoder_preset aac
2026-09-28 11:26:52,797 [INFO] pipeline.runner: RUN E:\WorkBuddy\video-transfer-tools\video_pipeline\.venv-rve\Scripts\python.exe E:\WorkBuddy\video-transfer-tools\video_pipeline\tools\backend\rve-backend.py -i E:\WorkBuddy\video-transfer-tools\video_pipeline\input\课程\录像37.wmv -o E:\WorkBuddy\video-transfer-tools\video_pipeline\work\current\video_ai.mp4 --upscale_model E:\WorkBuddy\video-transfer-tools\video_pipeline\tools\models\2x_OpenProteus_Compact_i2_70K.pth --device cuda --backend pytorch --precision auto --pytorch_gpu_id 0 --tilesize 512 --ffmpeg_path E:\WorkBuddy\video-transfer-tools\video_pipeline\.tools\ffmpeg\ffmpeg.exe --overwrite --crf 16 --video_encoder_preset libx264 --audio_encoder_preset aac
2026-09-28 12:17:10,116 [INFO] pipeline.runner: EXIT rc=0 3015.2s E:\WorkBuddy\video-transfer-tools\video_pipeline\.venv-rve\Scripts\python.exe
2026-09-28 12:17:10,116 [INFO] pipeline.job.43: REPAIR_VIDEO 完成 → video_ai.mp4 (0.13 GB)
2026-09-28 12:17:10,120 [INFO] pipeline.runner: RUN ffmpeg -y -i E:\WorkBuddy\video-transfer-tools\video_pipeline\input\课程\录像37.wmv -vn -acodec pcm_s16le -ar 48000 E:\WorkBuddy\video-transfer-tools\video_pipeline\work\current\audio_clean.wav
2026-09-28 12:17:11,257 [INFO] pipeline.runner: EXIT rc=0 1.1s ffmpeg
2026-09-28 12:17:11,268 [INFO] pipeline.runner: RUN ffprobe -v error -print_format json -show_format -show_streams E:\WorkBuddy\video-transfer-tools\video_pipeline\work\current\video_ai.mp4
2026-09-28 12:17:12,408 [INFO] pipeline.runner: EXIT rc=0 1.1s ffprobe
2026-09-28 12:17:12,414 [INFO] adapters.ffmpeg: 尝试编码后端 hevc_qsv (qsv)
2026-09-28 12:17:12,414 [INFO] pipeline.runner: RUN ffmpeg -y -i E:\WorkBuddy\video-transfer-tools\video_pipeline\work\current\video_ai.mp4 -c:v hevc_qsv -preset medium -global_quality 23 -c:a aac -b:a 320k -ar 48000 -movflags +faststart E:\WorkBuddy\video-transfer-tools\video_pipeline\work\current\transcoded.mp4
2026-09-28 12:25:49,020 [INFO] pipeline.runner: EXIT rc=0 516.6s ffmpeg
2026-09-28 12:25:49,023 [INFO] pipeline.job.43: TRANSCODE 完成 → transcoded.mp4
2026-09-28 12:25:49,052 [INFO] pipeline.job.43: 删除临时文件 video_ai.mp4 (131.79 MB)
2026-09-28 12:25:49,054 [INFO] pipeline.runner: RUN ffmpeg -y -i E:\WorkBuddy\video-transfer-tools\video_pipeline\work\current\transcoded.mp4 -i E:\WorkBuddy\video-transfer-tools\video_pipeline\work\current\audio_clean.wav -map 0:v:0 -map 1:a:0 -c:v copy -c:a aac -b:a 320k -ar 48000 -shortest -movflags +faststart -f mp4 E:\WorkBuddy\video-transfer-tools\video_pipeline\output\课程\录像37.mp4.partial
2026-09-28 12:36:06,475 [INFO] pipeline.runner: EXIT rc=0 617.4s ffmpeg
2026-09-28 12:36:06,567 [INFO] pipeline.job.43: 删除临时文件 audio_clean.wav (305.15 MB)
2026-09-28 12:36:06,572 [INFO] pipeline.runner: RUN ffprobe -v error -print_format json -show_format -show_streams E:\WorkBuddy\video-transfer-tools\video_pipeline\output\课程\录像37.mp4.partial
2026-09-28 12:36:06,615 [INFO] pipeline.runner: EXIT rc=0 0.0s ffprobe
2026-09-28 12:36:06,620 [INFO] pipeline.job.43: VERIFY 通过 → E:\WorkBuddy\video-transfer-tools\video_pipeline\output\课程\录像37.mp4
2026-09-28 12:36:06,636 [INFO] pipeline.job.43: === 完成 → E:\WorkBuddy\video-transfer-tools\video_pipeline\output\课程\录像37.mp4 ===
2026-09-28 12:36:06,636 [INFO] pipeline.job.19: === 开始处理 E:\WorkBuddy\video-transfer-tools\video_pipeline\input\课程\录像13.wmv ===
2026-09-28 12:36:06,641 [INFO] pipeline.job.19: 自动档位：2x（仅超分） —— 超预算：完整修复约 7.5h > 0.5h，退回 2x（约快 9 倍）
2026-09-28 12:36:06,645 [INFO] pipeline.job.19: 耗时预估：完整档 7.46h / 快速档 0.77h / 单文件预算 0.50h
2026-09-28 12:36:06,645 [INFO] pipeline.job.19: RVE 参数：超分 2x，压缩修复 关，timeout 4.0h
2026-09-28 12:36:06,645 [INFO] adapters.rve: RVE 调用: E:\WorkBuddy\video-transfer-tools\video_pipeline\tools\backend\rve-backend.py -i E:\WorkBuddy\video-transfer-tools\video_pipeline\input\课程\录像13.wmv -o E:\WorkBuddy\video-transfer-tools\video_pipeline\work\current\video_ai.mp4 --upscale_model E:\WorkBuddy\video-transfer-tools\video_pipeline\tools\models\2x_OpenProteus_Compact_i2_70K.pth --device cuda --backend pytorch --precision auto --pytorch_gpu_id 0 --tilesize 512 --ffmpeg_path E:\WorkBuddy\video-transfer-tools\video_pipeline\.tools\ffmpeg\ffmpeg.exe --overwrite --crf 16 --video_encoder_preset libx264 --audio_encoder_preset aac
2026-09-28 12:36:06,645 [INFO] pipeline.runner: RUN E:\WorkBuddy\video-transfer-tools\video_pipeline\.venv-rve\Scripts\python.exe E:\WorkBuddy\video-transfer-tools\video_pipeline\tools\backend\rve-backend.py -i E:\WorkBuddy\video-transfer-tools\video_pipeline\input\课程\录像13.wmv -o E:\WorkBuddy\video-transfer-tools\video_pipeline\work\current\video_ai.mp4 --upscale_model E:\WorkBuddy\video-transfer-tools\video_pipeline\tools\models\2x_OpenProteus_Compact_i2_70K.pth --device cuda --backend pytorch --precision auto --pytorch_gpu_id 0 --tilesize 512 --ffmpeg_path E:\WorkBuddy\video-transfer-tools\video_pipeline\.tools\ffmpeg\ffmpeg.exe --overwrite --crf 16 --video_encoder_preset libx264 --audio_encoder_preset aac
2026-09-28 13:31:04,246 [INFO] pipeline.runner: EXIT rc=0 3297.6s E:\WorkBuddy\video-transfer-tools\video_pipeline\.venv-rve\Scripts\python.exe
2026-09-28 13:31:04,248 [INFO] pipeline.job.19: REPAIR_VIDEO 完成 → video_ai.mp4 (0.14 GB)
2026-09-28 13:31:04,252 [INFO] pipeline.runner: RUN ffmpeg -y -i E:\WorkBuddy\video-transfer-tools\video_pipeline\input\课程\录像13.wmv -vn -acodec pcm_s16le -ar 48000 E:\WorkBuddy\video-transfer-tools\video_pipeline\work\current\audio_clean.wav
2026-09-28 13:31:05,520 [INFO] pipeline.runner: EXIT rc=0 1.3s ffmpeg
2026-09-28 13:31:05,523 [INFO] pipeline.runner: RUN ffprobe -v error -print_format json -show_format -show_streams E:\WorkBuddy\video-transfer-tools\video_pipeline\work\current\video_ai.mp4
2026-09-28 13:31:05,637 [INFO] pipeline.runner: EXIT rc=0 0.1s ffprobe
2026-09-28 13:31:05,643 [INFO] adapters.ffmpeg: 尝试编码后端 hevc_qsv (qsv)
2026-09-28 13:31:05,643 [INFO] pipeline.runner: RUN ffmpeg -y -i E:\WorkBuddy\video-transfer-tools\video_pipeline\work\current\video_ai.mp4 -c:v hevc_qsv -preset medium -global_quality 23 -c:a aac -b:a 320k -ar 48000 -movflags +faststart E:\WorkBuddy\video-transfer-tools\video_pipeline\work\current\transcoded.mp4
2026-09-28 13:40:44,382 [INFO] pipeline.runner: EXIT rc=0 578.7s ffmpeg
2026-09-28 13:40:44,385 [INFO] pipeline.job.19: TRANSCODE 完成 → transcoded.mp4
2026-09-28 13:40:44,428 [INFO] pipeline.job.19: 删除临时文件 video_ai.mp4 (142.63 MB)
2026-09-28 13:40:44,432 [INFO] pipeline.runner: RUN ffmpeg -y -i E:\WorkBuddy\video-transfer-tools\video_pipeline\work\current\transcoded.mp4 -i E:\WorkBuddy\video-transfer-tools\video_pipeline\work\current\audio_clean.wav -map 0:v:0 -map 1:a:0 -c:v copy -c:a aac -b:a 320k -ar 48000 -shortest -movflags +faststart -f mp4 E:\WorkBuddy\video-transfer-tools\video_pipeline\output\课程\录像13.mp4.partial
2026-09-28 13:52:51,959 [INFO] pipeline.runner: EXIT rc=0 727.5s ffmpeg
2026-09-28 13:52:52,047 [INFO] pipeline.job.19: 删除临时文件 audio_clean.wav (341.95 MB)
2026-09-28 13:52:52,051 [INFO] pipeline.runner: RUN ffprobe -v error -print_format json -show_format -show_streams E:\WorkBuddy\video-transfer-tools\video_pipeline\output\课程\录像13.mp4.partial
2026-09-28 13:52:52,099 [INFO] pipeline.runner: EXIT rc=0 0.0s ffprobe
2026-09-28 13:52:52,103 [INFO] pipeline.job.19: VERIFY 通过 → E:\WorkBuddy\video-transfer-tools\video_pipeline\output\课程\录像13.mp4
2026-09-28 13:52:52,125 [INFO] pipeline.job.19: === 完成 → E:\WorkBuddy\video-transfer-tools\video_pipeline\output\课程\录像13.mp4 ===
2026-09-28 13:52:52,130 [INFO] pipeline.job.20: === 开始处理 E:\WorkBuddy\video-transfer-tools\video_pipeline\input\课程\录像14.wmv ===
2026-09-28 13:52:52,135 [INFO] pipeline.job.20: 自动档位：2x（仅超分） —— 超预算：完整修复约 5.7h > 0.5h，退回 2x（约快 9 倍）
2026-09-28 13:52:52,136 [INFO] pipeline.job.20: 耗时预估：完整档 5.65h / 快速档 0.58h / 单文件预算 0.50h
2026-09-28 13:52:52,136 [INFO] pipeline.job.20: RVE 参数：超分 2x，压缩修复 关，timeout 4.0h
2026-09-28 13:52:52,136 [INFO] adapters.rve: RVE 调用: E:\WorkBuddy\video-transfer-tools\video_pipeline\tools\backend\rve-backend.py -i E:\WorkBuddy\video-transfer-tools\video_pipeline\input\课程\录像14.wmv -o E:\WorkBuddy\video-transfer-tools\video_pipeline\work\current\video_ai.mp4 --upscale_model E:\WorkBuddy\video-transfer-tools\video_pipeline\tools\models\2x_OpenProteus_Compact_i2_70K.pth --device cuda --backend pytorch --precision auto --pytorch_gpu_id 0 --tilesize 512 --ffmpeg_path E:\WorkBuddy\video-transfer-tools\video_pipeline\.tools\ffmpeg\ffmpeg.exe --overwrite --crf 16 --video_encoder_preset libx264 --audio_encoder_preset aac
2026-09-28 13:52:52,136 [INFO] pipeline.runner: RUN E:\WorkBuddy\video-transfer-tools\video_pipeline\.venv-rve\Scripts\python.exe E:\WorkBuddy\video-transfer-tools\video_pipeline\tools\backend\rve-backend.py -i E:\WorkBuddy\video-transfer-tools\video_pipeline\input\课程\录像14.wmv -o E:\WorkBuddy\video-transfer-tools\video_pipeline\work\current\video_ai.mp4 --upscale_model E:\WorkBuddy\video-transfer-tools\video_pipeline\tools\models\2x_OpenProteus_Compact_i2_70K.pth --device cuda --backend pytorch --precision auto --pytorch_gpu_id 0 --tilesize 512 --ffmpeg_path E:\WorkBuddy\video-transfer-tools\video_pipeline\.tools\ffmpeg\ffmpeg.exe --overwrite --crf 16 --video_encoder_preset libx264 --audio_encoder_preset aac
2026-09-28 14:35:12,832 [INFO] pipeline.runner: EXIT rc=0 2540.7s E:\WorkBuddy\video-transfer-tools\video_pipeline\.venv-rve\Scripts\python.exe
2026-09-28 14:35:12,835 [INFO] pipeline.job.20: REPAIR_VIDEO 完成 → video_ai.mp4 (0.10 GB)
2026-09-28 14:35:12,838 [INFO] pipeline.runner: RUN ffmpeg -y -i E:\WorkBuddy\video-transfer-tools\video_pipeline\input\课程\录像14.wmv -vn -acodec pcm_s16le -ar 48000 E:\WorkBuddy\video-transfer-tools\video_pipeline\work\current\audio_clean.wav
2026-09-28 14:35:13,811 [INFO] pipeline.runner: EXIT rc=0 1.0s ffmpeg
2026-09-28 14:35:13,817 [INFO] pipeline.runner: RUN ffprobe -v error -print_format json -show_format -show_streams E:\WorkBuddy\video-transfer-tools\video_pipeline\work\current\video_ai.mp4
2026-09-28 14:35:13,935 [INFO] pipeline.runner: EXIT rc=0 0.1s ffprobe
2026-09-28 14:35:13,942 [INFO] adapters.ffmpeg: 尝试编码后端 hevc_qsv (qsv)
2026-09-28 14:35:13,944 [INFO] pipeline.runner: RUN ffmpeg -y -i E:\WorkBuddy\video-transfer-tools\video_pipeline\work\current\video_ai.mp4 -c:v hevc_qsv -preset medium -global_quality 23 -c:a aac -b:a 320k -ar 48000 -movflags +faststart E:\WorkBuddy\video-transfer-tools\video_pipeline\work\current\transcoded.mp4
2026-09-28 14:42:22,285 [INFO] pipeline.runner: EXIT rc=0 428.3s ffmpeg
2026-09-28 14:42:22,290 [INFO] pipeline.job.20: TRANSCODE 完成 → transcoded.mp4
2026-09-28 14:42:22,319 [INFO] pipeline.job.20: 删除临时文件 video_ai.mp4 (103.85 MB)
2026-09-28 14:42:22,323 [INFO] pipeline.runner: RUN ffmpeg -y -i E:\WorkBuddy\video-transfer-tools\video_pipeline\work\current\transcoded.mp4 -i E:\WorkBuddy\video-transfer-tools\video_pipeline\work\current\audio_clean.wav -map 0:v:0 -map 1:a:0 -c:v copy -c:a aac -b:a 320k -ar 48000 -shortest -movflags +faststart -f mp4 E:\WorkBuddy\video-transfer-tools\video_pipeline\output\课程\录像14.mp4.partial
2026-09-28 14:51:33,959 [INFO] pipeline.runner: EXIT rc=0 551.6s ffmpeg
2026-09-28 14:51:34,029 [INFO] pipeline.job.20: 删除临时文件 audio_clean.wav (259.01 MB)
2026-09-28 14:51:34,036 [INFO] pipeline.runner: RUN ffprobe -v error -print_format json -show_format -show_streams E:\WorkBuddy\video-transfer-tools\video_pipeline\output\课程\录像14.mp4.partial
2026-09-28 14:51:34,082 [INFO] pipeline.runner: EXIT rc=0 0.0s ffprobe
2026-09-28 14:51:34,084 [INFO] pipeline.job.20: VERIFY 通过 → E:\WorkBuddy\video-transfer-tools\video_pipeline\output\课程\录像14.mp4
2026-09-28 14:51:34,104 [INFO] pipeline.job.20: === 完成 → E:\WorkBuddy\video-transfer-tools\video_pipeline\output\课程\录像14.mp4 ===
2026-09-28 14:51:34,104 [INFO] pipeline.job.22: === 开始处理 E:\WorkBuddy\video-transfer-tools\video_pipeline\input\课程\录像16.wmv ===
2026-09-28 14:51:34,111 [INFO] pipeline.job.22: 自动档位：2x（仅超分） —— 超预算：完整修复约 5.6h > 0.5h，退回 2x（约快 9 倍）
2026-09-28 14:51:34,113 [INFO] pipeline.job.22: 耗时预估：完整档 5.60h / 快速档 0.58h / 单文件预算 0.50h
2026-09-28 14:51:34,113 [INFO] pipeline.job.22: RVE 参数：超分 2x，压缩修复 关，timeout 4.0h
2026-09-28 14:51:34,113 [INFO] adapters.rve: RVE 调用: E:\WorkBuddy\video-transfer-tools\video_pipeline\tools\backend\rve-backend.py -i E:\WorkBuddy\video-transfer-tools\video_pipeline\input\课程\录像16.wmv -o E:\WorkBuddy\video-transfer-tools\video_pipeline\work\current\video_ai.mp4 --upscale_model E:\WorkBuddy\video-transfer-tools\video_pipeline\tools\models\2x_OpenProteus_Compact_i2_70K.pth --device cuda --backend pytorch --precision auto --pytorch_gpu_id 0 --tilesize 512 --ffmpeg_path E:\WorkBuddy\video-transfer-tools\video_pipeline\.tools\ffmpeg\ffmpeg.exe --overwrite --crf 16 --video_encoder_preset libx264 --audio_encoder_preset aac
2026-09-28 14:51:34,113 [INFO] pipeline.runner: RUN E:\WorkBuddy\video-transfer-tools\video_pipeline\.venv-rve\Scripts\python.exe E:\WorkBuddy\video-transfer-tools\video_pipeline\tools\backend\rve-backend.py -i E:\WorkBuddy\video-transfer-tools\video_pipeline\input\课程\录像16.wmv -o E:\WorkBuddy\video-transfer-tools\video_pipeline\work\current\video_ai.mp4 --upscale_model E:\WorkBuddy\video-transfer-tools\video_pipeline\tools\models\2x_OpenProteus_Compact_i2_70K.pth --device cuda --backend pytorch --precision auto --pytorch_gpu_id 0 --tilesize 512 --ffmpeg_path E:\WorkBuddy\video-transfer-tools\video_pipeline\.tools\ffmpeg\ffmpeg.exe --overwrite --crf 16 --video_encoder_preset libx264 --audio_encoder_preset aac
2026-09-28 15:31:28,240 [INFO] pipeline.runner: EXIT rc=0 2394.1s E:\WorkBuddy\video-transfer-tools\video_pipeline\.venv-rve\Scripts\python.exe
2026-09-28 15:31:28,246 [INFO] pipeline.job.22: REPAIR_VIDEO 完成 → video_ai.mp4 (0.11 GB)
2026-09-28 15:31:28,251 [INFO] pipeline.runner: RUN ffmpeg -y -i E:\WorkBuddy\video-transfer-tools\video_pipeline\input\课程\录像16.wmv -vn -acodec pcm_s16le -ar 48000 E:\WorkBuddy\video-transfer-tools\video_pipeline\work\current\audio_clean.wav
2026-09-28 15:31:29,187 [INFO] pipeline.runner: EXIT rc=0 0.9s ffmpeg
2026-09-28 15:31:29,190 [INFO] pipeline.runner: RUN ffprobe -v error -print_format json -show_format -show_streams E:\WorkBuddy\video-transfer-tools\video_pipeline\work\current\video_ai.mp4
2026-09-28 15:31:29,293 [INFO] pipeline.runner: EXIT rc=0 0.1s ffprobe
2026-09-28 15:31:29,298 [INFO] adapters.ffmpeg: 尝试编码后端 hevc_qsv (qsv)
2026-09-28 15:31:29,298 [INFO] pipeline.runner: RUN ffmpeg -y -i E:\WorkBuddy\video-transfer-tools\video_pipeline\work\current\video_ai.mp4 -c:v hevc_qsv -preset medium -global_quality 23 -c:a aac -b:a 320k -ar 48000 -movflags +faststart E:\WorkBuddy\video-transfer-tools\video_pipeline\work\current\transcoded.mp4
2026-09-28 15:38:37,805 [INFO] pipeline.runner: EXIT rc=0 428.5s ffmpeg
2026-09-28 15:38:37,809 [INFO] pipeline.job.22: TRANSCODE 完成 → transcoded.mp4
2026-09-28 15:38:37,837 [INFO] pipeline.job.22: 删除临时文件 video_ai.mp4 (114.43 MB)
2026-09-28 15:38:37,845 [INFO] pipeline.runner: RUN ffmpeg -y -i E:\WorkBuddy\video-transfer-tools\video_pipeline\work\current\transcoded.mp4 -i E:\WorkBuddy\video-transfer-tools\video_pipeline\work\current\audio_clean.wav -map 0:v:0 -map 1:a:0 -c:v copy -c:a aac -b:a 320k -ar 48000 -shortest -movflags +faststart -f mp4 E:\WorkBuddy\video-transfer-tools\video_pipeline\output\课程\录像16.mp4.partial
2026-09-28 15:47:40,477 [INFO] pipeline.runner: EXIT rc=0 542.6s ffmpeg
2026-09-28 15:47:40,554 [INFO] pipeline.job.22: 删除临时文件 audio_clean.wav (256.72 MB)
2026-09-28 15:47:40,560 [INFO] pipeline.runner: RUN ffprobe -v error -print_format json -show_format -show_streams E:\WorkBuddy\video-transfer-tools\video_pipeline\output\课程\录像16.mp4.partial
2026-09-28 15:47:40,601 [INFO] pipeline.runner: EXIT rc=0 0.0s ffprobe
2026-09-28 15:47:40,603 [INFO] pipeline.job.22: VERIFY 通过 → E:\WorkBuddy\video-transfer-tools\video_pipeline\output\课程\录像16.mp4
2026-09-28 15:47:40,630 [INFO] pipeline.job.22: === 完成 → E:\WorkBuddy\video-transfer-tools\video_pipeline\output\课程\录像16.mp4 ===
2026-09-28 15:47:40,632 [INFO] pipeline.job.23: === 开始处理 E:\WorkBuddy\video-transfer-tools\video_pipeline\input\课程\录像17.wmv ===
2026-09-28 15:47:40,640 [INFO] pipeline.job.23: 自动档位：2x（仅超分） —— 超预算：完整修复约 5.6h > 0.5h，退回 2x（约快 9 倍）
2026-09-28 15:47:40,641 [INFO] pipeline.job.23: 耗时预估：完整档 5.59h / 快速档 0.58h / 单文件预算 0.50h
2026-09-28 15:47:40,641 [INFO] pipeline.job.23: RVE 参数：超分 2x，压缩修复 关，timeout 4.0h
2026-09-28 15:47:40,643 [INFO] adapters.rve: RVE 调用: E:\WorkBuddy\video-transfer-tools\video_pipeline\tools\backend\rve-backend.py -i E:\WorkBuddy\video-transfer-tools\video_pipeline\input\课程\录像17.wmv -o E:\WorkBuddy\video-transfer-tools\video_pipeline\work\current\video_ai.mp4 --upscale_model E:\WorkBuddy\video-transfer-tools\video_pipeline\tools\models\2x_OpenProteus_Compact_i2_70K.pth --device cuda --backend pytorch --precision auto --pytorch_gpu_id 0 --tilesize 512 --ffmpeg_path E:\WorkBuddy\video-transfer-tools\video_pipeline\.tools\ffmpeg\ffmpeg.exe --overwrite --crf 16 --video_encoder_preset libx264 --audio_encoder_preset aac
2026-09-28 15:47:40,643 [INFO] pipeline.runner: RUN E:\WorkBuddy\video-transfer-tools\video_pipeline\.venv-rve\Scripts\python.exe E:\WorkBuddy\video-transfer-tools\video_pipeline\tools\backend\rve-backend.py -i E:\WorkBuddy\video-transfer-tools\video_pipeline\input\课程\录像17.wmv -o E:\WorkBuddy\video-transfer-tools\video_pipeline\work\current\video_ai.mp4 --upscale_model E:\WorkBuddy\video-transfer-tools\video_pipeline\tools\models\2x_OpenProteus_Compact_i2_70K.pth --device cuda --backend pytorch --precision auto --pytorch_gpu_id 0 --tilesize 512 --ffmpeg_path E:\WorkBuddy\video-transfer-tools\video_pipeline\.tools\ffmpeg\ffmpeg.exe --overwrite --crf 16 --video_encoder_preset libx264 --audio_encoder_preset aac
2026-09-28 16:27:40,369 [INFO] pipeline.runner: EXIT rc=0 2399.7s E:\WorkBuddy\video-transfer-tools\video_pipeline\.venv-rve\Scripts\python.exe
2026-09-28 16:27:40,369 [INFO] pipeline.job.23: REPAIR_VIDEO 完成 → video_ai.mp4 (0.10 GB)
2026-09-28 16:27:40,374 [INFO] pipeline.runner: RUN ffmpeg -y -i E:\WorkBuddy\video-transfer-tools\video_pipeline\input\课程\录像17.wmv -vn -acodec pcm_s16le -ar 48000 E:\WorkBuddy\video-transfer-tools\video_pipeline\work\current\audio_clean.wav
2026-09-28 16:27:41,360 [INFO] pipeline.runner: EXIT rc=0 1.0s ffmpeg
2026-09-28 16:27:41,363 [INFO] pipeline.runner: RUN ffprobe -v error -print_format json -show_format -show_streams E:\WorkBuddy\video-transfer-tools\video_pipeline\work\current\video_ai.mp4
2026-09-28 16:27:41,478 [INFO] pipeline.runner: EXIT rc=0 0.1s ffprobe
2026-09-28 16:27:41,483 [INFO] adapters.ffmpeg: 尝试编码后端 hevc_qsv (qsv)
2026-09-28 16:27:41,484 [INFO] pipeline.runner: RUN ffmpeg -y -i E:\WorkBuddy\video-transfer-tools\video_pipeline\work\current\video_ai.mp4 -c:v hevc_qsv -preset medium -global_quality 23 -c:a aac -b:a 320k -ar 48000 -movflags +faststart E:\WorkBuddy\video-transfer-tools\video_pipeline\work\current\transcoded.mp4
2026-09-28 16:34:37,912 [INFO] pipeline.runner: EXIT rc=0 416.4s ffmpeg
2026-09-28 16:34:37,915 [INFO] pipeline.job.23: TRANSCODE 完成 → transcoded.mp4
2026-09-28 16:34:37,937 [INFO] pipeline.job.23: 删除临时文件 video_ai.mp4 (104.77 MB)
2026-09-28 16:34:37,943 [INFO] pipeline.runner: RUN ffmpeg -y -i E:\WorkBuddy\video-transfer-tools\video_pipeline\work\current\transcoded.mp4 -i E:\WorkBuddy\video-transfer-tools\video_pipeline\work\current\audio_clean.wav -map 0:v:0 -map 1:a:0 -c:v copy -c:a aac -b:a 320k -ar 48000 -shortest -movflags +faststart -f mp4 E:\WorkBuddy\video-transfer-tools\video_pipeline\output\课程\录像17.mp4.partial
2026-09-28 16:42:55,738 [INFO] pipeline.runner: EXIT rc=0 497.8s ffmpeg
2026-09-28 16:42:55,796 [INFO] pipeline.job.23: 删除临时文件 audio_clean.wav (256.17 MB)
2026-09-28 16:42:55,800 [INFO] pipeline.runner: RUN ffprobe -v error -print_format json -show_format -show_streams E:\WorkBuddy\video-transfer-tools\video_pipeline\output\课程\录像17.mp4.partial
2026-09-28 16:42:55,833 [INFO] pipeline.runner: EXIT rc=0 0.0s ffprobe
2026-09-28 16:42:55,836 [INFO] pipeline.job.23: VERIFY 通过 → E:\WorkBuddy\video-transfer-tools\video_pipeline\output\课程\录像17.mp4
2026-09-28 16:42:55,849 [INFO] pipeline.job.23: === 完成 → E:\WorkBuddy\video-transfer-tools\video_pipeline\output\课程\录像17.mp4 ===
2026-09-28 16:42:55,852 [INFO] pipeline.job.24: === 开始处理 E:\WorkBuddy\video-transfer-tools\video_pipeline\input\课程\录像18.wmv ===
2026-09-28 16:42:55,857 [INFO] pipeline.job.24: 自动档位：2x（仅超分） —— 超预算：完整修复约 4.3h > 0.5h，退回 2x（约快 9 倍）
2026-09-28 16:42:55,858 [INFO] pipeline.job.24: 耗时预估：完整档 4.33h / 快速档 0.45h / 单文件预算 0.50h
2026-09-28 16:42:55,858 [INFO] pipeline.job.24: RVE 参数：超分 2x，压缩修复 关，timeout 4.0h
2026-09-28 16:42:55,859 [INFO] adapters.rve: RVE 调用: E:\WorkBuddy\video-transfer-tools\video_pipeline\tools\backend\rve-backend.py -i E:\WorkBuddy\video-transfer-tools\video_pipeline\input\课程\录像18.wmv -o E:\WorkBuddy\video-transfer-tools\video_pipeline\work\current\video_ai.mp4 --upscale_model E:\WorkBuddy\video-transfer-tools\video_pipeline\tools\models\2x_OpenProteus_Compact_i2_70K.pth --device cuda --backend pytorch --precision auto --pytorch_gpu_id 0 --tilesize 512 --ffmpeg_path E:\WorkBuddy\video-transfer-tools\video_pipeline\.tools\ffmpeg\ffmpeg.exe --overwrite --crf 16 --video_encoder_preset libx264 --audio_encoder_preset aac
2026-09-28 16:42:55,859 [INFO] pipeline.runner: RUN E:\WorkBuddy\video-transfer-tools\video_pipeline\.venv-rve\Scripts\python.exe E:\WorkBuddy\video-transfer-tools\video_pipeline\tools\backend\rve-backend.py -i E:\WorkBuddy\video-transfer-tools\video_pipeline\input\课程\录像18.wmv -o E:\WorkBuddy\video-transfer-tools\video_pipeline\work\current\video_ai.mp4 --upscale_model E:\WorkBuddy\video-transfer-tools\video_pipeline\tools\models\2x_OpenProteus_Compact_i2_70K.pth --device cuda --backend pytorch --precision auto --pytorch_gpu_id 0 --tilesize 512 --ffmpeg_path E:\WorkBuddy\video-transfer-tools\video_pipeline\.tools\ffmpeg\ffmpeg.exe --overwrite --crf 16 --video_encoder_preset libx264 --audio_encoder_preset aac
2026-09-28 17:14:09,752 [INFO] pipeline.runner: EXIT rc=0 1873.9s E:\WorkBuddy\video-transfer-tools\video_pipeline\.venv-rve\Scripts\python.exe
2026-09-28 17:14:09,758 [INFO] pipeline.job.24: REPAIR_VIDEO 完成 → video_ai.mp4 (0.08 GB)
2026-09-28 17:14:09,762 [INFO] pipeline.runner: RUN ffmpeg -y -i E:\WorkBuddy\video-transfer-tools\video_pipeline\input\课程\录像18.wmv -vn -acodec pcm_s16le -ar 48000 E:\WorkBuddy\video-transfer-tools\video_pipeline\work\current\audio_clean.wav
2026-09-28 17:14:10,499 [INFO] pipeline.runner: EXIT rc=0 0.7s ffmpeg
2026-09-28 17:14:10,502 [INFO] pipeline.runner: RUN ffprobe -v error -print_format json -show_format -show_streams E:\WorkBuddy\video-transfer-tools\video_pipeline\work\current\video_ai.mp4
2026-09-28 17:14:10,613 [INFO] pipeline.runner: EXIT rc=0 0.1s ffprobe
2026-09-28 17:14:10,615 [INFO] adapters.ffmpeg: 尝试编码后端 hevc_qsv (qsv)
2026-09-28 17:14:10,618 [INFO] pipeline.runner: RUN ffmpeg -y -i E:\WorkBuddy\video-transfer-tools\video_pipeline\work\current\video_ai.mp4 -c:v hevc_qsv -preset medium -global_quality 23 -c:a aac -b:a 320k -ar 48000 -movflags +faststart E:\WorkBuddy\video-transfer-tools\video_pipeline\work\current\transcoded.mp4
2026-09-28 17:19:42,127 [INFO] pipeline.runner: EXIT rc=0 331.5s ffmpeg
2026-09-28 17:19:42,133 [INFO] pipeline.job.24: TRANSCODE 完成 → transcoded.mp4
2026-09-28 17:19:42,155 [INFO] pipeline.job.24: 删除临时文件 video_ai.mp4 (79.14 MB)
2026-09-28 17:19:42,162 [INFO] pipeline.runner: RUN ffmpeg -y -i E:\WorkBuddy\video-transfer-tools\video_pipeline\work\current\transcoded.mp4 -i E:\WorkBuddy\video-transfer-tools\video_pipeline\work\current\audio_clean.wav -map 0:v:0 -map 1:a:0 -c:v copy -c:a aac -b:a 320k -ar 48000 -shortest -movflags +faststart -f mp4 E:\WorkBuddy\video-transfer-tools\video_pipeline\output\课程\录像18.mp4.partial
2026-09-28 17:26:44,526 [INFO] pipeline.runner: EXIT rc=0 422.4s ffmpeg
2026-09-28 17:26:44,580 [INFO] pipeline.job.24: 删除临时文件 audio_clean.wav (198.21 MB)
2026-09-28 17:26:44,585 [INFO] pipeline.runner: RUN ffprobe -v error -print_format json -show_format -show_streams E:\WorkBuddy\video-transfer-tools\video_pipeline\output\课程\录像18.mp4.partial
2026-09-28 17:26:44,618 [INFO] pipeline.runner: EXIT rc=0 0.0s ffprobe
2026-09-28 17:26:44,621 [INFO] pipeline.job.24: VERIFY 通过 → E:\WorkBuddy\video-transfer-tools\video_pipeline\output\课程\录像18.mp4
2026-09-28 17:26:44,637 [INFO] pipeline.job.24: === 完成 → E:\WorkBuddy\video-transfer-tools\video_pipeline\output\课程\录像18.mp4 ===
2026-09-28 17:26:44,639 [INFO] pipeline.job.25: === 开始处理 E:\WorkBuddy\video-transfer-tools\video_pipeline\input\课程\录像19.wmv ===
2026-09-28 17:26:44,641 [INFO] pipeline.job.25: 自动档位：2x（仅超分） —— 超预算：完整修复约 4.5h > 0.5h，退回 2x（约快 9 倍）
2026-09-28 17:26:44,641 [INFO] pipeline.job.25: 耗时预估：完整档 4.46h / 快速档 0.46h / 单文件预算 0.50h
2026-09-28 17:26:44,641 [INFO] pipeline.job.25: RVE 参数：超分 2x，压缩修复 关，timeout 4.0h
2026-09-28 17:26:44,647 [INFO] adapters.rve: RVE 调用: E:\WorkBuddy\video-transfer-tools\video_pipeline\tools\backend\rve-backend.py -i E:\WorkBuddy\video-transfer-tools\video_pipeline\input\课程\录像19.wmv -o E:\WorkBuddy\video-transfer-tools\video_pipeline\work\current\video_ai.mp4 --upscale_model E:\WorkBuddy\video-transfer-tools\video_pipeline\tools\models\2x_OpenProteus_Compact_i2_70K.pth --device cuda --backend pytorch --precision auto --pytorch_gpu_id 0 --tilesize 512 --ffmpeg_path E:\WorkBuddy\video-transfer-tools\video_pipeline\.tools\ffmpeg\ffmpeg.exe --overwrite --crf 16 --video_encoder_preset libx264 --audio_encoder_preset aac
2026-09-28 17:26:44,647 [INFO] pipeline.runner: RUN E:\WorkBuddy\video-transfer-tools\video_pipeline\.venv-rve\Scripts\python.exe E:\WorkBuddy\video-transfer-tools\video_pipeline\tools\backend\rve-backend.py -i E:\WorkBuddy\video-transfer-tools\video_pipeline\input\课程\录像19.wmv -o E:\WorkBuddy\video-transfer-tools\video_pipeline\work\current\video_ai.mp4 --upscale_model E:\WorkBuddy\video-transfer-tools\video_pipeline\tools\models\2x_OpenProteus_Compact_i2_70K.pth --device cuda --backend pytorch --precision auto --pytorch_gpu_id 0 --tilesize 512 --ffmpeg_path E:\WorkBuddy\video-transfer-tools\video_pipeline\.tools\ffmpeg\ffmpeg.exe --overwrite --crf 16 --video_encoder_preset libx264 --audio_encoder_preset aac
2026-09-28 17:59:59,602 [INFO] pipeline.runner: EXIT rc=0 1995.0s E:\WorkBuddy\video-transfer-tools\video_pipeline\.venv-rve\Scripts\python.exe
2026-09-28 17:59:59,603 [INFO] pipeline.job.25: REPAIR_VIDEO 完成 → video_ai.mp4 (0.09 GB)
2026-09-28 17:59:59,608 [INFO] pipeline.runner: RUN ffmpeg -y -i E:\WorkBuddy\video-transfer-tools\video_pipeline\input\课程\录像19.wmv -vn -acodec pcm_s16le -ar 48000 E:\WorkBuddy\video-transfer-tools\video_pipeline\work\current\audio_clean.wav
2026-09-28 18:00:00,381 [INFO] pipeline.runner: EXIT rc=0 0.8s ffmpeg
2026-09-28 18:00:00,385 [INFO] pipeline.runner: RUN ffprobe -v error -print_format json -show_format -show_streams E:\WorkBuddy\video-transfer-tools\video_pipeline\work\current\video_ai.mp4
2026-09-28 18:00:00,491 [INFO] pipeline.runner: EXIT rc=0 0.1s ffprobe
2026-09-28 18:00:00,498 [INFO] adapters.ffmpeg: 尝试编码后端 hevc_qsv (qsv)
2026-09-28 18:00:00,498 [INFO] pipeline.runner: RUN ffmpeg -y -i E:\WorkBuddy\video-transfer-tools\video_pipeline\work\current\video_ai.mp4 -c:v hevc_qsv -preset medium -global_quality 23 -c:a aac -b:a 320k -ar 48000 -movflags +faststart E:\WorkBuddy\video-transfer-tools\video_pipeline\work\current\transcoded.mp4
2026-09-28 18:05:39,918 [INFO] pipeline.runner: EXIT rc=0 339.4s ffmpeg
2026-09-28 18:05:39,921 [INFO] pipeline.job.25: TRANSCODE 完成 → transcoded.mp4
2026-09-28 18:05:39,947 [INFO] pipeline.job.25: 删除临时文件 video_ai.mp4 (89.06 MB)
2026-09-28 18:05:39,951 [INFO] pipeline.runner: RUN ffmpeg -y -i E:\WorkBuddy\video-transfer-tools\video_pipeline\work\current\transcoded.mp4 -i E:\WorkBuddy\video-transfer-tools\video_pipeline\work\current\audio_clean.wav -map 0:v:0 -map 1:a:0 -c:v copy -c:a aac -b:a 320k -ar 48000 -shortest -movflags +faststart -f mp4 E:\WorkBuddy\video-transfer-tools\video_pipeline\output\课程\录像19.mp4.partial
2026-09-28 18:12:55,677 [INFO] pipeline.runner: EXIT rc=0 435.7s ffmpeg
2026-09-28 18:12:55,740 [INFO] pipeline.job.25: 删除临时文件 audio_clean.wav (204.07 MB)
2026-09-28 18:12:55,745 [INFO] pipeline.runner: RUN ffprobe -v error -print_format json -show_format -show_streams E:\WorkBuddy\video-transfer-tools\video_pipeline\output\课程\录像19.mp4.partial
2026-09-28 18:12:55,782 [INFO] pipeline.runner: EXIT rc=0 0.0s ffprobe
2026-09-28 18:12:55,783 [INFO] pipeline.job.25: VERIFY 通过 → E:\WorkBuddy\video-transfer-tools\video_pipeline\output\课程\录像19.mp4
2026-09-28 18:12:55,800 [INFO] pipeline.job.25: === 完成 → E:\WorkBuddy\video-transfer-tools\video_pipeline\output\课程\录像19.mp4 ===
2026-09-28 18:12:55,800 [INFO] pipeline.job.27: === 开始处理 E:\WorkBuddy\video-transfer-tools\video_pipeline\input\课程\录像21.wmv ===
2026-09-28 18:12:55,807 [INFO] pipeline.job.27: 自动档位：2x（仅超分） —— 超预算：完整修复约 3.9h > 0.5h，退回 2x（约快 9 倍）
2026-09-28 18:12:55,808 [INFO] pipeline.job.27: 耗时预估：完整档 3.93h / 快速档 0.41h / 单文件预算 0.50h
2026-09-28 18:12:55,808 [INFO] pipeline.job.27: RVE 参数：超分 2x，压缩修复 关，timeout 4.0h
2026-09-28 18:12:55,809 [INFO] adapters.rve: RVE 调用: E:\WorkBuddy\video-transfer-tools\video_pipeline\tools\backend\rve-backend.py -i E:\WorkBuddy\video-transfer-tools\video_pipeline\input\课程\录像21.wmv -o E:\WorkBuddy\video-transfer-tools\video_pipeline\work\current\video_ai.mp4 --upscale_model E:\WorkBuddy\video-transfer-tools\video_pipeline\tools\models\2x_OpenProteus_Compact_i2_70K.pth --device cuda --backend pytorch --precision auto --pytorch_gpu_id 0 --tilesize 512 --ffmpeg_path E:\WorkBuddy\video-transfer-tools\video_pipeline\.tools\ffmpeg\ffmpeg.exe --overwrite --crf 16 --video_encoder_preset libx264 --audio_encoder_preset aac
2026-09-28 18:12:55,810 [INFO] pipeline.runner: RUN E:\WorkBuddy\video-transfer-tools\video_pipeline\.venv-rve\Scripts\python.exe E:\WorkBuddy\video-transfer-tools\video_pipeline\tools\backend\rve-backend.py -i E:\WorkBuddy\video-transfer-tools\video_pipeline\input\课程\录像21.wmv -o E:\WorkBuddy\video-transfer-tools\video_pipeline\work\current\video_ai.mp4 --upscale_model E:\WorkBuddy\video-transfer-tools\video_pipeline\tools\models\2x_OpenProteus_Compact_i2_70K.pth --device cuda --backend pytorch --precision auto --pytorch_gpu_id 0 --tilesize 512 --ffmpeg_path E:\WorkBuddy\video-transfer-tools\video_pipeline\.tools\ffmpeg\ffmpeg.exe --overwrite --crf 16 --video_encoder_preset libx264 --audio_encoder_preset aac
2026-09-28 18:41:05,374 [INFO] pipeline.runner: EXIT rc=0 1689.6s E:\WorkBuddy\video-transfer-tools\video_pipeline\.venv-rve\Scripts\python.exe
2026-09-28 18:41:05,394 [INFO] pipeline.job.27: REPAIR_VIDEO 完成 → video_ai.mp4 (0.08 GB)
2026-09-28 18:41:05,397 [INFO] pipeline.runner: RUN ffmpeg -y -i E:\WorkBuddy\video-transfer-tools\video_pipeline\input\课程\录像21.wmv -vn -acodec pcm_s16le -ar 48000 E:\WorkBuddy\video-transfer-tools\video_pipeline\work\current\audio_clean.wav
2026-09-28 18:41:06,042 [INFO] pipeline.runner: EXIT rc=0 0.6s ffmpeg
2026-09-28 18:41:06,043 [INFO] pipeline.runner: RUN ffprobe -v error -print_format json -show_format -show_streams E:\WorkBuddy\video-transfer-tools\video_pipeline\work\current\video_ai.mp4
2026-09-28 18:41:06,149 [INFO] pipeline.runner: EXIT rc=0 0.1s ffprobe
2026-09-28 18:41:06,153 [INFO] adapters.ffmpeg: 尝试编码后端 hevc_qsv (qsv)
2026-09-28 18:41:06,153 [INFO] pipeline.runner: RUN ffmpeg -y -i E:\WorkBuddy\video-transfer-tools\video_pipeline\work\current\video_ai.mp4 -c:v hevc_qsv -preset medium -global_quality 23 -c:a aac -b:a 320k -ar 48000 -movflags +faststart E:\WorkBuddy\video-transfer-tools\video_pipeline\work\current\transcoded.mp4
2026-09-28 18:46:02,577 [INFO] pipeline.runner: EXIT rc=0 296.4s ffmpeg
2026-09-28 18:46:02,578 [INFO] pipeline.job.27: TRANSCODE 完成 → transcoded.mp4
2026-09-28 18:46:02,595 [INFO] pipeline.job.27: 删除临时文件 video_ai.mp4 (79.11 MB)
2026-09-28 18:46:02,601 [INFO] pipeline.runner: RUN ffmpeg -y -i E:\WorkBuddy\video-transfer-tools\video_pipeline\work\current\transcoded.mp4 -i E:\WorkBuddy\video-transfer-tools\video_pipeline\work\current\audio_clean.wav -map 0:v:0 -map 1:a:0 -c:v copy -c:a aac -b:a 320k -ar 48000 -shortest -movflags +faststart -f mp4 E:\WorkBuddy\video-transfer-tools\video_pipeline\output\课程\录像21.mp4.partial
2026-09-28 18:51:45,914 [INFO] pipeline.runner: EXIT rc=0 343.3s ffmpeg
2026-09-28 18:51:45,964 [INFO] pipeline.job.27: 删除临时文件 audio_clean.wav (179.81 MB)
2026-09-28 18:51:45,972 [INFO] pipeline.runner: RUN ffprobe -v error -print_format json -show_format -show_streams E:\WorkBuddy\video-transfer-tools\video_pipeline\output\课程\录像21.mp4.partial
2026-09-28 18:51:46,009 [INFO] pipeline.runner: EXIT rc=0 0.0s ffprobe
2026-09-28 18:51:46,012 [INFO] pipeline.job.27: VERIFY 通过 → E:\WorkBuddy\video-transfer-tools\video_pipeline\output\课程\录像21.mp4
2026-09-28 18:51:46,024 [INFO] pipeline.job.27: === 完成 → E:\WorkBuddy\video-transfer-tools\video_pipeline\output\课程\录像21.mp4 ===
2026-09-28 18:51:46,029 [INFO] pipeline.job.42: === 开始处理 E:\WorkBuddy\video-transfer-tools\video_pipeline\input\课程\录像36.wmv ===
2026-09-28 18:51:46,032 [INFO] pipeline.job.42: 自动档位：2x（仅超分） —— 超预算：完整修复约 2.6h > 0.5h，退回 2x（约快 9 倍）
2026-09-28 18:51:46,034 [INFO] pipeline.job.42: 耗时预估：完整档 2.56h / 快速档 0.27h / 单文件预算 0.50h
2026-09-28 18:51:46,034 [INFO] pipeline.job.42: RVE 参数：超分 2x，压缩修复 关，timeout 4.0h
2026-09-28 18:51:46,034 [INFO] adapters.rve: RVE 调用: E:\WorkBuddy\video-transfer-tools\video_pipeline\tools\backend\rve-backend.py -i E:\WorkBuddy\video-transfer-tools\video_pipeline\input\课程\录像36.wmv -o E:\WorkBuddy\video-transfer-tools\video_pipeline\work\current\video_ai.mp4 --upscale_model E:\WorkBuddy\video-transfer-tools\video_pipeline\tools\models\2x_OpenProteus_Compact_i2_70K.pth --device cuda --backend pytorch --precision auto --pytorch_gpu_id 0 --tilesize 512 --ffmpeg_path E:\WorkBuddy\video-transfer-tools\video_pipeline\.tools\ffmpeg\ffmpeg.exe --overwrite --crf 16 --video_encoder_preset libx264 --audio_encoder_preset aac
2026-09-28 18:51:46,034 [INFO] pipeline.runner: RUN E:\WorkBuddy\video-transfer-tools\video_pipeline\.venv-rve\Scripts\python.exe E:\WorkBuddy\video-transfer-tools\video_pipeline\tools\backend\rve-backend.py -i E:\WorkBuddy\video-transfer-tools\video_pipeline\input\课程\录像36.wmv -o E:\WorkBuddy\video-transfer-tools\video_pipeline\work\current\video_ai.mp4 --upscale_model E:\WorkBuddy\video-transfer-tools\video_pipeline\tools\models\2x_OpenProteus_Compact_i2_70K.pth --device cuda --backend pytorch --precision auto --pytorch_gpu_id 0 --tilesize 512 --ffmpeg_path E:\WorkBuddy\video-transfer-tools\video_pipeline\.tools\ffmpeg\ffmpeg.exe --overwrite --crf 16 --video_encoder_preset libx264 --audio_encoder_preset aac
2026-09-28 19:09:37,078 [INFO] pipeline.runner: EXIT rc=0 1071.0s E:\WorkBuddy\video-transfer-tools\video_pipeline\.venv-rve\Scripts\python.exe
2026-09-28 19:09:37,082 [INFO] pipeline.job.42: REPAIR_VIDEO 完成 → video_ai.mp4 (0.06 GB)
2026-09-28 19:09:37,085 [INFO] pipeline.runner: RUN ffmpeg -y -i E:\WorkBuddy\video-transfer-tools\video_pipeline\input\课程\录像36.wmv -vn -acodec pcm_s16le -ar 48000 E:\WorkBuddy\video-transfer-tools\video_pipeline\work\current\audio_clean.wav
2026-09-28 19:09:37,509 [INFO] pipeline.runner: EXIT rc=0 0.4s ffmpeg
2026-09-28 19:09:37,519 [INFO] pipeline.runner: RUN ffprobe -v error -print_format json -show_format -show_streams E:\WorkBuddy\video-transfer-tools\video_pipeline\work\current\video_ai.mp4
2026-09-28 19:09:37,628 [INFO] pipeline.runner: EXIT rc=0 0.1s ffprobe
2026-09-28 19:09:37,632 [INFO] adapters.ffmpeg: 尝试编码后端 hevc_qsv (qsv)
2026-09-28 19:09:37,632 [INFO] pipeline.runner: RUN ffmpeg -y -i E:\WorkBuddy\video-transfer-tools\video_pipeline\work\current\video_ai.mp4 -c:v hevc_qsv -preset medium -global_quality 23 -c:a aac -b:a 320k -ar 48000 -movflags +faststart E:\WorkBuddy\video-transfer-tools\video_pipeline\work\current\transcoded.mp4
2026-09-28 19:12:43,946 [INFO] pipeline.runner: EXIT rc=0 186.3s ffmpeg
2026-09-28 19:12:43,950 [INFO] pipeline.job.42: TRANSCODE 完成 → transcoded.mp4
2026-09-28 19:12:43,962 [INFO] pipeline.job.42: 删除临时文件 video_ai.mp4 (56.96 MB)
2026-09-28 19:12:43,965 [INFO] pipeline.runner: RUN ffmpeg -y -i E:\WorkBuddy\video-transfer-tools\video_pipeline\work\current\transcoded.mp4 -i E:\WorkBuddy\video-transfer-tools\video_pipeline\work\current\audio_clean.wav -map 0:v:0 -map 1:a:0 -c:v copy -c:a aac -b:a 320k -ar 48000 -shortest -movflags +faststart -f mp4 E:\WorkBuddy\video-transfer-tools\video_pipeline\output\课程\录像36.mp4.partial
2026-09-28 19:16:18,951 [INFO] pipeline.runner: EXIT rc=0 215.0s ffmpeg
2026-09-28 19:16:18,989 [INFO] pipeline.job.42: 删除临时文件 audio_clean.wav (116.82 MB)
2026-09-28 19:16:18,997 [INFO] pipeline.runner: RUN ffprobe -v error -print_format json -show_format -show_streams E:\WorkBuddy\video-transfer-tools\video_pipeline\output\课程\录像36.mp4.partial
2026-09-28 19:16:19,022 [INFO] pipeline.runner: EXIT rc=0 0.0s ffprobe
2026-09-28 19:16:19,028 [INFO] pipeline.job.42: VERIFY 通过 → E:\WorkBuddy\video-transfer-tools\video_pipeline\output\课程\录像36.mp4
2026-09-28 19:16:19,035 [INFO] pipeline.job.42: === 完成 → E:\WorkBuddy\video-transfer-tools\video_pipeline\output\课程\录像36.mp4 ===
2026-09-28 19:16:19,037 [INFO] pipeline.scheduler: 队列已清空，调度器退出
2026-09-28 19:19:43,479 [INFO] pipeline.runner: RUN ffprobe -v error -print_format json -show_format -show_streams E:\WorkBuddy\video-transfer-tools\video_pipeline\output\剧集\S01E04.mp4
2026-09-28 19:19:43,540 [INFO] pipeline.runner: EXIT rc=0 0.1s ffprobe
2026-09-28 19:19:43,551 [INFO] pipeline.runner: RUN ffprobe -v error -print_format json -show_format -show_streams E:\WorkBuddy\video-transfer-tools\video_pipeline\output\课程\录像01.mp4
2026-09-28 19:19:43,628 [INFO] pipeline.runner: EXIT rc=0 0.1s ffprobe
2026-09-28 19:19:43,643 [INFO] pipeline.runner: RUN ffprobe -v error -print_format json -show_format -show_streams E:\WorkBuddy\video-transfer-tools\video_pipeline\output\课程\录像02.mp4
2026-09-28 19:19:43,712 [INFO] pipeline.runner: EXIT rc=0 0.0s ffprobe
2026-09-28 19:19:43,723 [INFO] pipeline.runner: RUN ffprobe -v error -print_format json -show_format -show_streams E:\WorkBuddy\video-transfer-tools\video_pipeline\output\课程\录像03.mp4
2026-09-28 19:19:43,795 [INFO] pipeline.runner: EXIT rc=0 0.0s ffprobe
2026-09-28 19:19:43,812 [INFO] pipeline.runner: RUN ffprobe -v error -print_format json -show_format -show_streams E:\WorkBuddy\video-transfer-tools\video_pipeline\output\课程\录像05.mp4
2026-09-28 19:19:43,895 [INFO] pipeline.runner: EXIT rc=0 0.1s ffprobe
2026-09-28 19:19:43,902 [INFO] pipeline.runner: RUN ffprobe -v error -print_format json -show_format -show_streams E:\WorkBuddy\video-transfer-tools\video_pipeline\output\课程\录像07.mp4
2026-09-28 19:19:43,978 [INFO] pipeline.runner: EXIT rc=0 0.1s ffprobe
2026-09-28 19:19:43,989 [INFO] pipeline.runner: RUN ffprobe -v error -print_format json -show_format -show_streams E:\WorkBuddy\video-transfer-tools\video_pipeline\output\课程\录像08.mp4
2026-09-28 19:19:44,072 [INFO] pipeline.runner: EXIT rc=0 0.1s ffprobe
2026-09-28 19:19:44,089 [INFO] pipeline.runner: RUN ffprobe -v error -print_format json -show_format -show_streams E:\WorkBuddy\video-transfer-tools\video_pipeline\output\课程\录像09.mp4
2026-09-28 19:19:44,169 [INFO] pipeline.runner: EXIT rc=0 0.0s ffprobe
2026-09-28 19:19:44,178 [INFO] pipeline.runner: RUN ffprobe -v error -print_format json -show_format -show_streams E:\WorkBuddy\video-transfer-tools\video_pipeline\output\课程\录像10.mp4
2026-09-28 19:19:44,240 [INFO] pipeline.runner: EXIT rc=0 0.0s ffprobe
2026-09-28 19:19:44,250 [INFO] pipeline.runner: RUN ffprobe -v error -print_format json -show_format -show_streams E:\WorkBuddy\video-transfer-tools\video_pipeline\output\课程\录像11.mp4
2026-09-28 19:19:44,328 [INFO] pipeline.runner: EXIT rc=0 0.1s ffprobe
2026-09-28 19:19:44,340 [INFO] pipeline.runner: RUN ffprobe -v error -print_format json -show_format -show_streams E:\WorkBuddy\video-transfer-tools\video_pipeline\output\课程\录像12.mp4
2026-09-28 19:19:44,416 [INFO] pipeline.runner: EXIT rc=0 0.1s ffprobe
2026-09-28 19:19:44,428 [INFO] pipeline.runner: RUN ffprobe -v error -print_format json -show_format -show_streams E:\WorkBuddy\video-transfer-tools\video_pipeline\output\课程\录像13.mp4
2026-09-28 19:19:44,496 [INFO] pipeline.runner: EXIT rc=0 0.0s ffprobe
2026-09-28 19:19:44,506 [INFO] pipeline.runner: RUN ffprobe -v error -print_format json -show_format -show_streams E:\WorkBuddy\video-transfer-tools\video_pipeline\output\课程\录像14.mp4
2026-09-28 19:19:44,591 [INFO] pipeline.runner: EXIT rc=0 0.1s ffprobe
2026-09-28 19:19:44,607 [INFO] pipeline.runner: RUN ffprobe -v error -print_format json -show_format -show_streams E:\WorkBuddy\video-transfer-tools\video_pipeline\output\课程\录像15.mp4
2026-09-28 19:19:44,679 [INFO] pipeline.runner: EXIT rc=0 0.1s ffprobe
2026-09-28 19:19:44,689 [INFO] pipeline.runner: RUN ffprobe -v error -print_format json -show_format -show_streams E:\WorkBuddy\video-transfer-tools\video_pipeline\output\课程\录像16.mp4
2026-09-28 19:19:44,760 [INFO] pipeline.runner: EXIT rc=0 0.0s ffprobe
2026-09-28 19:19:44,790 [INFO] pipeline.runner: RUN ffprobe -v error -print_format json -show_format -show_streams E:\WorkBuddy\video-transfer-tools\video_pipeline\output\课程\录像17.mp4
2026-09-28 19:19:44,870 [INFO] pipeline.runner: EXIT rc=0 0.1s ffprobe
2026-09-28 19:19:44,881 [INFO] pipeline.runner: RUN ffprobe -v error -print_format json -show_format -show_streams E:\WorkBuddy\video-transfer-tools\video_pipeline\output\课程\录像18.mp4
2026-09-28 19:19:44,962 [INFO] pipeline.runner: EXIT rc=0 0.1s ffprobe
2026-09-28 19:19:44,973 [INFO] pipeline.runner: RUN ffprobe -v error -print_format json -show_format -show_streams E:\WorkBuddy\video-transfer-tools\video_pipeline\output\课程\录像19.mp4
2026-09-28 19:19:45,062 [INFO] pipeline.runner: EXIT rc=0 0.1s ffprobe
2026-09-28 19:19:45,074 [INFO] pipeline.runner: RUN ffprobe -v error -print_format json -show_format -show_streams E:\WorkBuddy\video-transfer-tools\video_pipeline\output\课程\录像20.mp4
2026-09-28 19:19:45,146 [INFO] pipeline.runner: EXIT rc=0 0.1s ffprobe
2026-09-28 19:19:45,153 [INFO] pipeline.runner: RUN ffprobe -v error -print_format json -show_format -show_streams E:\WorkBuddy\video-transfer-tools\video_pipeline\output\课程\录像21.mp4
2026-09-28 19:19:45,225 [INFO] pipeline.runner: EXIT rc=0 0.1s ffprobe
2026-09-28 19:19:45,235 [INFO] pipeline.runner: RUN ffprobe -v error -print_format json -show_format -show_streams E:\WorkBuddy\video-transfer-tools\video_pipeline\output\课程\录像22.mp4
2026-09-28 19:19:45,310 [INFO] pipeline.runner: EXIT rc=0 0.0s ffprobe
2026-09-28 19:19:45,322 [INFO] pipeline.runner: RUN ffprobe -v error -print_format json -show_format -show_streams E:\WorkBuddy\video-transfer-tools\video_pipeline\output\课程\录像23.mp4
2026-09-28 19:19:45,397 [INFO] pipeline.runner: EXIT rc=0 0.1s ffprobe
2026-09-28 19:19:45,407 [INFO] pipeline.runner: RUN ffprobe -v error -print_format json -show_format -show_streams E:\WorkBuddy\video-transfer-tools\video_pipeline\output\课程\录像24.mp4
2026-09-28 19:19:45,476 [INFO] pipeline.runner: EXIT rc=0 0.0s ffprobe
2026-09-28 19:19:45,484 [INFO] pipeline.runner: RUN ffprobe -v error -print_format json -show_format -show_streams E:\WorkBuddy\video-transfer-tools\video_pipeline\output\课程\录像25.mp4
2026-09-28 19:19:45,554 [INFO] pipeline.runner: EXIT rc=0 0.1s ffprobe
2026-09-28 19:19:45,564 [INFO] pipeline.runner: RUN ffprobe -v error -print_format json -show_format -show_streams E:\WorkBuddy\video-transfer-tools\video_pipeline\output\课程\录像26.mp4
2026-09-28 19:19:45,641 [INFO] pipeline.runner: EXIT rc=0 0.1s ffprobe
2026-09-28 19:19:45,664 [INFO] pipeline.runner: RUN ffprobe -v error -print_format json -show_format -show_streams E:\WorkBuddy\video-transfer-tools\video_pipeline\output\课程\录像27.mp4
2026-09-28 19:19:45,747 [INFO] pipeline.runner: EXIT rc=0 0.1s ffprobe
2026-09-28 19:19:45,758 [INFO] pipeline.runner: RUN ffprobe -v error -print_format json -show_format -show_streams E:\WorkBuddy\video-transfer-tools\video_pipeline\output\课程\录像28.mp4
2026-09-28 19:19:45,825 [INFO] pipeline.runner: EXIT rc=0 0.0s ffprobe
2026-09-28 19:19:45,838 [INFO] pipeline.runner: RUN ffprobe -v error -print_format json -show_format -show_streams E:\WorkBuddy\video-transfer-tools\video_pipeline\output\课程\录像29.mp4
2026-09-28 19:19:45,902 [INFO] pipeline.runner: EXIT rc=0 0.0s ffprobe
2026-09-28 19:19:45,916 [INFO] pipeline.runner: RUN ffprobe -v error -print_format json -show_format -show_streams E:\WorkBuddy\video-transfer-tools\video_pipeline\output\课程\录像30.mp4
2026-09-28 19:19:45,980 [INFO] pipeline.runner: EXIT rc=0 0.0s ffprobe
2026-09-28 19:19:45,996 [INFO] pipeline.runner: RUN ffprobe -v error -print_format json -show_format -show_streams E:\WorkBuddy\video-transfer-tools\video_pipeline\output\课程\录像31.mp4
2026-09-28 19:19:46,060 [INFO] pipeline.runner: EXIT rc=0 0.0s ffprobe
2026-09-28 19:19:46,069 [INFO] pipeline.runner: RUN ffprobe -v error -print_format json -show_format -show_streams E:\WorkBuddy\video-transfer-tools\video_pipeline\output\课程\录像32.mp4
2026-09-28 19:19:46,152 [INFO] pipeline.runner: EXIT rc=0 0.1s ffprobe
2026-09-28 19:19:46,166 [INFO] pipeline.runner: RUN ffprobe -v error -print_format json -show_format -show_streams E:\WorkBuddy\video-transfer-tools\video_pipeline\output\课程\录像33.mp4
2026-09-28 19:19:46,229 [INFO] pipeline.runner: EXIT rc=0 0.0s ffprobe
2026-09-28 19:19:46,240 [INFO] pipeline.runner: RUN ffprobe -v error -print_format json -show_format -show_streams E:\WorkBuddy\video-transfer-tools\video_pipeline\output\课程\录像34.mp4
2026-09-28 19:19:46,310 [INFO] pipeline.runner: EXIT rc=0 0.0s ffprobe
2026-09-28 19:19:46,319 [INFO] pipeline.runner: RUN ffprobe -v error -print_format json -show_format -show_streams E:\WorkBuddy\video-transfer-tools\video_pipeline\output\课程\录像35.mp4
2026-09-28 19:19:46,397 [INFO] pipeline.runner: EXIT rc=0 0.1s ffprobe
2026-09-28 19:19:46,409 [INFO] pipeline.runner: RUN ffprobe -v error -print_format json -show_format -show_streams E:\WorkBuddy\video-transfer-tools\video_pipeline\output\课程\录像36.mp4
2026-09-28 19:19:46,471 [INFO] pipeline.runner: EXIT rc=0 0.1s ffprobe
2026-09-28 19:19:46,483 [INFO] pipeline.runner: RUN ffprobe -v error -print_format json -show_format -show_streams E:\WorkBuddy\video-transfer-tools\video_pipeline\output\课程\录像37.mp4
2026-09-28 19:19:46,558 [INFO] pipeline.runner: EXIT rc=0 0.1s ffprobe
2026-09-28 21:20:53,529 [INFO] pipeline.scheduler: 自动档位：队列 2 个任务，单文件画质 AI 预算 6.0h，压缩修复能力 可用
2026-09-28 21:20:53,529 [INFO] pipeline.scheduler: 调度器启动：max_workspaces=1
2026-09-28 21:20:53,529 [INFO] pipeline.job.10: === 开始处理 E:\WorkBuddy\video-transfer-tools\video_pipeline\input\课程\录像04.wmv ===
2026-09-28 21:20:53,540 [INFO] pipeline.job.10: 自动档位：2x（仅超分） —— 超预算：完整修复约 6.6h > 6.0h，退回 2x（约快 9 倍）
2026-09-28 21:20:53,540 [INFO] pipeline.job.10: 耗时预估：完整档 6.60h / 快速档 0.68h / 单文件预算 6.00h
2026-09-28 21:20:53,540 [INFO] pipeline.job.10: RVE 参数：超分 2x，压缩修复 关，timeout 4.0h
2026-09-28 21:20:53,540 [INFO] adapters.rve: RVE 调用: E:\WorkBuddy\video-transfer-tools\video_pipeline\tools\backend\rve-backend.py -i E:\WorkBuddy\video-transfer-tools\video_pipeline\input\课程\录像04.wmv -o E:\WorkBuddy\video-transfer-tools\video_pipeline\work\current\video_ai.mp4 --upscale_model E:\WorkBuddy\video-transfer-tools\video_pipeline\tools\models\2x_OpenProteus_Compact_i2_70K.pth --device cuda --backend pytorch --precision auto --pytorch_gpu_id 0 --tilesize 512 --ffmpeg_path E:\WorkBuddy\video-transfer-tools\video_pipeline\.tools\ffmpeg\ffmpeg.exe --overwrite --crf 16 --video_encoder_preset libx264 --audio_encoder_preset aac --custom_encoder -c:v libx264 -threads 6 -crf 16 -b:a 192k -c:a aac -c:s copy
2026-09-28 21:20:53,540 [INFO] pipeline.runner: RUN E:\WorkBuddy\video-transfer-tools\video_pipeline\.venv-rve\Scripts\python.exe E:\WorkBuddy\video-transfer-tools\video_pipeline\tools\backend\rve-backend.py -i E:\WorkBuddy\video-transfer-tools\video_pipeline\input\课程\录像04.wmv -o E:\WorkBuddy\video-transfer-tools\video_pipeline\work\current\video_ai.mp4 --upscale_model E:\WorkBuddy\video-transfer-tools\video_pipeline\tools\models\2x_OpenProteus_Compact_i2_70K.pth --device cuda --backend pytorch --precision auto --pytorch_gpu_id 0 --tilesize 512 --ffmpeg_path E:\WorkBuddy\video-transfer-tools\video_pipeline\.tools\ffmpeg\ffmpeg.exe --overwrite --crf 16 --video_encoder_preset libx264 --audio_encoder_preset aac --custom_encoder -c:v libx264 -threads 6 -crf 16 -b:a 192k -c:a aac -c:s copy
2026-09-28 22:06:03,144 [INFO] pipeline.runner: EXIT rc=0 2709.6s E:\WorkBuddy\video-transfer-tools\video_pipeline\.venv-rve\Scripts\python.exe
2026-09-28 22:06:03,146 [INFO] pipeline.job.10: REPAIR_VIDEO 完成 → video_ai.mp4 (0.15 GB)
2026-09-28 22:06:03,150 [INFO] pipeline.runner: RUN ffmpeg -y -i E:\WorkBuddy\video-transfer-tools\video_pipeline\input\课程\录像04.wmv -vn -acodec pcm_s16le -ar 48000 E:\WorkBuddy\video-transfer-tools\video_pipeline\work\current\audio_clean.wav
2026-09-28 22:06:05,254 [INFO] pipeline.runner: EXIT rc=0 2.1s ffmpeg
2026-09-28 22:06:05,258 [INFO] pipeline.runner: RUN ffprobe -v error -print_format json -show_format -show_streams E:\WorkBuddy\video-transfer-tools\video_pipeline\work\current\video_ai.mp4
2026-09-28 22:06:06,326 [INFO] pipeline.runner: EXIT rc=0 1.1s ffprobe
2026-09-28 22:06:06,331 [INFO] pipeline.runner: RUN ffmpeg -hide_banner -encoders
2026-09-28 22:06:06,353 [INFO] pipeline.runner: EXIT rc=0 0.0s ffmpeg
2026-09-28 22:06:06,354 [INFO] adapters.ffmpeg: 尝试编码后端 hevc_qsv (qsv)
2026-09-28 22:06:06,354 [INFO] pipeline.runner: RUN ffmpeg -y -i E:\WorkBuddy\video-transfer-tools\video_pipeline\work\current\video_ai.mp4 -c:v hevc_qsv -preset medium -global_quality 23 -c:a aac -b:a 320k -ar 48000 -movflags +faststart E:\WorkBuddy\video-transfer-tools\video_pipeline\work\current\transcoded.mp4
2026-09-28 22:11:52,361 [INFO] pipeline.runner: EXIT rc=0 346.0s ffmpeg
2026-09-28 22:11:52,364 [INFO] pipeline.job.10: TRANSCODE 完成 → transcoded.mp4
2026-09-28 22:11:52,384 [INFO] pipeline.job.10: 删除临时文件 video_ai.mp4 (151.85 MB)
2026-09-28 22:11:52,389 [INFO] pipeline.runner: RUN ffmpeg -y -i E:\WorkBuddy\video-transfer-tools\video_pipeline\work\current\transcoded.mp4 -i E:\WorkBuddy\video-transfer-tools\video_pipeline\work\current\audio_clean.wav -map 0:v:0 -map 1:a:0 -c:v copy -c:a aac -b:a 320k -ar 48000 -shortest -movflags +faststart -f mp4 E:\WorkBuddy\video-transfer-tools\video_pipeline\output\课程\录像04.mp4.partial
2026-09-28 22:16:07,213 [INFO] pipeline.runner: EXIT rc=0 254.8s ffmpeg
2026-09-28 22:16:07,247 [INFO] pipeline.job.10: 删除临时文件 audio_clean.wav (302.49 MB)
2026-09-28 22:16:07,251 [INFO] pipeline.runner: RUN ffprobe -v error -print_format json -show_format -show_streams E:\WorkBuddy\video-transfer-tools\video_pipeline\output\课程\录像04.mp4.partial
2026-09-28 22:16:07,303 [INFO] pipeline.runner: EXIT rc=0 0.0s ffprobe
2026-09-28 22:16:07,304 [INFO] pipeline.job.10: VERIFY 通过 → E:\WorkBuddy\video-transfer-tools\video_pipeline\output\课程\录像04.mp4
2026-09-28 22:16:07,321 [INFO] pipeline.job.10: === 完成 → E:\WorkBuddy\video-transfer-tools\video_pipeline\output\课程\录像04.mp4 ===
2026-09-28 22:16:07,322 [INFO] pipeline.job.12: === 开始处理 E:\WorkBuddy\video-transfer-tools\video_pipeline\input\课程\录像06.wmv ===
2026-09-28 22:16:07,325 [INFO] pipeline.job.12: 自动档位：1x+2x（完整修复） —— 预算内：完整修复约 4.8h ≤ 6.0h，启用 1x+2x
2026-09-28 22:16:07,325 [INFO] pipeline.job.12: 耗时预估：完整档 4.80h / 快速档 0.50h / 单文件预算 6.00h
2026-09-28 22:16:07,325 [INFO] pipeline.job.12: RVE 参数：超分 2x，压缩修复 开，timeout 14.6h
2026-09-28 22:16:07,327 [INFO] adapters.rve: RVE 调用: E:\WorkBuddy\video-transfer-tools\video_pipeline\tools\backend\rve-backend.py -i E:\WorkBuddy\video-transfer-tools\video_pipeline\input\课程\录像06.wmv -o E:\WorkBuddy\video-transfer-tools\video_pipeline\work\current\video_ai.mp4 --extra_restoration_models E:\WorkBuddy\video-transfer-tools\video_pipeline\tools\models\1xDeH264_realplksr.pth --upscale_model E:\WorkBuddy\video-transfer-tools\video_pipeline\tools\models\2x_OpenProteus_Compact_i2_70K.pth --device cuda --backend pytorch --precision auto --pytorch_gpu_id 0 --tilesize 512 --ffmpeg_path E:\WorkBuddy\video-transfer-tools\video_pipeline\.tools\ffmpeg\ffmpeg.exe --overwrite --crf 16 --video_encoder_preset libx264 --audio_encoder_preset aac --custom_encoder -c:v libx264 -threads 6 -crf 16 -b:a 192k -c:a aac -c:s copy
2026-09-28 22:16:07,327 [INFO] pipeline.runner: RUN E:\WorkBuddy\video-transfer-tools\video_pipeline\.venv-rve\Scripts\python.exe E:\WorkBuddy\video-transfer-tools\video_pipeline\tools\backend\rve-backend.py -i E:\WorkBuddy\video-transfer-tools\video_pipeline\input\课程\录像06.wmv -o E:\WorkBuddy\video-transfer-tools\video_pipeline\work\current\video_ai.mp4 --extra_restoration_models E:\WorkBuddy\video-transfer-tools\video_pipeline\tools\models\1xDeH264_realplksr.pth --upscale_model E:\WorkBuddy\video-transfer-tools\video_pipeline\tools\models\2x_OpenProteus_Compact_i2_70K.pth --device cuda --backend pytorch --precision auto --pytorch_gpu_id 0 --tilesize 512 --ffmpeg_path E:\WorkBuddy\video-transfer-tools\video_pipeline\.tools\ffmpeg\ffmpeg.exe --overwrite --crf 16 --video_encoder_preset libx264 --audio_encoder_preset aac --custom_encoder -c:v libx264 -threads 6 -crf 16 -b:a 192k -c:a aac -c:s copy
2026-09-29 04:40:15,655 [INFO] pipeline.runner: EXIT rc=0 23048.3s E:\WorkBuddy\video-transfer-tools\video_pipeline\.venv-rve\Scripts\python.exe
2026-09-29 04:40:15,665 [INFO] pipeline.job.12: REPAIR_VIDEO 完成 → video_ai.mp4 (0.27 GB)
2026-09-29 04:40:15,672 [INFO] pipeline.runner: RUN ffmpeg -y -i E:\WorkBuddy\video-transfer-tools\video_pipeline\input\课程\录像06.wmv -vn -acodec pcm_s16le -ar 48000 E:\WorkBuddy\video-transfer-tools\video_pipeline\work\current\audio_clean.wav
2026-09-29 04:40:16,453 [INFO] pipeline.runner: EXIT rc=0 0.8s ffmpeg
2026-09-29 04:40:16,455 [INFO] pipeline.runner: RUN ffprobe -v error -print_format json -show_format -show_streams E:\WorkBuddy\video-transfer-tools\video_pipeline\work\current\video_ai.mp4
2026-09-29 04:40:16,604 [INFO] pipeline.runner: EXIT rc=0 0.1s ffprobe
2026-09-29 04:40:16,607 [INFO] adapters.ffmpeg: 尝试编码后端 hevc_qsv (qsv)
2026-09-29 04:40:16,607 [INFO] pipeline.runner: RUN ffmpeg -y -i E:\WorkBuddy\video-transfer-tools\video_pipeline\work\current\video_ai.mp4 -c:v hevc_qsv -preset medium -global_quality 23 -c:a aac -b:a 320k -ar 48000 -movflags +faststart E:\WorkBuddy\video-transfer-tools\video_pipeline\work\current\transcoded.mp4
2026-09-29 04:44:31,765 [INFO] pipeline.runner: EXIT rc=0 255.1s ffmpeg
2026-09-29 04:44:31,767 [INFO] pipeline.job.12: TRANSCODE 完成 → transcoded.mp4
2026-09-29 04:44:31,799 [INFO] pipeline.job.12: 删除临时文件 video_ai.mp4 (278.16 MB)
2026-09-29 04:44:31,802 [INFO] pipeline.runner: RUN ffmpeg -y -i E:\WorkBuddy\video-transfer-tools\video_pipeline\work\current\transcoded.mp4 -i E:\WorkBuddy\video-transfer-tools\video_pipeline\work\current\audio_clean.wav -map 0:v:0 -map 1:a:0 -c:v copy -c:a aac -b:a 320k -ar 48000 -shortest -movflags +faststart -f mp4 E:\WorkBuddy\video-transfer-tools\video_pipeline\output\课程\录像06.mp4.partial
2026-09-29 04:47:51,349 [INFO] pipeline.runner: EXIT rc=0 199.5s ffmpeg
2026-09-29 04:47:51,372 [INFO] pipeline.job.12: 删除临时文件 audio_clean.wav (219.91 MB)
2026-09-29 04:47:51,374 [INFO] pipeline.runner: RUN ffprobe -v error -print_format json -show_format -show_streams E:\WorkBuddy\video-transfer-tools\video_pipeline\output\课程\录像06.mp4.partial
2026-09-29 04:47:51,412 [INFO] pipeline.runner: EXIT rc=0 0.0s ffprobe
2026-09-29 04:47:51,416 [INFO] pipeline.job.12: VERIFY 通过 → E:\WorkBuddy\video-transfer-tools\video_pipeline\output\课程\录像06.mp4
2026-09-29 04:47:51,424 [INFO] pipeline.job.12: === 完成 → E:\WorkBuddy\video-transfer-tools\video_pipeline\output\课程\录像06.mp4 ===
2026-09-29 04:47:51,424 [INFO] pipeline.scheduler: 队列已清空，调度器退出
2026-09-29 07:30:53,998 [INFO] pipeline.scanner: 扫描到 39 个候选文件
2026-09-29 07:30:54,002 [INFO] pipeline.scanner: 新任务 job=45: S01E04_seg30min.mp4 (0.15 GB)
2026-09-29 07:31:15,472 [INFO] pipeline.scheduler: 自动档位：队列 1 个任务，单文件画质 AI 预算 12.0h，压缩修复能力 可用
2026-09-29 07:31:15,476 [INFO] pipeline.scheduler: 调度器启动：max_workspaces=1
2026-09-29 07:31:15,477 [INFO] pipeline.job.45: === 开始处理 E:\WorkBuddy\video-transfer-tools\video_pipeline\input\剧集\S01E04_seg30min.mp4 ===
2026-09-29 07:31:15,478 [INFO] pipeline.runner: RUN E:\WorkBuddy\video-transfer-tools\video_pipeline\.tools\ffmpeg\ffprobe.EXE -v error -print_format json -show_format -show_streams E:\WorkBuddy\video-transfer-tools\video_pipeline\input\剧集\S01E04_seg30min.mp4
2026-09-29 07:31:15,525 [INFO] pipeline.runner: EXIT rc=0 0.0s E:\WorkBuddy\video-transfer-tools\video_pipeline\.tools\ffmpeg\ffprobe.EXE
2026-09-29 07:31:15,528 [INFO] pipeline.job.45: VALIDATING 完成 profile=legacy
2026-09-29 07:31:15,529 [INFO] pipeline.job.45: 自动档位：2x（仅超分） —— 档位=中档：仅 2x 超分，不做压缩伪影修复
2026-09-29 07:31:15,529 [INFO] pipeline.job.45: 耗时预估：完整档 6.52h / 快速档 0.67h / 单文件预算 12.00h
2026-09-29 07:31:15,531 [INFO] pipeline.job.45: RVE 参数：超分 2x，压缩修复 关，timeout 4.0h
2026-09-29 07:31:15,532 [INFO] adapters.rve: RVE 调用: E:\WorkBuddy\video-transfer-tools\video_pipeline\tools\backend\rve-backend.py -i E:\WorkBuddy\video-transfer-tools\video_pipeline\input\剧集\S01E04_seg30min.mp4 -o E:\WorkBuddy\video-transfer-tools\video_pipeline\work\current\video_ai.mp4 --upscale_model E:\WorkBuddy\video-transfer-tools\video_pipeline\tools\models\2x_OpenProteus_Compact_i2_70K.pth --device cuda --backend pytorch --precision auto --pytorch_gpu_id 0 --tilesize 512 --ffmpeg_path E:\WorkBuddy\video-transfer-tools\video_pipeline\.tools\ffmpeg\ffmpeg.exe --overwrite --crf 16 --video_encoder_preset libx264 --audio_encoder_preset aac --custom_encoder -c:v libx264 -threads 6 -crf 16 -b:a 192k -c:a aac -c:s copy
2026-09-29 07:31:15,532 [INFO] pipeline.runner: RUN E:\WorkBuddy\video-transfer-tools\video_pipeline\.venv-rve\Scripts\python.exe E:\WorkBuddy\video-transfer-tools\video_pipeline\tools\backend\rve-backend.py -i E:\WorkBuddy\video-transfer-tools\video_pipeline\input\剧集\S01E04_seg30min.mp4 -o E:\WorkBuddy\video-transfer-tools\video_pipeline\work\current\video_ai.mp4 --upscale_model E:\WorkBuddy\video-transfer-tools\video_pipeline\tools\models\2x_OpenProteus_Compact_i2_70K.pth --device cuda --backend pytorch --precision auto --pytorch_gpu_id 0 --tilesize 512 --ffmpeg_path E:\WorkBuddy\video-transfer-tools\video_pipeline\.tools\ffmpeg\ffmpeg.exe --overwrite --crf 16 --video_encoder_preset libx264 --audio_encoder_preset aac --custom_encoder -c:v libx264 -threads 6 -crf 16 -b:a 192k -c:a aac -c:s copy
2026-09-29 08:18:28,238 [INFO] pipeline.runner: EXIT rc=0 2832.6s E:\WorkBuddy\video-transfer-tools\video_pipeline\.venv-rve\Scripts\python.exe
2026-09-29 08:18:28,244 [INFO] pipeline.job.45: REPAIR_VIDEO 完成 → video_ai.mp4 (0.78 GB)
2026-09-29 08:18:28,248 [INFO] pipeline.runner: RUN E:\WorkBuddy\video-transfer-tools\video_pipeline\.tools\ffmpeg\ffmpeg.EXE -y -i E:\WorkBuddy\video-transfer-tools\video_pipeline\input\剧集\S01E04_seg30min.mp4 -vn -acodec pcm_s16le -ar 48000 E:\WorkBuddy\video-transfer-tools\video_pipeline\work\current\audio_clean.wav
2026-09-29 08:18:31,683 [INFO] pipeline.runner: EXIT rc=0 3.4s E:\WorkBuddy\video-transfer-tools\video_pipeline\.tools\ffmpeg\ffmpeg.EXE
2026-09-29 08:18:31,686 [INFO] pipeline.runner: RUN E:\WorkBuddy\video-transfer-tools\video_pipeline\.tools\ffmpeg\ffprobe.EXE -v error -print_format json -show_format -show_streams E:\WorkBuddy\video-transfer-tools\video_pipeline\work\current\video_ai.mp4
2026-09-29 08:18:32,681 [INFO] pipeline.runner: EXIT rc=0 1.0s E:\WorkBuddy\video-transfer-tools\video_pipeline\.tools\ffmpeg\ffprobe.EXE
2026-09-29 08:18:32,688 [INFO] pipeline.runner: RUN E:\WorkBuddy\video-transfer-tools\video_pipeline\.tools\ffmpeg\ffmpeg.EXE -hide_banner -encoders
2026-09-29 08:18:32,710 [INFO] pipeline.runner: EXIT rc=0 0.0s E:\WorkBuddy\video-transfer-tools\video_pipeline\.tools\ffmpeg\ffmpeg.EXE
2026-09-29 08:18:32,711 [INFO] adapters.ffmpeg: 尝试编码后端 hevc_qsv (qsv)
2026-09-29 08:18:32,711 [INFO] pipeline.runner: RUN E:\WorkBuddy\video-transfer-tools\video_pipeline\.tools\ffmpeg\ffmpeg.EXE -y -i E:\WorkBuddy\video-transfer-tools\video_pipeline\work\current\video_ai.mp4 -c:v hevc_qsv -preset medium -global_quality 23 -c:a aac -b:a 320k -ar 48000 -movflags +faststart E:\WorkBuddy\video-transfer-tools\video_pipeline\work\current\transcoded.mp4
2026-09-29 08:25:11,388 [INFO] pipeline.runner: EXIT rc=0 398.7s E:\WorkBuddy\video-transfer-tools\video_pipeline\.tools\ffmpeg\ffmpeg.EXE
2026-09-29 08:25:11,391 [INFO] pipeline.job.45: TRANSCODE 完成 → transcoded.mp4
2026-09-29 08:25:11,505 [INFO] pipeline.job.45: 删除临时文件 video_ai.mp4 (797.94 MB)
2026-09-29 08:25:11,512 [INFO] pipeline.runner: RUN E:\WorkBuddy\video-transfer-tools\video_pipeline\.tools\ffmpeg\ffmpeg.EXE -y -i E:\WorkBuddy\video-transfer-tools\video_pipeline\work\current\transcoded.mp4 -i E:\WorkBuddy\video-transfer-tools\video_pipeline\work\current\audio_clean.wav -map 0:v:0 -map 1:a:0 -c:v copy -c:a aac -b:a 320k -ar 48000 -shortest -movflags +faststart -f mp4 E:\WorkBuddy\video-transfer-tools\video_pipeline\output\剧集\S01E04_seg30min.mp4.partial
2026-09-29 08:28:24,404 [INFO] pipeline.runner: EXIT rc=0 192.9s E:\WorkBuddy\video-transfer-tools\video_pipeline\.tools\ffmpeg\ffmpeg.EXE
2026-09-29 08:28:24,458 [INFO] pipeline.job.45: 删除临时文件 audio_clean.wav (330.31 MB)
2026-09-29 08:28:24,463 [INFO] pipeline.runner: RUN E:\WorkBuddy\video-transfer-tools\video_pipeline\.tools\ffmpeg\ffprobe.EXE -v error -print_format json -show_format -show_streams E:\WorkBuddy\video-transfer-tools\video_pipeline\output\剧集\S01E04_seg30min.mp4.partial
2026-09-29 08:28:24,497 [INFO] pipeline.runner: EXIT rc=0 0.0s E:\WorkBuddy\video-transfer-tools\video_pipeline\.tools\ffmpeg\ffprobe.EXE
2026-09-29 08:28:24,502 [INFO] pipeline.job.45: VERIFY 通过 → E:\WorkBuddy\video-transfer-tools\video_pipeline\output\剧集\S01E04_seg30min.mp4
2026-09-29 08:28:24,547 [INFO] pipeline.job.45: === 完成 → E:\WorkBuddy\video-transfer-tools\video_pipeline\output\剧集\S01E04_seg30min.mp4 ===
2026-09-29 08:28:24,550 [INFO] pipeline.scheduler: 队列已清空，调度器退出
2026-09-29 08:32:20,819 [INFO] pipeline.runner: RUN E:\WorkBuddy\video-transfer-tools\video_pipeline\.tools\ffmpeg\ffprobe.EXE -v error -print_format json -show_format -show_streams E:\WorkBuddy\video-transfer-tools\video_pipeline\output\剧集\S01E04.mp4
2026-09-29 08:32:20,880 [INFO] pipeline.runner: EXIT rc=0 0.1s E:\WorkBuddy\video-transfer-tools\video_pipeline\.tools\ffmpeg\ffprobe.EXE
2026-09-29 08:32:20,894 [INFO] pipeline.runner: RUN E:\WorkBuddy\video-transfer-tools\video_pipeline\.tools\ffmpeg\ffprobe.EXE -v error -print_format json -show_format -show_streams E:\WorkBuddy\video-transfer-tools\video_pipeline\output\剧集\S01E04_seg30min.mp4
2026-09-29 08:32:20,959 [INFO] pipeline.runner: EXIT rc=0 0.0s E:\WorkBuddy\video-transfer-tools\video_pipeline\.tools\ffmpeg\ffprobe.EXE
2026-09-29 08:32:20,971 [INFO] pipeline.runner: RUN E:\WorkBuddy\video-transfer-tools\video_pipeline\.tools\ffmpeg\ffprobe.EXE -v error -print_format json -show_format -show_streams E:\WorkBuddy\video-transfer-tools\video_pipeline\output\课程\录像01.mp4
2026-09-29 08:32:21,035 [INFO] pipeline.runner: EXIT rc=0 0.1s E:\WorkBuddy\video-transfer-tools\video_pipeline\.tools\ffmpeg\ffprobe.EXE
2026-09-29 08:32:21,049 [INFO] pipeline.runner: RUN E:\WorkBuddy\video-transfer-tools\video_pipeline\.tools\ffmpeg\ffprobe.EXE -v error -print_format json -show_format -show_streams E:\WorkBuddy\video-transfer-tools\video_pipeline\output\课程\录像02.mp4
2026-09-29 08:32:21,122 [INFO] pipeline.runner: EXIT rc=0 0.0s E:\WorkBuddy\video-transfer-tools\video_pipeline\.tools\ffmpeg\ffprobe.EXE
2026-09-29 08:32:21,138 [INFO] pipeline.runner: RUN E:\WorkBuddy\video-transfer-tools\video_pipeline\.tools\ffmpeg\ffprobe.EXE -v error -print_format json -show_format -show_streams E:\WorkBuddy\video-transfer-tools\video_pipeline\output\课程\录像03.mp4
2026-09-29 08:32:21,205 [INFO] pipeline.runner: EXIT rc=0 0.1s E:\WorkBuddy\video-transfer-tools\video_pipeline\.tools\ffmpeg\ffprobe.EXE
2026-09-29 08:32:21,217 [INFO] pipeline.runner: RUN E:\WorkBuddy\video-transfer-tools\video_pipeline\.tools\ffmpeg\ffprobe.EXE -v error -print_format json -show_format -show_streams E:\WorkBuddy\video-transfer-tools\video_pipeline\output\课程\录像04.mp4
2026-09-29 08:32:21,287 [INFO] pipeline.runner: EXIT rc=0 0.1s E:\WorkBuddy\video-transfer-tools\video_pipeline\.tools\ffmpeg\ffprobe.EXE
2026-09-29 08:32:21,302 [INFO] pipeline.runner: RUN E:\WorkBuddy\video-transfer-tools\video_pipeline\.tools\ffmpeg\ffprobe.EXE -v error -print_format json -show_format -show_streams E:\WorkBuddy\video-transfer-tools\video_pipeline\output\课程\录像05.mp4
2026-09-29 08:32:21,371 [INFO] pipeline.runner: EXIT rc=0 0.0s E:\WorkBuddy\video-transfer-tools\video_pipeline\.tools\ffmpeg\ffprobe.EXE
2026-09-29 08:32:21,390 [INFO] pipeline.runner: RUN E:\WorkBuddy\video-transfer-tools\video_pipeline\.tools\ffmpeg\ffprobe.EXE -v error -print_format json -show_format -show_streams E:\WorkBuddy\video-transfer-tools\video_pipeline\output\课程\录像06.mp4
2026-09-29 08:32:21,447 [INFO] pipeline.runner: EXIT rc=0 0.0s E:\WorkBuddy\video-transfer-tools\video_pipeline\.tools\ffmpeg\ffprobe.EXE
2026-09-29 08:32:21,459 [INFO] pipeline.runner: RUN E:\WorkBuddy\video-transfer-tools\video_pipeline\.tools\ffmpeg\ffprobe.EXE -v error -print_format json -show_format -show_streams E:\WorkBuddy\video-transfer-tools\video_pipeline\output\课程\录像07.mp4
2026-09-29 08:32:21,527 [INFO] pipeline.runner: EXIT rc=0 0.0s E:\WorkBuddy\video-transfer-tools\video_pipeline\.tools\ffmpeg\ffprobe.EXE
2026-09-29 08:32:21,537 [INFO] pipeline.runner: RUN E:\WorkBuddy\video-transfer-tools\video_pipeline\.tools\ffmpeg\ffprobe.EXE -v error -print_format json -show_format -show_streams E:\WorkBuddy\video-transfer-tools\video_pipeline\output\课程\录像08.mp4
2026-09-29 08:32:21,594 [INFO] pipeline.runner: EXIT rc=0 0.0s E:\WorkBuddy\video-transfer-tools\video_pipeline\.tools\ffmpeg\ffprobe.EXE
2026-09-29 08:32:21,602 [INFO] pipeline.runner: RUN E:\WorkBuddy\video-transfer-tools\video_pipeline\.tools\ffmpeg\ffprobe.EXE -v error -print_format json -show_format -show_streams E:\WorkBuddy\video-transfer-tools\video_pipeline\output\课程\录像09.mp4
2026-09-29 08:32:21,659 [INFO] pipeline.runner: EXIT rc=0 0.0s E:\WorkBuddy\video-transfer-tools\video_pipeline\.tools\ffmpeg\ffprobe.EXE
2026-09-29 08:32:21,677 [INFO] pipeline.runner: RUN E:\WorkBuddy\video-transfer-tools\video_pipeline\.tools\ffmpeg\ffprobe.EXE -v error -print_format json -show_format -show_streams E:\WorkBuddy\video-transfer-tools\video_pipeline\output\课程\录像10.mp4
2026-09-29 08:32:21,731 [INFO] pipeline.runner: EXIT rc=0 0.0s E:\WorkBuddy\video-transfer-tools\video_pipeline\.tools\ffmpeg\ffprobe.EXE
2026-09-29 08:32:21,744 [INFO] pipeline.runner: RUN E:\WorkBuddy\video-transfer-tools\video_pipeline\.tools\ffmpeg\ffprobe.EXE -v error -print_format json -show_format -show_streams E:\WorkBuddy\video-transfer-tools\video_pipeline\output\课程\录像11.mp4
2026-09-29 08:32:21,809 [INFO] pipeline.runner: EXIT rc=0 0.0s E:\WorkBuddy\video-transfer-tools\video_pipeline\.tools\ffmpeg\ffprobe.EXE
2026-09-29 08:32:21,820 [INFO] pipeline.runner: RUN E:\WorkBuddy\video-transfer-tools\video_pipeline\.tools\ffmpeg\ffprobe.EXE -v error -print_format json -show_format -show_streams E:\WorkBuddy\video-transfer-tools\video_pipeline\output\课程\录像12.mp4
2026-09-29 08:32:21,885 [INFO] pipeline.runner: EXIT rc=0 0.0s E:\WorkBuddy\video-transfer-tools\video_pipeline\.tools\ffmpeg\ffprobe.EXE
2026-09-29 08:32:21,900 [INFO] pipeline.runner: RUN E:\WorkBuddy\video-transfer-tools\video_pipeline\.tools\ffmpeg\ffprobe.EXE -v error -print_format json -show_format -show_streams E:\WorkBuddy\video-transfer-tools\video_pipeline\output\课程\录像13.mp4
2026-09-29 08:32:21,977 [INFO] pipeline.runner: EXIT rc=0 0.1s E:\WorkBuddy\video-transfer-tools\video_pipeline\.tools\ffmpeg\ffprobe.EXE
2026-09-29 08:32:21,987 [INFO] pipeline.runner: RUN E:\WorkBuddy\video-transfer-tools\video_pipeline\.tools\ffmpeg\ffprobe.EXE -v error -print_format json -show_format -show_streams E:\WorkBuddy\video-transfer-tools\video_pipeline\output\课程\录像14.mp4
2026-09-29 08:32:22,055 [INFO] pipeline.runner: EXIT rc=0 0.0s E:\WorkBuddy\video-transfer-tools\video_pipeline\.tools\ffmpeg\ffprobe.EXE
2026-09-29 08:32:22,069 [INFO] pipeline.runner: RUN E:\WorkBuddy\video-transfer-tools\video_pipeline\.tools\ffmpeg\ffprobe.EXE -v error -print_format json -show_format -show_streams E:\WorkBuddy\video-transfer-tools\video_pipeline\output\课程\录像15.mp4
2026-09-29 08:32:22,128 [INFO] pipeline.runner: EXIT rc=0 0.0s E:\WorkBuddy\video-transfer-tools\video_pipeline\.tools\ffmpeg\ffprobe.EXE
2026-09-29 08:32:22,142 [INFO] pipeline.runner: RUN E:\WorkBuddy\video-transfer-tools\video_pipeline\.tools\ffmpeg\ffprobe.EXE -v error -print_format json -show_format -show_streams E:\WorkBuddy\video-transfer-tools\video_pipeline\output\课程\录像16.mp4
2026-09-29 08:32:22,218 [INFO] pipeline.runner: EXIT rc=0 0.1s E:\WorkBuddy\video-transfer-tools\video_pipeline\.tools\ffmpeg\ffprobe.EXE
2026-09-29 08:32:22,221 [INFO] pipeline.runner: RUN E:\WorkBuddy\video-transfer-tools\video_pipeline\.tools\ffmpeg\ffprobe.EXE -v error -print_format json -show_format -show_streams E:\WorkBuddy\video-transfer-tools\video_pipeline\output\课程\录像17.mp4
2026-09-29 08:32:22,298 [INFO] pipeline.runner: EXIT rc=0 0.1s E:\WorkBuddy\video-transfer-tools\video_pipeline\.tools\ffmpeg\ffprobe.EXE
2026-09-29 08:32:22,313 [INFO] pipeline.runner: RUN E:\WorkBuddy\video-transfer-tools\video_pipeline\.tools\ffmpeg\ffprobe.EXE -v error -print_format json -show_format -show_streams E:\WorkBuddy\video-transfer-tools\video_pipeline\output\课程\录像18.mp4
2026-09-29 08:32:22,382 [INFO] pipeline.runner: EXIT rc=0 0.0s E:\WorkBuddy\video-transfer-tools\video_pipeline\.tools\ffmpeg\ffprobe.EXE
2026-09-29 08:32:22,399 [INFO] pipeline.runner: RUN E:\WorkBuddy\video-transfer-tools\video_pipeline\.tools\ffmpeg\ffprobe.EXE -v error -print_format json -show_format -show_streams E:\WorkBuddy\video-transfer-tools\video_pipeline\output\课程\录像19.mp4
2026-09-29 08:32:22,467 [INFO] pipeline.runner: EXIT rc=0 0.1s E:\WorkBuddy\video-transfer-tools\video_pipeline\.tools\ffmpeg\ffprobe.EXE
2026-09-29 08:32:22,480 [INFO] pipeline.runner: RUN E:\WorkBuddy\video-transfer-tools\video_pipeline\.tools\ffmpeg\ffprobe.EXE -v error -print_format json -show_format -show_streams E:\WorkBuddy\video-transfer-tools\video_pipeline\output\课程\录像20.mp4
2026-09-29 08:32:22,548 [INFO] pipeline.runner: EXIT rc=0 0.1s E:\WorkBuddy\video-transfer-tools\video_pipeline\.tools\ffmpeg\ffprobe.EXE
2026-09-29 08:32:22,561 [INFO] pipeline.runner: RUN E:\WorkBuddy\video-transfer-tools\video_pipeline\.tools\ffmpeg\ffprobe.EXE -v error -print_format json -show_format -show_streams E:\WorkBuddy\video-transfer-tools\video_pipeline\output\课程\录像21.mp4
2026-09-29 08:32:22,627 [INFO] pipeline.runner: EXIT rc=0 0.0s E:\WorkBuddy\video-transfer-tools\video_pipeline\.tools\ffmpeg\ffprobe.EXE
2026-09-29 08:32:22,642 [INFO] pipeline.runner: RUN E:\WorkBuddy\video-transfer-tools\video_pipeline\.tools\ffmpeg\ffprobe.EXE -v error -print_format json -show_format -show_streams E:\WorkBuddy\video-transfer-tools\video_pipeline\output\课程\录像22.mp4
2026-09-29 08:32:22,703 [INFO] pipeline.runner: EXIT rc=0 0.1s E:\WorkBuddy\video-transfer-tools\video_pipeline\.tools\ffmpeg\ffprobe.EXE
2026-09-29 08:32:22,717 [INFO] pipeline.runner: RUN E:\WorkBuddy\video-transfer-tools\video_pipeline\.tools\ffmpeg\ffprobe.EXE -v error -print_format json -show_format -show_streams E:\WorkBuddy\video-transfer-tools\video_pipeline\output\课程\录像23.mp4
2026-09-29 08:32:22,780 [INFO] pipeline.runner: EXIT rc=0 0.1s E:\WorkBuddy\video-transfer-tools\video_pipeline\.tools\ffmpeg\ffprobe.EXE
2026-09-29 08:32:22,792 [INFO] pipeline.runner: RUN E:\WorkBuddy\video-transfer-tools\video_pipeline\.tools\ffmpeg\ffprobe.EXE -v error -print_format json -show_format -show_streams E:\WorkBuddy\video-transfer-tools\video_pipeline\output\课程\录像24.mp4
2026-09-29 08:32:22,863 [INFO] pipeline.runner: EXIT rc=0 0.1s E:\WorkBuddy\video-transfer-tools\video_pipeline\.tools\ffmpeg\ffprobe.EXE
2026-09-29 08:32:22,870 [INFO] pipeline.runner: RUN E:\WorkBuddy\video-transfer-tools\video_pipeline\.tools\ffmpeg\ffprobe.EXE -v error -print_format json -show_format -show_streams E:\WorkBuddy\video-transfer-tools\video_pipeline\output\课程\录像25.mp4
2026-09-29 08:32:22,936 [INFO] pipeline.runner: EXIT rc=0 0.1s E:\WorkBuddy\video-transfer-tools\video_pipeline\.tools\ffmpeg\ffprobe.EXE
2026-09-29 08:32:22,949 [INFO] pipeline.runner: RUN E:\WorkBuddy\video-transfer-tools\video_pipeline\.tools\ffmpeg\ffprobe.EXE -v error -print_format json -show_format -show_streams E:\WorkBuddy\video-transfer-tools\video_pipeline\output\课程\录像26.mp4
2026-09-29 08:32:23,013 [INFO] pipeline.runner: EXIT rc=0 0.0s E:\WorkBuddy\video-transfer-tools\video_pipeline\.tools\ffmpeg\ffprobe.EXE
2026-09-29 08:32:23,027 [INFO] pipeline.runner: RUN E:\WorkBuddy\video-transfer-tools\video_pipeline\.tools\ffmpeg\ffprobe.EXE -v error -print_format json -show_format -show_streams E:\WorkBuddy\video-transfer-tools\video_pipeline\output\课程\录像27.mp4
2026-09-29 08:32:23,094 [INFO] pipeline.runner: EXIT rc=0 0.1s E:\WorkBuddy\video-transfer-tools\video_pipeline\.tools\ffmpeg\ffprobe.EXE
2026-09-29 08:32:23,110 [INFO] pipeline.runner: RUN E:\WorkBuddy\video-transfer-tools\video_pipeline\.tools\ffmpeg\ffprobe.EXE -v error -print_format json -show_format -show_streams E:\WorkBuddy\video-transfer-tools\video_pipeline\output\课程\录像28.mp4
2026-09-29 08:32:23,181 [INFO] pipeline.runner: EXIT rc=0 0.0s E:\WorkBuddy\video-transfer-tools\video_pipeline\.tools\ffmpeg\ffprobe.EXE
2026-09-29 08:32:23,193 [INFO] pipeline.runner: RUN E:\WorkBuddy\video-transfer-tools\video_pipeline\.tools\ffmpeg\ffprobe.EXE -v error -print_format json -show_format -show_streams E:\WorkBuddy\video-transfer-tools\video_pipeline\output\课程\录像29.mp4
2026-09-29 08:32:23,257 [INFO] pipeline.runner: EXIT rc=0 0.0s E:\WorkBuddy\video-transfer-tools\video_pipeline\.tools\ffmpeg\ffprobe.EXE
2026-09-29 08:32:23,270 [INFO] pipeline.runner: RUN E:\WorkBuddy\video-transfer-tools\video_pipeline\.tools\ffmpeg\ffprobe.EXE -v error -print_format json -show_format -show_streams E:\WorkBuddy\video-transfer-tools\video_pipeline\output\课程\录像30.mp4
2026-09-29 08:32:23,347 [INFO] pipeline.runner: EXIT rc=0 0.1s E:\WorkBuddy\video-transfer-tools\video_pipeline\.tools\ffmpeg\ffprobe.EXE
2026-09-29 08:32:23,360 [INFO] pipeline.runner: RUN E:\WorkBuddy\video-transfer-tools\video_pipeline\.tools\ffmpeg\ffprobe.EXE -v error -print_format json -show_format -show_streams E:\WorkBuddy\video-transfer-tools\video_pipeline\output\课程\录像31.mp4
2026-09-29 08:32:23,442 [INFO] pipeline.runner: EXIT rc=0 0.1s E:\WorkBuddy\video-transfer-tools\video_pipeline\.tools\ffmpeg\ffprobe.EXE
2026-09-29 08:32:23,457 [INFO] pipeline.runner: RUN E:\WorkBuddy\video-transfer-tools\video_pipeline\.tools\ffmpeg\ffprobe.EXE -v error -print_format json -show_format -show_streams E:\WorkBuddy\video-transfer-tools\video_pipeline\output\课程\录像32.mp4
2026-09-29 08:32:23,533 [INFO] pipeline.runner: EXIT rc=0 0.1s E:\WorkBuddy\video-transfer-tools\video_pipeline\.tools\ffmpeg\ffprobe.EXE
2026-09-29 08:32:23,549 [INFO] pipeline.runner: RUN E:\WorkBuddy\video-transfer-tools\video_pipeline\.tools\ffmpeg\ffprobe.EXE -v error -print_format json -show_format -show_streams E:\WorkBuddy\video-transfer-tools\video_pipeline\output\课程\录像33.mp4
2026-09-29 08:32:23,613 [INFO] pipeline.runner: EXIT rc=0 0.1s E:\WorkBuddy\video-transfer-tools\video_pipeline\.tools\ffmpeg\ffprobe.EXE
2026-09-29 08:32:23,623 [INFO] pipeline.runner: RUN E:\WorkBuddy\video-transfer-tools\video_pipeline\.tools\ffmpeg\ffprobe.EXE -v error -print_format json -show_format -show_streams E:\WorkBuddy\video-transfer-tools\video_pipeline\output\课程\录像34.mp4
2026-09-29 08:32:23,684 [INFO] pipeline.runner: EXIT rc=0 0.0s E:\WorkBuddy\video-transfer-tools\video_pipeline\.tools\ffmpeg\ffprobe.EXE
2026-09-29 08:32:23,702 [INFO] pipeline.runner: RUN E:\WorkBuddy\video-transfer-tools\video_pipeline\.tools\ffmpeg\ffprobe.EXE -v error -print_format json -show_format -show_streams E:\WorkBuddy\video-transfer-tools\video_pipeline\output\课程\录像35.mp4
2026-09-29 08:32:23,761 [INFO] pipeline.runner: EXIT rc=0 0.0s E:\WorkBuddy\video-transfer-tools\video_pipeline\.tools\ffmpeg\ffprobe.EXE
2026-09-29 08:32:23,779 [INFO] pipeline.runner: RUN E:\WorkBuddy\video-transfer-tools\video_pipeline\.tools\ffmpeg\ffprobe.EXE -v error -print_format json -show_format -show_streams E:\WorkBuddy\video-transfer-tools\video_pipeline\output\课程\录像36.mp4
2026-09-29 08:32:23,852 [INFO] pipeline.runner: EXIT rc=0 0.1s E:\WorkBuddy\video-transfer-tools\video_pipeline\.tools\ffmpeg\ffprobe.EXE
2026-09-29 08:32:23,862 [INFO] pipeline.runner: RUN E:\WorkBuddy\video-transfer-tools\video_pipeline\.tools\ffmpeg\ffprobe.EXE -v error -print_format json -show_format -show_streams E:\WorkBuddy\video-transfer-tools\video_pipeline\output\课程\录像37.mp4
2026-09-29 08:32:23,929 [INFO] pipeline.runner: EXIT rc=0 0.0s E:\WorkBuddy\video-transfer-tools\video_pipeline\.tools\ffmpeg\ffprobe.EXE
2026-09-29 13:17:00,681 [INFO] pipeline.runner: RUN E:\WorkBuddy\video-transfer-tools\video_pipeline\.tools\ffmpeg\ffprobe.exe -v error -print_format json -show_format -show_streams E:\WorkBuddy\video-transfer-tools\video_pipeline\output\剧集\S01E04.mp4
2026-09-29 13:17:00,744 [INFO] pipeline.runner: EXIT rc=0 0.1s E:\WorkBuddy\video-transfer-tools\video_pipeline\.tools\ffmpeg\ffprobe.exe
2026-09-29 13:17:00,755 [INFO] pipeline.runner: RUN E:\WorkBuddy\video-transfer-tools\video_pipeline\.tools\ffmpeg\ffprobe.exe -v error -print_format json -show_format -show_streams E:\WorkBuddy\video-transfer-tools\video_pipeline\output\剧集\S01E04_seg30min.mp4
2026-09-29 13:17:00,812 [INFO] pipeline.runner: EXIT rc=0 0.0s E:\WorkBuddy\video-transfer-tools\video_pipeline\.tools\ffmpeg\ffprobe.exe
